FO,GEO,L,Lc,Lext,M,MUL,Rsh_c_n,Rsh_c_p,Rsh_ext_n,Rsh_ext_p,V_dd,V_th,W,a,beta_p_n,eps_cap,eps_semi,k_gate,mD_fac,mu_eff_n,mu_eff_p,rho_c_n,rho_c_p,tox,tsemi,C_load,C_par,C_wire,Edynamic,I_sub,I_tunnel,Ieff,Ioff,Lscale,NM_H,NM_L,Pstatic,R_avg_inv,R_wire,V_IH,V_IL,V_OH,V_OL,V_th_eff,area,config_hash,dVt,delay,delta,eot,n0,noise_margin,ring_oscillator_delay,slope_at_crossing
4.0,2.0,5e-09,2e-08,5e-09,2.0,2.0,50.0,50.0,500.0,500.0,0.1,0.618,5e-09,0.5,1.0,3.9,11.7,25.0,0.5,0.025,0.0125,5e-11,5e-11,1e-09,5e-09,7.19e-17,1.38e-18,4.43e-18,7.77e-09,8.81e-09,4.02e-13,2.29e-08,4.41e-09,1.91e-09,0.0258,0.0151,4.41e-10,4360000.0,80.0,0.0631,0.0307,0.0888,0.0156,0.341,3.5e-16,519756,0.252,0.339,0.252,1.38e-21,2.02,0.0151,0.0,-1.79
4.0,2.0,5e-09,2e-08,5e-09,2.0,1.0,50.0,50.0,500.0,500.0,0.1,0.618,5e-09,0.5,1.0,3.9,11.7,25.0,0.5,0.025,0.0125,5e-11,5e-11,1e-09,5e-09,3.6e-17,6.91e-19,4.43e-18,4.11e-09,4.41e-09,4.02e-13,1.15e-08,2.2e-09,1.91e-09,0.0258,0.0151,2.2e-10,8720000.0,80.0,0.0631,0.0307,0.0888,0.0156,0.341,3.5e-16,519742,0.252,0.358,0.252,1.38e-21,2.02,0.0151,0.0,-1.79
4.0,2.0,5e-09,4e-08,5e-09,2.0,1.0,50.0,50.0,500.0,500.0,0.1,0.618,5e-09,0.5,1.0,3.9,11.7,25.0,0.5,0.025,0.0125,5e-11,5e-11,1e-09,5e-09,3.6e-17,6.91e-19,4.43e-18,4.11e-09,4.38e-09,4.02e-13,1.28e-08,2.19e-09,1.91e-09,0.0275,0.0177,2.19e-10,7830000.0,80.0,0.0638,0.03,0.0912,0.0122,0.341,5.5e-16,519734,0.252,0.322,0.252,1.38e-21,2.02,0.0177,0.0,-1.95
4.0,2.0,5e-09,2e-08,1e-08,2.0,2.0,50.0,50.0,500.0,500.0,0.1,0.618,5e-09,0.5,1.0,3.9,11.7,25.0,0.5,0.025,0.0125,5e-11,5e-11,1e-09,5e-09,6.92e-17,6.91e-19,4.43e-18,7.43e-09,8.81e-09,4.02e-13,2.29e-08,4.41e-09,1.91e-09,0.0258,0.0151,4.41e-10,4360000.0,80.0,0.0631,0.0307,0.0888,0.0156,0.341,4.5e-16,519663,0.252,0.324,0.252,1.38e-21,2.02,0.0151,0.0,-1.79
4.0,2.0,5e-09,2e-08,1e-08,2.0,1.0,50.0,50.0,500.0,500.0,0.1,0.618,5e-09,0.5,1.0,3.9,11.7,25.0,0.5,0.025,0.0125,5e-11,5e-11,1e-09,5e-09,3.46e-17,3.45e-19,4.43e-18,3.94e-09,4.41e-09,4.02e-13,1.15e-08,2.2e-09,1.91e-09,0.0258,0.0151,2.2e-10,8720000.0,80.0,0.0631,0.0307,0.0888,0.0156,0.341,4.5e-16,519752,0.252,0.343,0.252,1.38e-21,2.02,0.0151,0.0,-1.79
4.0,2.0,5e-09,4e-08,1e-08,2.0,1.0,50.0,50.0,500.0,500.0,0.1,0.618,5e-09,0.5,1.0,3.9,11.7,25.0,0.5,0.025,0.0125,5e-11,5e-11,1e-09,5e-09,3.46e-17,3.45e-19,4.43e-18,3.94e-09,4.38e-09,4.02e-13,1.28e-08,2.19e-09,1.91e-09,0.0275,0.0177,2.19e-10,7830000.0,80.0,0.0638,0.03,0.0912,0.0122,0.341,6.5e-16,519691,0.252,0.308,0.252,1.38e-21,2.02,0.0177,0.0,-1.95
4.0,2.0,5e-09,4e-08,2e-08,2.0,1.0,50.0,50.0,500.0,500.0,0.1,0.618,5e-09,0.5,1.0,3.9,11.7,25.0,0.5,0.025,0.0125,5e-11,5e-11,1e-09,5e-09,3.39e-17,1.73e-19,4.43e-18,3.85e-09,4.38e-09,4.02e-13,1.28e-08,2.19e-09,1.91e-09,0.0274,0.0177,2.19e-10,7830000.0,80.0,0.0638,0.03,0.0912,0.0123,0.341,8.5e-16,519703,0.252,0.302,0.252,1.38e-21,2.02,0.0177,0.0,-1.95
4.0,2.0,5e-09,2e-08,2e-08,2.0,1.0,50.0,50.0,500.0,500.0,0.1,0.618,5e-09,0.5,1.0,3.9,11.7,25.0,0.5,0.025,0.0125,5e-11,5e-11,1e-09,5e-09,3.39e-17,1.73e-19,4.43e-18,3.85e-09,4.41e-09,4.02e-13,1.15e-08,2.2e-09,1.91e-09,0.0258,0.015,2.2e-10,8720000.0,80.0,0.0631,0.0307,0.0888,0.0156,0.341,6.5e-16,519694,0.252,0.336,0.252,1.38e-21,2.02,0.015,0.0,-1.79
4.0,2.0,5e-09,1e-08,5e-09,2.0,1.0,50.0,50.0,500.0,500.0,1.2,0.9,5e-09,0.5,1.0,3.9,11.7,25.0,0.5,0.025,0.0125,5e-11,5e-11,2.11e-09,5e-09,1.85e-17,6.91e-19,4.43e-18,2.83e-08,8.26e-08,2.15e-15,3.12e-07,4.13e-08,2.38e-09,0.373,0.348,4.96e-08,3850000.0,80.0,0.666,0.525,1.04,0.177,0.214,2.5e-16,519709,0.312,0.0907,0.312,2.92e-21,2.66,0.348,0.0,-3.23
4.0,2.0,5e-09,1e-08,5e-09,2.0,2.0,50.0,50.0,500.0,500.0,1.2,0.9,5e-09,0.5,1.0,3.9,11.7,25.0,0.5,0.025,0.0125,5e-11,5e-11,2.11e-09,5e-09,3.69e-17,1.38e-18,4.43e-18,5.13e-08,1.65e-07,2.15e-15,6.24e-07,8.26e-08,2.38e-09,0.373,0.348,9.91e-08,1920000.0,80.0,0.666,0.525,1.04,0.177,0.214,2.5e-16,519700,0.312,0.0822,0.312,2.92e-21,2.66,0.348,0.0,-3.23
4.0,2.0,5e-09,1e-08,5e-09,2.0,3.0,50.0,50.0,500.0,500.0,1.2,0.9,5e-09,0.5,1.0,3.9,11.7,25.0,0.5,0.025,0.0125,5e-11,5e-11,2.11e-09,5e-09,5.54e-17,2.07e-18,4.43e-18,7.43e-08,2.48e-07,2.15e-15,9.36e-07,1.24e-07,2.38e-09,0.373,0.348,1.49e-07,1280000.0,80.0,0.666,0.525,1.04,0.177,0.214,2.5e-16,519697,0.312,0.0794,0.312,2.92e-21,2.66,0.348,0.0,-3.23
4.0,2.0,5e-09,2e-08,5e-09,2.0,1.0,50.0,50.0,500.0,500.0,0.645,0.9,5e-09,0.5,1.0,3.9,11.7,3.9,0.5,0.025,0.0125,5e-11,5e-11,1e-09,5e-09,7.94e-18,6.91e-19,4.43e-18,8.42e-09,1.35e-07,1.15e-15,2.99e-07,6.73e-08,3.15e-09,0.152,0.12,4.34e-08,2160000.0,80.0,0.376,0.252,0.528,0.132,0.282,3.5e-16,519717,0.376,0.0281,0.376,8.85e-21,4.02,0.12,0.0,-2.39
4.0,2.0,5e-09,4e-08,5e-09,2.0,1.0,50.0,50.0,500.0,500.0,0.645,0.9,5e-09,0.5,1.0,3.9,11.7,3.9,0.5,0.025,0.0125,5e-11,5e-11,1e-09,5e-09,7.94e-18,6.91e-19,4.43e-18,8.42e-09,1.52e-07,1.15e-15,5.21e-07,7.6e-08,3.15e-09,0.187,0.158,4.9e-08,1240000.0,80.0,0.392,0.233,0.579,0.0749,0.282,5.5e-16,519764,0.376,0.0162,0.376,8.85e-21,4.02,0.158,0.0,-2.56
4.0,2.0,5e-09,2e-08,5e-09,2.0,3.0,50.0,50.0,500.0,500.0,0.645,0.9,5e-09,0.5,1.0,3.9,11.7,3.9,0.5,0.025,0.0125,5e-11,5e-11,1e-09,5e-09,2.38e-17,2.07e-18,4.43e-18,1.96e-08,4.04e-07,1.15e-15,8.97e-07,2.02e-07,3.15e-09,0.152,0.12,1.3e-07,718000.0,80.0,0.376,0.252,0.528,0.132,0.282,3.5e-16,519684,0.376,0.0218,0.376,8.85e-21,4.02,0.12,0.0,-2.39
4.0,2.0,5e-09,2e-08,5e-09,2.0,2.0,50.0,50.0,500.0,500.0,0.645,0.9,5e-09,0.5,1.0,3.9,11.7,3.9,0.5,0.025,0.0125,5e-11,5e-11,1e-09,5e-09,1.59e-17,1.38e-18,4.43e-18,1.4e-08,2.69e-07,1.15e-15,5.98e-07,1.35e-07,3.15e-09,0.152,0.12,8.68e-08,1080000.0,80.0,0.376,0.252,0.528,0.132,0.282,3.5e-16,519686,0.376,0.0234,0.376,8.85e-21,4.02,0.12,0.0,-2.39
4.0,2.0,5e-09,2e-08,1e-08,2.0,3.0,50.0,50.0,500.0,500.0,0.645,0.9,5e-09,0.5,1.0,3.9,11.7,3.9,0.5,0.025,0.0125,5e-11,5e-11,1e-09,5e-09,1.97e-17,1.04e-18,4.43e-18,1.62e-08,4.04e-07,1.15e-15,8.97e-07,2.02e-07,3.15e-09,0.152,0.119,1.3e-07,719000.0,80.0,0.376,0.252,0.528,0.132,0.282,4.5e-16,519723,0.376,0.0181,0.376,8.85e-21,4.02,0.119,0.0,-2.39
4.0,2.0,5e-09,4e-08,5e-09,2.0,3.0,50.0,50.0,500.0,500.0,0.645,0.9,5e-09,0.5,1.0,3.9,11.7,3.9,0.5,0.025,0.0125,5e-11,5e-11,1e-09,5e-09,2.38e-17,2.07e-18,4.43e-18,1.96e-08,4.56e-07,1.15e-15,1.56e-06,2.28e-07,3.15e-09,0.187,0.158,1.47e-07,413000.0,80.0,0.392,0.233,0.579,0.0749,0.282,5.5e-16,519748,0.376,0.0125,0.376,8.85e-21,4.02,0.158,0.0,-2.56
4.0,2.0,5e-09,4e-08,5e-09,2.0,2.0,50.0,50.0,500.0,500.0,0.645,0.9,5e-09,0.5,1.0,3.9,11.7,3.9,0.5,0.025,0.0125,5e-11,5e-11,1e-09,5e-09,1.59e-17,1.38e-18,4.43e-18,1.4e-08,3.04e-07,1.15e-15,1.04e-06,1.52e-07,3.15e-09,0.187,0.158,9.8e-08,619000.0,80.0,0.392,0.233,0.579,0.0749,0.282,5.5e-16,519757,0.376,0.0134,0.376,8.85e-21,4.02,0.158,0.0,-2.56
4.0,2.0,5e-09,4e-08,1e-08,2.0,2.0,50.0,50.0,500.0,500.0,0.645,0.9,5e-09,0.5,1.0,3.9,11.7,3.9,0.5,0.025,0.0125,5e-11,5e-11,1e-09,5e-09,1.31e-17,6.91e-19,4.43e-18,1.18e-08,3.04e-07,1.15e-15,1.04e-06,1.52e-07,3.15e-09,0.187,0.158,9.79e-08,620000.0,80.0,0.392,0.233,0.579,0.075,0.282,6.5e-16,519738,0.376,0.0113,0.376,8.85e-21,4.02,0.158,0.0,-2.55
4.0,2.0,5e-09,2e-08,1e-08,2.0,1.0,50.0,50.0,500.0,500.0,0.645,0.9,5e-09,0.5,1.0,3.9,11.7,3.9,0.5,0.025,0.0125,5e-11,5e-11,1e-09,5e-09,6.56e-18,3.45e-19,4.43e-18,7.31e-09,1.35e-07,1.15e-15,2.99e-07,6.73e-08,3.15e-09,0.152,0.119,4.34e-08,2160000.0,80.0,0.376,0.252,0.528,0.132,0.282,4.5e-16,519722,0.376,0.0244,0.376,8.85e-21,4.02,0.119,0.0,-2.39
4.0,2.0,5e-09,4e-08,1e-08,2.0,1.0,50.0,50.0,500.0,500.0,0.645,0.9,5e-09,0.5,1.0,3.9,11.7,3.9,0.5,0.025,0.0125,5e-11,5e-11,1e-09,5e-09,6.56e-18,3.45e-19,4.43e-18,7.31e-09,1.52e-07,1.15e-15,5.2e-07,7.6e-08,3.15e-09,0.187,0.158,4.9e-08,1240000.0,80.0,0.392,0.233,0.579,0.075,0.282,6.5e-16,519668,0.376,0.0141,0.376,8.85e-21,4.02,0.158,0.0,-2.55
4.0,2.0,5e-09,4e-08,1e-08,2.0,3.0,50.0,50.0,500.0,500.0,0.645,0.9,5e-09,0.5,1.0,3.9,11.7,3.9,0.5,0.025,0.0125,5e-11,5e-11,1e-09,5e-09,1.97e-17,1.04e-18,4.43e-18,1.62e-08,4.56e-07,1.15e-15,1.56e-06,2.28e-07,3.15e-09,0.187,0.158,1.47e-07,413000.0,80.0,0.392,0.233,0.579,0.075,0.282,6.5e-16,519674,0.376,0.0104,0.376,8.85e-21,4.02,0.158,0.0,-2.55
4.0,2.0,5e-09,4e-08,2e-08,2.0,2.0,50.0,50.0,500.0,500.0,0.645,0.9,5e-09,0.5,1.0,3.9,11.7,3.9,0.5,0.025,0.0125,5e-11,5e-11,1e-09,5e-09,1.17e-17,3.45e-19,4.43e-18,1.06e-08,3.04e-07,1.15e-15,1.04e-06,1.52e-07,3.15e-09,0.187,0.158,9.79e-08,622000.0,80.0,0.392,0.233,0.579,0.0753,0.282,8.5e-16,519670,0.376,0.0103,0.376,8.85e-21,4.02,0.158,0.0,-2.55
4.0,2.0,5e-09,4e-08,2e-08,2.0,1.0,50.0,50.0,500.0,500.0,0.645,0.9,5e-09,0.5,1.0,3.9,11.7,3.9,0.5,0.025,0.0125,5e-11,5e-11,1e-09,5e-09,5.87e-18,1.73e-19,4.43e-18,6.75e-09,1.52e-07,1.15e-15,5.18e-07,7.59e-08,3.15e-09,0.187,0.158,4.89e-08,1240000.0,80.0,0.392,0.233,0.579,0.0753,0.282,8.5e-16,519728,0.376,0.013,0.376,8.85e-21,4.02,0.158,0.0,-2.55
4.0,2.0,5e-09,4e-08,2e-08,2.0,3.0,50.0,50.0,500.0,500.0,0.645,0.9,5e-09,0.5,1.0,3.9,11.7,3.9,0.5,0.025,0.0125,5e-11,5e-11,1e-09,5e-09,1.76e-17,5.18e-19,4.43e-18,1.45e-08,4.55e-07,1.15e-15,1.55e-06,2.28e-07,3.15e-09,0.187,0.158,1.47e-07,415000.0,80.0,0.392,0.233,0.579,0.0753,0.282,8.5e-16,519730,0.376,0.00936,0.376,8.85e-21,4.02,0.158,0.0,-2.55
4.0,2.0,5e-09,2e-08,1e-08,2.0,2.0,50.0,50.0,500.0,500.0,0.645,0.9,5e-09,0.5,1.0,3.9,11.7,3.9,0.5,0.025,0.0125,5e-11,5e-11,1e-09,5e-09,1.31e-17,6.91e-19,4.43e-18,1.18e-08,2.69e-07,1.15e-15,5.98e-07,1.35e-07,3.15e-09,0.152,0.119,8.68e-08,1080000.0,80.0,0.376,0.252,0.528,0.132,0.282,4.5e-16,519708,0.376,0.0197,0.376,8.85e-21,4.02,0.119,0.0,-2.39
4.0,2.0,5e-09,2e-08,5e-09,2.0,1.0,50.0,50.0,500.0,500.0,0.645,0.9,5e-09,0.5,1.0,3.9,11.7,25.0,0.5,0.025,0.0125,5e-11,5e-11,1e-09,5e-09,3.6e-17,6.91e-19,4.43e-18,2.65e-08,2.37e-10,7.8e-37,1.57e-07,1.19e-10,1.91e-09,0.237,0.231,7.64e-11,4100000.0,80.0,0.408,0.231,0.645,0.000247,0.485,3.5e-16,519738,0.252,0.168,0.252,1.38e-21,2.02,0.231,0.0,-3.95
4.0,2.0,5e-09,1e-08,5e-09,2.0,3.0,50.0,50.0,500.0,500.0,0.645,0.9,5e-09,0.5,1.0,3.9,11.7,25.0,0.5,0.025,0.0125,5e-11,5e-11,1e-09,5e-09,1.08e-16,2.07e-18,4.43e-18,7.38e-08,7.12e-10,7.8e-37,2.77e-07,3.56e-10,1.91e-09,0.238,0.231,2.29e-10,2320000.0,80.0,0.407,0.232,0.644,0.000489,0.485,2.5e-16,519757,0.252,0.266,0.252,1.38e-21,2.02,0.231,0.0,-3.94
4.0,2.0,5e-09,4e-08,5e-09,2.0,1.0,50.0,50.0,500.0,500.0,0.645,0.9,5e-09,0.5,1.0,3.9,11.7,25.0,0.5,0.025,0.0125,5e-11,5e-11,1e-09,5e-09,3.6e-17,6.91e-19,4.43e-18,2.65e-08,2.37e-10,7.8e-37,2.57e-07,1.18e-10,1.91e-09,0.236,0.23,7.64e-11,2510000.0,80.0,0.408,0.231,0.645,0.000125,0.485,5.5e-16,519722,0.252,0.103,0.252,1.38e-21,2.02,0.23,0.0,-3.95
4.0,2.0,5e-09,2e-08,5e-09,2.0,3.0,50.0,50.0,500.0,500.0,0.645,0.9,5e-09,0.5,1.0,3.9,11.7,25.0,0.5,0.025,0.0125,5e-11,5e-11,1e-09,5e-09,1.08e-16,2.07e-18,4.43e-18,7.38e-08,7.11e-10,7.8e-37,4.72e-07,3.56e-10,1.91e-09,0.237,0.231,2.29e-10,1370000.0,80.0,0.408,0.231,0.645,0.000247,0.485,3.5e-16,519695,0.252,0.156,0.252,1.38e-21,2.02,0.231,0.0,-3.95
4.0,2.0,5e-09,2e-08,5e-09,2.0,2.0,50.0,50.0,500.0,500.0,0.645,0.9,5e-09,0.5,1.0,3.9,11.7,25.0,0.5,0.025,0.0125,5e-11,5e-11,1e-09,5e-09,7.19e-17,1.38e-18,4.43e-18,5.01e-08,4.74e-10,7.8e-37,3.15e-07,2.37e-10,1.91e-09,0.237,0.231,1.53e-10,2050000.0,80.0,0.408,0.231,0.645,0.000247,0.485,3.5e-16,519701,0.252,0.159,0.252,1.38e-21,2.02,0.231,0.0,-3.95
4.0,2.0,5e-09,4e-08,5e-09,2.0,2.0,50.0,50.0,500.0,500.0,0.645,0.9,5e-09,0.5,1.0,3.9,11.7,25.0,0.5,0.025,0.0125,5e-11,5e-11,1e-09,5e-09,7.19e-17,1.38e-18,4.43e-18,5.01e-08,4.74e-10,7.8e-37,5.14e-07,2.37e-10,1.91e-09,0.236,0.23,1.53e-10,1250000.0,80.0,0.408,0.231,0.645,0.000125,0.485,5.5e-16,519681,0.252,0.0974,0.252,1.38e-21,2.02,0.23,0.0,-3.95
4.0,2.0,5e-09,4e-08,5e-09,2.0,3.0,50.0,50.0,500.0,500.0,0.645,0.9,5e-09,0.5,1.0,3.9,11.7,25.0,0.5,0.025,0.0125,5e-11,5e-11,1e-09,5e-09,1.08e-16,2.07e-18,4.43e-18,7.38e-08,7.11e-10,7.8e-37,7.72e-07,3.55e-10,1.91e-09,0.236,0.23,2.29e-10,836000.0,80.0,0.408,0.231,0.645,0.000125,0.485,5.5e-16,519659,0.252,0.0956,0.252,1.38e-21,2.02,0.23,0.0,-3.95
4.0,2.0,5e-09,1e-08,5e-09,2.0,1.0,50.0,50.0,500.0,500.0,0.645,0.9,5e-09,0.5,1.0,3.9,11.7,25.0,0.5,0.025,0.0125,5e-11,5e-11,1e-09,5e-09,3.6e-17,6.91e-19,4.43e-18,2.65e-08,2.37e-10,7.8e-37,9.25e-08,1.19e-10,1.91e-09,0.238,0.231,7.65e-11,6970000.0,80.0,0.407,0.232,0.644,0.000489,0.485,2.5e-16,519748,0.252,0.286,0.252,1.38e-21,2.02,0.231,0.0,-3.94
4.0,2.0,5e-09,1e-08,5e-09,2.0,2.0,50.0,50.0,500.0,500.0,0.645,0.9,5e-09,0.5,1.0,3.9,11.7,25.0,0.5,0.025,0.0125,5e-11,5e-11,1e-09,5e-09,7.19e-17,1.38e-18,4.43e-18,5.01e-08,4.75e-10,7.8e-37,1.85e-07,2.37e-10,1.91e-09,0.238,0.231,1.53e-10,3490000.0,80.0,0.407,0.232,0.644,0.000489,0.485,2.5e-16,519733,0.252,0.271,0.252,1.38e-21,2.02,0.231,0.0,-3.94
4.0,2.0,5e-09,1e-08,1e-08,2.0,1.0,50.0,50.0,500.0,500.0,0.645,0.9,5e-09,0.5,1.0,3.9,11.7,25.0,0.5,0.025,0.0125,5e-11,5e-11,1e-09,5e-09,3.46e-17,3.45e-19,4.43e-18,2.54e-08,2.37e-10,7.8e-37,9.24e-08,1.19e-10,1.91e-09,0.238,0.231,7.65e-11,6970000.0,80.0,0.407,0.232,0.644,0.00049,0.485,3.5e-16,519756,0.252,0.274,0.252,1.38e-21,2.02,0.231,0.0,-3.94
4.0,2.0,5e-09,2e-08,1e-08,2.0,1.0,50.0,50.0,500.0,500.0,0.645,0.9,5e-09,0.5,1.0,3.9,11.7,25.0,0.5,0.025,0.0125,5e-11,5e-11,1e-09,5e-09,3.46e-17,3.45e-19,4.43e-18,2.54e-08,2.37e-10,7.8e-37,1.57e-07,1.19e-10,1.91e-09,0.237,0.231,7.64e-11,4100000.0,80.0,0.408,0.231,0.645,0.000247,0.485,4.5e-16,519703,0.252,0.161,0.252,1.38e-21,2.02,0.231,0.0,-3.95
4.0,2.0,5e-09,2e-08,1e-08,2.0,3.0,50.0,50.0,500.0,500.0,0.645,0.9,5e-09,0.5,1.0,3.9,11.7,25.0,0.5,0.025,0.0125,5e-11,5e-11,1e-09,5e-09,1.04e-16,1.04e-18,4.43e-18,7.04e-08,7.11e-10,7.8e-37,4.72e-07,3.56e-10,1.91e-09,0.237,0.231,2.29e-10,1370000.0,80.0,0.408,0.231,0.645,0.000247,0.485,4.5e-16,519658,0.252,0.149,0.252,1.38e-21,2.02,0.231,0.0,-3.95
4.0,2.0,5e-09,2e-08,1e-08,2.0,2.0,50.0,50.0,500.0,500.0,0.645,0.9,5e-09,0.5,1.0,3.9,11.7,25.0,0.5,0.025,0.0125,5e-11,5e-11,1e-09,5e-09,6.92e-17,6.91e-19,4.43e-18,4.79e-08,4.74e-10,7.8e-37,3.15e-07,2.37e-10,1.91e-09,0.237,0.231,1.53e-10,2050000.0,80.0,0.408,0.231,0.645,0.000247,0.485,4.5e-16,519726,0.252,0.152,0.252,1.38e-21,2.02,0.231,0.0,-3.95
4.0,2.0,5e-09,4e-08,2e-08,2.0,3.0,50.0,50.0,500.0,500.0,0.645,0.9,5e-09,0.5,1.0,3.9,11.7,25.0,0.5,0.025,0.0125,5e-11,5e-11,1e-09,5e-09,1.02e-16,5.18e-19,4.43e-18,6.87e-08,7.11e-10,7.8e-37,7.68e-07,3.55e-10,1.91e-09,0.236,0.23,2.29e-10,839000.0,80.0,0.408,0.231,0.645,0.000126,0.485,8.5e-16,519692,0.252,0.0895,0.252,1.38e-21,2.02,0.23,0.0,-3.95
4.0,2.0,5e-09,4e-08,2e-08,2.0,1.0,50.0,50.0,500.0,500.0,0.645,0.9,5e-09,0.5,1.0,3.9,11.7,25.0,0.5,0.025,0.0125,5e-11,5e-11,1e-09,5e-09,3.39e-17,1.73e-19,4.43e-18,2.48e-08,2.37e-10,7.8e-37,2.56e-07,1.18e-10,1.91e-09,0.236,0.23,7.64e-11,2520000.0,80.0,0.408,0.231,0.645,0.000126,0.485,8.5e-16,519661,0.252,0.0969,0.252,1.38e-21,2.02,0.23,0.0,-3.95
4.0,2.0,5e-09,4e-08,1e-08,2.0,1.0,50.0,50.0,500.0,500.0,0.645,0.9,5e-09,0.5,1.0,3.9,11.7,25.0,0.5,0.025,0.0125,5e-11,5e-11,1e-09,5e-09,3.46e-17,3.45e-19,4.43e-18,2.54e-08,2.37e-10,7.8e-37,2.57e-07,1.18e-10,1.91e-09,0.236,0.23,7.64e-11,2510000.0,80.0,0.408,0.231,0.645,0.000126,0.485,6.5e-16,519668,0.252,0.0988,0.252,1.38e-21,2.02,0.23,0.0,-3.95
4.0,2.0,5e-09,4e-08,2e-08,2.0,2.0,50.0,50.0,500.0,500.0,0.645,0.9,5e-09,0.5,1.0,3.9,11.7,25.0,0.5,0.025,0.0125,5e-11,5e-11,1e-09,5e-09,6.78e-17,3.45e-19,4.43e-18,4.68e-08,4.74e-10,7.8e-37,5.12e-07,2.37e-10,1.91e-09,0.236,0.23,1.53e-10,1260000.0,80.0,0.408,0.231,0.645,0.000126,0.485,8.5e-16,519662,0.252,0.0913,0.252,1.38e-21,2.02,0.23,0.0,-3.95
4.0,2.0,5e-09,4e-08,1e-08,2.0,3.0,50.0,50.0,500.0,500.0,0.645,0.9,5e-09,0.5,1.0,3.9,11.7,25.0,0.5,0.025,0.0125,5e-11,5e-11,1e-09,5e-09,1.04e-16,1.04e-18,4.43e-18,7.04e-08,7.11e-10,7.8e-37,7.71e-07,3.55e-10,1.91e-09,0.236,0.23,2.29e-10,837000.0,80.0,0.408,0.231,0.645,0.000126,0.485,6.5e-16,519693,0.252,0.0914,0.252,1.38e-21,2.02,0.23,0.0,-3.95
4.0,2.0,5e-09,4e-08,1e-08,2.0,2.0,50.0,50.0,500.0,500.0,0.645,0.9,5e-09,0.5,1.0,3.9,11.7,25.0,0.5,0.025,0.0125,5e-11,5e-11,1e-09,5e-09,6.92e-17,6.91e-19,4.43e-18,4.79e-08,4.74e-10,7.8e-37,5.14e-07,2.37e-10,1.91e-09,0.236,0.23,1.53e-10,1260000.0,80.0,0.408,0.231,0.645,0.000126,0.485,6.5e-16,519749,0.252,0.0932,0.252,1.38e-21,2.02,0.23,0.0,-3.95
4.0,2.0,5e-09,2e-08,2e-08,2.0,1.0,50.0,50.0,500.0,500.0,0.645,0.9,5e-09,0.5,1.0,3.9,11.7,25.0,0.5,0.025,0.0125,5e-11,5e-11,1e-09,5e-09,3.39e-17,1.73e-19,4.43e-18,2.48e-08,2.37e-10,7.8e-37,1.57e-07,1.19e-10,1.91e-09,0.237,0.231,7.64e-11,4100000.0,80.0,0.408,0.231,0.645,0.000247,0.485,6.5e-16,519735,0.252,0.158,0.252,1.38e-21,2.02,0.231,0.0,-3.95
4.0,2.0,5e-09,1e-08,5e-09,2.0,1.0,50.0,50.0,500.0,500.0,0.645,0.9,5e-09,0.5,1.0,3.9,11.7,25.0,0.5,0.025,0.0125,5e-11,5e-11,2.11e-09,5e-09,1.85e-17,6.91e-19,4.43e-18,1.52e-08,9.73e-09,1.33e-53,1.28e-07,4.86e-09,2.38e-09,0.227,0.216,3.14e-09,5030000.0,80.0,0.401,0.235,0.628,0.0191,0.387,2.5e-16,519679,0.312,0.119,0.312,2.92e-21,2.66,0.216,0.0,-3.15
4.0,2.0,5e-09,1e-08,5e-09,2.0,2.0,50.0,50.0,500.0,500.0,0.645,0.9,5e-09,0.5,1.0,3.9,11.7,25.0,0.5,0.025,0.0125,5e-11,5e-11,2.11e-09,5e-09,3.69e-17,1.38e-18,4.43e-18,2.76e-08,1.95e-08,1.33e-53,2.56e-07,9.73e-09,2.38e-09,0.227,0.216,6.27e-09,2520000.0,80.0,0.401,0.235,0.628,0.0191,0.387,2.5e-16,519719,0.312,0.108,0.312,2.92e-21,2.66,0.216,0.0,-3.15
4.0,2.0,5e-09,2e-08,5e-09,2.0,1.0,50.0,50.0,500.0,500.0,0.645,0.9,5e-09,0.5,1.0,3.9,11.7,25.0,0.5,0.025,0.0125,5e-11,5e-11,2.11e-09,5e-09,1.85e-17,6.91e-19,4.43e-18,1.52e-08,9.72e-09,1.33e-53,2.33e-07,4.86e-09,2.38e-09,0.228,0.218,3.13e-09,2770000.0,80.0,0.408,0.228,0.636,0.00979,0.387,3.5e-16,519685,0.312,0.0653,0.312,2.92e-21,2.66,0.218,0.0,-3.17
4.0,2.0,5e-09,4e-08,5e-09,2.0,1.0,50.0,50.0,500.0,500.0,0.645,0.9,5e-09,0.5,1.0,3.9,11.7,25.0,0.5,0.025,0.0125,5e-11,5e-11,2.11e-09,5e-09,1.85e-17,6.91e-19,4.43e-18,1.52e-08,9.68e-09,1.33e-53,4.11e-07,4.84e-09,2.38e-09,0.226,0.217,3.12e-09,1570000.0,80.0,0.414,0.222,0.64,0.00501,0.387,5.5e-16,519718,0.312,0.037,0.312,2.92e-21,2.66,0.217,0.0,-3.18
4.0,2.0,5e-09,1e-08,5e-09,2.0,3.0,50.0,50.0,500.0,500.0,0.645,0.9,5e-09,0.5,1.0,3.9,11.7,25.0,0.5,0.025,0.0125,5e-11,5e-11,2.11e-09,5e-09,5.54e-17,2.07e-18,4.43e-18,3.99e-08,2.92e-08,1.33e-53,3.84e-07,1.46e-08,2.38e-09,0.227,0.216,9.41e-09,1680000.0,80.0,0.401,0.235,0.628,0.0191,0.387,2.5e-16,519744,0.312,0.104,0.312,2.92e-21,2.66,0.216,0.0,-3.15
4.0,2.0,5e-09,1e-08,1e-08,2.0,1.0,50.0,50.0,500.0,500.0,0.645,0.9,5e-09,0.5,1.0,3.9,11.7,25.0,0.5,0.025,0.0125,5e-11,5e-11,2.11e-09,5e-09,1.71e-17,3.45e-19,4.43e-18,1.41e-08,9.73e-09,1.33e-53,1.28e-07,4.86e-09,2.38e-09,0.227,0.216,3.14e-09,5030000.0,80.0,0.401,0.235,0.628,0.0192,0.387,3.5e-16,519698,0.312,0.11,0.312,2.92e-21,2.66,0.216,0.0,-3.15
4.0,2.0,5e-09,2e-08,5e-09,2.0,2.0,50.0,50.0,500.0,500.0,0.645,0.9,5e-09,0.5,1.0,3.9,11.7,25.0,0.5,0.025,0.0125,5e-11,5e-11,2.11e-09,5e-09,3.69e-17,1.38e-18,4.43e-18,2.76e-08,1.94e-08,1.33e-53,4.66e-07,9.72e-09,2.38e-09,0.228,0.218,6.27e-09,1380000.0,80.0,0.408,0.228,0.636,0.00979,0.387,3.5e-16,519682,0.312,0.0592,0.312,2.92e-21,2.66,0.218,0.0,-3.17
4.0,2.0,5e-09,2e-08,5e-09,2.0,3.0,50.0,50.0,500.0,500.0,0.645,0.9,5e-09,0.5,1.0,3.9,11.7,25.0,0.5,0.025,0.0125,5e-11,5e-11,2.11e-09,5e-09,5.54e-17,2.07e-18,4.43e-18,3.99e-08,2.92e-08,1.33e-53,6.99e-07,1.46e-08,2.38e-09,0.228,0.218,9.4e-09,923000.0,80.0,0.408,0.228,0.636,0.00979,0.387,3.5e-16,519750,0.312,0.0571,0.312,2.92e-21,2.66,0.218,0.0,-3.17
4.0,2.0,5e-09,2e-08,1e-08,2.0,1.0,50.0,50.0,500.0,500.0,0.645,0.9,5e-09,0.5,1.0,3.9,11.7,25.0,0.5,0.025,0.0125,5e-11,5e-11,2.11e-09,5e-09,1.71e-17,3.45e-19,4.43e-18,1.41e-08,9.72e-09,1.33e-53,2.33e-07,4.86e-09,2.38e-09,0.228,0.218,3.13e-09,2770000.0,80.0,0.408,0.228,0.636,0.0098,0.387,4.5e-16,519663,0.312,0.0606,0.312,2.92e-21,2.66,0.218,0.0,-3.17
4.0,2.0,5e-09,2e-08,1e-08,2.0,3.0,50.0,50.0,500.0,500.0,0.645,0.9,5e-09,0.5,1.0,3.9,11.7,25.0,0.5,0.025,0.0125,5e-11,5e-11,2.11e-09,5e-09,5.12e-17,1.04e-18,4.43e-18,3.66e-08,2.92e-08,1.33e-53,6.98e-07,1.46e-08,2.38e-09,0.228,0.218,9.4e-09,924000.0,80.0,0.408,0.228,0.636,0.0098,0.387,4.5e-16,519707,0.312,0.0524,0.312,2.92e-21,2.66,0.218,0.0,-3.17
4.0,2.0,5e-09,2e-08,1e-08,2.0,2.0,50.0,50.0,500.0,500.0,0.645,0.9,5e-09,0.5,1.0,3.9,11.7,25.0,0.5,0.025,0.0125,5e-11,5e-11,2.11e-09,5e-09,3.42e-17,6.91e-19,4.43e-18,2.53e-08,1.94e-08,1.33e-53,4.65e-07,9.72e-09,2.38e-09,0.228,0.218,6.27e-09,1390000.0,80.0,0.408,0.228,0.636,0.0098,0.387,4.5e-16,519754,0.312,0.0544,0.312,2.92e-21,2.66,0.218,0.0,-3.17
4.0,2.0,5e-09,4e-08,1e-08,2.0,1.0,50.0,50.0,500.0,500.0,0.645,0.9,5e-09,0.5,1.0,3.9,11.7,25.0,0.5,0.025,0.0125,5e-11,5e-11,2.11e-09,5e-09,1.71e-17,3.45e-19,4.43e-18,1.41e-08,9.68e-09,1.33e-53,4.11e-07,4.84e-09,2.38e-09,0.226,0.217,3.12e-09,1570000.0,80.0,0.414,0.222,0.64,0.00502,0.387,6.5e-16,519732,0.312,0.0343,0.312,2.92e-21,2.66,0.217,0.0,-3.18
4.0,2.0,5e-09,2e-08,2e-08,2.0,1.0,50.0,50.0,500.0,500.0,0.645,0.9,5e-09,0.5,1.0,3.9,11.7,25.0,0.5,0.025,0.0125,5e-11,5e-11,2.11e-09,5e-09,1.64e-17,1.73e-19,4.43e-18,1.35e-08,9.72e-09,1.33e-53,2.32e-07,4.86e-09,2.38e-09,0.228,0.218,3.13e-09,2780000.0,80.0,0.408,0.228,0.636,0.00982,0.387,6.5e-16,519683,0.312,0.0583,0.312,2.92e-21,2.66,0.218,0.0,-3.17
4.0,2.0,5e-09,4e-08,2e-08,2.0,1.0,50.0,50.0,500.0,500.0,0.645,0.9,5e-09,0.5,1.0,3.9,11.7,25.0,0.5,0.025,0.0125,5e-11,5e-11,2.11e-09,5e-09,1.64e-17,1.73e-19,4.43e-18,1.35e-08,9.68e-09,1.33e-53,4.09e-07,4.84e-09,2.38e-09,0.226,0.217,3.12e-09,1580000.0,80.0,0.414,0.222,0.64,0.00504,0.387,8.5e-16,519743,0.312,0.0331,0.312,2.92e-21,2.66,0.217,0.0,-3.18
4.0,2.0,5e-09,1e-08,2e-08,2.0,1.0,50.0,50.0,500.0,500.0,0.645,0.9,5e-09,0.5,1.0,3.9,11.7,25.0,0.5,0.025,0.0125,5e-11,5e-11,2.11e-09,5e-09,1.64e-17,1.73e-19,4.43e-18,1.35e-08,9.73e-09,1.33e-53,1.28e-07,4.86e-09,2.38e-09,0.227,0.216,3.14e-09,5040000.0,80.0,0.401,0.235,0.628,0.0192,0.387,5.5e-16,519675,0.312,0.106,0.312,2.92e-21,2.66,0.216,0.0,-3.15
4.0,2.0,5e-09,1e-08,5e-09,2.0,1.0,50.0,50.0,500.0,500.0,0.186,0.618,5e-09,0.5,1.0,3.9,11.7,25.0,0.5,0.025,0.0125,5e-11,5e-11,1e-09,5e-09,3.6e-17,6.91e-19,4.43e-18,7.65e-09,6.45e-09,3.81e-33,2.69e-08,3.22e-09,1.91e-09,0.0557,0.0472,6e-10,6910000.0,80.0,0.117,0.0627,0.173,0.0156,0.319,2.5e-16,519727,0.252,0.284,0.252,1.38e-21,2.02,0.0472,0.0,-2.77
4.0,2.0,5e-09,2e-08,5e-09,2.0,1.0,50.0,50.0,500.0,500.0,0.186,0.618,5e-09,0.5,1.0,3.9,11.7,25.0,0.5,0.025,0.0125,5e-11,5e-11,1e-09,5e-09,3.6e-17,6.91e-19,4.43e-18,7.65e-09,6.38e-09,3.81e-33,3.87e-08,3.19e-09,1.91e-09,0.0603,0.0526,5.94e-10,4800000.0,80.0,0.118,0.0613,0.179,0.00876,0.319,3.5e-16,519711,0.252,0.197,0.252,1.38e-21,2.02,0.0526,0.0,-3.1
4.0,2.0,5e-09,4e-08,2e-08,2.0,1.0,50.0,50.0,500.0,500.0,0.186,0.618,5e-09,0.5,1.0,3.9,11.7,25.0,0.5,0.025,0.0125,5e-11,5e-11,1e-09,5e-09,3.39e-17,1.73e-19,4.43e-18,7.16e-09,6.34e-09,3.81e-33,5.06e-08,3.17e-09,1.91e-09,0.0625,0.0552,5.9e-10,3680000.0,80.0,0.119,0.0606,0.182,0.00545,0.319,8.5e-16,519701,0.252,0.142,0.252,1.38e-21,2.02,0.0552,0.0,-3.25
4.0,2.0,5e-09,1e-08,1e-08,2.0,1.0,50.0,50.0,500.0,500.0,0.186,0.618,5e-09,0.5,1.0,3.9,11.7,25.0,0.5,0.025,0.0125,5e-11,5e-11,1e-09,5e-09,3.46e-17,3.45e-19,4.43e-18,7.32e-09,6.45e-09,3.81e-33,2.69e-08,3.22e-09,1.91e-09,0.0557,0.0472,6e-10,6910000.0,80.0,0.117,0.0627,0.173,0.0156,0.319,3.5e-16,519718,0.252,0.272,0.252,1.38e-21,2.02,0.0472,0.0,-2.77
4.0,2.0,5e-09,4e-08,5e-09,2.0,1.0,50.0,50.0,500.0,500.0,0.186,0.618,5e-09,0.5,1.0,3.9,11.7,25.0,0.5,0.025,0.0125,5e-11,5e-11,1e-09,5e-09,3.6e-17,6.91e-19,4.43e-18,7.65e-09,6.34e-09,3.81e-33,5.07e-08,3.17e-09,1.91e-09,0.0625,0.0552,5.9e-10,3670000.0,80.0,0.119,0.0606,0.182,0.00543,0.319,5.5e-16,519683,0.252,0.151,0.252,1.38e-21,2.02,0.0552,0.0,-3.25
4.0,2.0,5e-09,4e-08,1e-08,2.0,1.0,50.0,50.0,500.0,500.0,0.186,0.618,5e-09,0.5,1.0,3.9,11.7,25.0,0.5,0.025,0.0125,5e-11,5e-11,1e-09,5e-09,3.46e-17,3.45e-19,4.43e-18,7.32e-09,6.34e-09,3.81e-33,5.07e-08,3.17e-09,1.91e-09,0.0625,0.0552,5.9e-10,3670000.0,80.0,0.119,0.0606,0.182,0.00544,0.319,6.5e-16,519709,0.252,0.145,0.252,1.38e-21,2.02,0.0552,0.0,-3.25
4.0,2.0,5e-09,2e-08,1e-08,2.0,1.0,50.0,50.0,500.0,500.0,0.186,0.618,5e-09,0.5,1.0,3.9,11.7,25.0,0.5,0.025,0.0125,5e-11,5e-11,1e-09,5e-09,3.46e-17,3.45e-19,4.43e-18,7.32e-09,6.38e-09,3.81e-33,3.87e-08,3.19e-09,1.91e-09,0.0603,0.0526,5.94e-10,4810000.0,80.0,0.118,0.0613,0.179,0.00877,0.319,4.5e-16,519750,0.252,0.189,0.252,1.38e-21,2.02,0.0526,0.0,-3.1
4.0,2.0,5e-09,2e-08,2e-08,2.0,1.0,50.0,50.0,500.0,500.0,0.186,0.618,5e-09,0.5,1.0,3.9,11.7,25.0,0.5,0.025,0.0125,5e-11,5e-11,1e-09,5e-09,3.39e-17,1.73e-19,4.43e-18,7.16e-09,6.38e-09,3.81e-33,3.87e-08,3.19e-09,1.91e-09,0.0603,0.0526,5.94e-10,4810000.0,80.0,0.118,0.0613,0.179,0.00878,0.319,6.5e-16,519689,0.252,0.185,0.252,1.38e-21,2.02,0.0526,0.0,-3.1
4.0,2.0,5e-09,4e-08,5e-09,2.0,3.0,50.0,50.0,500.0,500.0,0.186,0.9,5e-09,0.5,1.0,3.9,11.7,3.9,0.5,0.025,0.0125,5e-11,5e-11,1e-09,5e-09,2.38e-17,2.07e-18,4.43e-18,5.64e-09,1.11e-07,1.62e-10,2.22e-07,5.58e-08,3.15e-09,0.0459,0.023,1.04e-08,838000.0,80.0,0.114,0.0588,0.16,0.0358,0.455,5.5e-16,519745,0.376,0.0254,0.376,8.85e-21,4.02,0.023,0.0,-1.8
4.0,2.0,5e-09,4e-08,1e-08,2.0,3.0,50.0,50.0,500.0,500.0,0.186,0.9,5e-09,0.5,1.0,3.9,11.7,3.9,0.5,0.025,0.0125,5e-11,5e-11,1e-09,5e-09,1.97e-17,1.04e-18,4.43e-18,4.68e-09,1.11e-07,1.62e-10,2.22e-07,5.58e-08,3.15e-09,0.0458,0.023,1.04e-08,838000.0,80.0,0.114,0.0588,0.16,0.0358,0.455,6.5e-16,519753,0.376,0.0211,0.376,8.85e-21,4.02,0.023,0.0,-1.8
4.0,2.0,5e-09,4e-08,1e-08,2.0,2.0,50.0,50.0,500.0,500.0,0.186,0.9,5e-09,0.5,1.0,3.9,11.7,3.9,0.5,0.025,0.0125,5e-11,5e-11,1e-09,5e-09,1.31e-17,6.91e-19,4.43e-18,3.39e-09,7.43e-08,1.62e-10,1.48e-07,3.72e-08,3.15e-09,0.0458,0.023,6.93e-09,1260000.0,80.0,0.114,0.0588,0.16,0.0358,0.455,6.5e-16,519755,0.376,0.0229,0.376,8.85e-21,4.02,0.023,0.0,-1.8
4.0,2.0,5e-09,4e-08,5e-09,2.0,1.0,50.0,50.0,500.0,500.0,0.186,0.9,5e-09,0.5,1.0,3.9,11.7,3.9,0.5,0.025,0.0125,5e-11,5e-11,1e-09,5e-09,7.94e-18,6.91e-19,4.43e-18,2.43e-09,3.72e-08,1.62e-10,7.4e-08,1.87e-08,3.15e-09,0.0459,0.023,3.47e-09,2510000.0,80.0,0.114,0.0588,0.16,0.0358,0.455,5.5e-16,519733,0.376,0.0328,0.376,8.85e-21,4.02,0.023,0.0,-1.8
4.0,2.0,5e-09,4e-08,5e-09,2.0,2.0,50.0,50.0,500.0,500.0,0.186,0.9,5e-09,0.5,1.0,3.9,11.7,3.9,0.5,0.025,0.0125,5e-11,5e-11,1e-09,5e-09,1.59e-17,1.38e-18,4.43e-18,4.04e-09,7.43e-08,1.62e-10,1.48e-07,3.72e-08,3.15e-09,0.0459,0.023,6.93e-09,1260000.0,80.0,0.114,0.0588,0.16,0.0358,0.455,5.5e-16,519764,0.376,0.0273,0.376,8.85e-21,4.02,0.023,0.0,-1.8
4.0,2.0,5e-09,4e-08,1e-08,2.0,1.0,50.0,50.0,500.0,500.0,0.186,0.9,5e-09,0.5,1.0,3.9,11.7,3.9,0.5,0.025,0.0125,5e-11,5e-11,1e-09,5e-09,6.56e-18,3.45e-19,4.43e-18,2.11e-09,3.72e-08,1.62e-10,7.4e-08,1.87e-08,3.15e-09,0.0458,0.023,3.47e-09,2520000.0,80.0,0.114,0.0588,0.16,0.0358,0.455,6.5e-16,519707,0.376,0.0285,0.376,8.85e-21,4.02,0.023,0.0,-1.8
4.0,2.0,5e-09,4e-08,2e-08,2.0,1.0,50.0,50.0,500.0,500.0,0.186,0.9,5e-09,0.5,1.0,3.9,11.7,3.9,0.5,0.025,0.0125,5e-11,5e-11,1e-09,5e-09,5.87e-18,1.73e-19,4.43e-18,1.95e-09,3.71e-08,1.62e-10,7.39e-08,1.87e-08,3.15e-09,0.0458,0.0229,3.47e-09,2520000.0,80.0,0.114,0.0588,0.16,0.0359,0.455,8.5e-16,519672,0.376,0.0264,0.376,8.85e-21,4.02,0.0229,0.0,-1.8
4.0,2.0,5e-09,4e-08,2e-08,2.0,3.0,50.0,50.0,500.0,500.0,0.186,0.9,5e-09,0.5,1.0,3.9,11.7,3.9,0.5,0.025,0.0125,5e-11,5e-11,1e-09,5e-09,1.76e-17,5.18e-19,4.43e-18,4.2e-09,1.11e-07,1.62e-10,2.22e-07,5.58e-08,3.15e-09,0.0458,0.0229,1.04e-08,839000.0,80.0,0.114,0.0588,0.16,0.0359,0.455,8.5e-16,519762,0.376,0.0189,0.376,8.85e-21,4.02,0.0229,0.0,-1.8
4.0,2.0,5e-09,4e-08,2e-08,2.0,2.0,50.0,50.0,500.0,500.0,0.186,0.9,5e-09,0.5,1.0,3.9,11.7,3.9,0.5,0.025,0.0125,5e-11,5e-11,1e-09,5e-09,1.17e-17,3.45e-19,4.43e-18,3.07e-09,7.43e-08,1.62e-10,1.48e-07,3.72e-08,3.15e-09,0.0458,0.0229,6.93e-09,1260000.0,80.0,0.114,0.0588,0.16,0.0359,0.455,8.5e-16,519676,0.376,0.0208,0.376,8.85e-21,4.02,0.0229,0.0,-1.8
4.0,2.0,5e-09,2e-08,5e-09,2.0,1.0,50.0,50.0,500.0,500.0,0.186,0.9,5e-09,0.5,1.0,3.9,11.7,25.0,0.5,0.025,0.0125,5e-11,5e-11,1e-09,8.55e-09,3.6e-17,6.91e-19,4.43e-18,7.65e-09,2.55e-08,9.94e-10,4.84e-08,1.32e-08,3.03e-09,0.0418,0.0197,2.46e-09,3850000.0,80.0,0.112,0.062,0.154,0.0423,0.464,3.5e-16,519716,0.367,0.158,0.367,1.38e-21,3.77,0.0197,0.0,-1.71
4.0,2.0,5e-09,4e-08,5e-09,2.0,1.0,50.0,50.0,500.0,500.0,0.186,0.9,5e-09,0.5,1.0,3.9,11.7,25.0,0.5,0.025,0.0125,5e-11,5e-11,1e-09,8.55e-09,3.6e-17,6.91e-19,4.43e-18,7.65e-09,2.57e-08,9.94e-10,6.06e-08,1.34e-08,3.03e-09,0.0493,0.0316,2.49e-09,3070000.0,80.0,0.117,0.0574,0.166,0.0258,0.464,5.5e-16,519725,0.367,0.126,0.367,1.38e-21,3.77,0.0316,0.0,-2.0
4.0,2.0,5e-09,2e-08,2e-08,2.0,1.0,50.0,50.0,500.0,500.0,0.186,0.9,5e-09,0.5,1.0,3.9,11.7,25.0,0.5,0.025,0.0125,5e-11,5e-11,1e-09,8.55e-09,3.39e-17,1.73e-19,4.43e-18,7.16e-09,2.55e-08,9.94e-10,4.83e-08,1.32e-08,3.03e-09,0.0418,0.0196,2.46e-09,3850000.0,80.0,0.112,0.062,0.154,0.0424,0.464,6.5e-16,519726,0.367,0.148,0.367,1.38e-21,3.77,0.0196,0.0,-1.71
4.0,2.0,5e-09,2e-08,1e-08,2.0,1.0,50.0,50.0,500.0,500.0,0.186,0.9,5e-09,0.5,1.0,3.9,11.7,25.0,0.5,0.025,0.0125,5e-11,5e-11,1e-09,8.55e-09,3.46e-17,3.45e-19,4.43e-18,7.32e-09,2.55e-08,9.94e-10,4.84e-08,1.32e-08,3.03e-09,0.0418,0.0196,2.46e-09,3850000.0,80.0,0.112,0.062,0.154,0.0424,0.464,4.5e-16,519663,0.367,0.151,0.367,1.38e-21,3.77,0.0196,0.0,-1.71
4.0,2.0,5e-09,4e-08,1e-08,2.0,1.0,50.0,50.0,500.0,500.0,0.186,0.9,5e-09,0.5,1.0,3.9,11.7,25.0,0.5,0.025,0.0125,5e-11,5e-11,1e-09,8.55e-09,3.46e-17,3.45e-19,4.43e-18,7.32e-09,2.57e-08,9.94e-10,6.06e-08,1.34e-08,3.03e-09,0.0492,0.0316,2.49e-09,3070000.0,80.0,0.117,0.0574,0.166,0.0259,0.464,6.5e-16,519686,0.367,0.121,0.367,1.38e-21,3.77,0.0316,0.0,-1.99
4.0,2.0,5e-09,4e-08,2e-08,2.0,1.0,50.0,50.0,500.0,500.0,0.186,0.9,5e-09,0.5,1.0,3.9,11.7,25.0,0.5,0.025,0.0125,5e-11,5e-11,1e-09,8.55e-09,3.39e-17,1.73e-19,4.43e-18,7.16e-09,2.57e-08,9.94e-10,6.05e-08,1.34e-08,3.03e-09,0.0492,0.0315,2.49e-09,3070000.0,80.0,0.117,0.0574,0.166,0.0259,0.464,8.5e-16,519731,0.367,0.118,0.367,1.38e-21,3.77,0.0315,0.0,-1.99
4.0,2.0,5e-09,1e-08,5e-09,2.0,3.0,50.0,50.0,500.0,500.0,0.186,0.9,5e-09,0.5,1.0,3.9,11.7,25.0,0.5,0.025,0.0125,5e-11,5e-11,2.11e-09,5e-09,5.54e-17,2.07e-18,4.43e-18,1.15e-08,3.89e-09,8.6e-18,2e-08,1.95e-09,2.38e-09,0.0589,0.0491,3.62e-10,9300000.0,80.0,0.121,0.0569,0.18,0.00778,0.53,2.5e-16,519726,0.312,0.576,0.312,2.92e-21,2.66,0.0491,0.0,-2.67
4.0,2.0,5e-09,1e-08,5e-09,2.0,1.0,50.0,50.0,500.0,500.0,0.186,0.9,5e-09,0.5,1.0,3.9,11.7,25.0,0.5,0.025,0.0125,5e-11,5e-11,2.11e-09,5e-09,1.85e-17,6.91e-19,4.43e-18,4.39e-09,1.3e-09,8.6e-18,6.67e-09,6.49e-10,2.38e-09,0.0589,0.0491,1.21e-10,27900000.0,80.0,0.121,0.0569,0.18,0.00778,0.53,2.5e-16,519699,0.312,0.658,0.312,2.92e-21,2.66,0.0491,0.0,-2.67
4.0,2.0,5e-09,1e-08,5e-09,2.0,2.0,50.0,50.0,500.0,500.0,0.186,0.9,5e-09,0.5,1.0,3.9,11.7,25.0,0.5,0.025,0.0125,5e-11,5e-11,2.11e-09,5e-09,3.69e-17,1.38e-18,4.43e-18,7.95e-09,2.59e-09,8.6e-18,1.33e-08,1.3e-09,2.38e-09,0.0589,0.0491,2.41e-10,14000000.0,80.0,0.121,0.0569,0.18,0.00778,0.53,2.5e-16,519713,0.312,0.596,0.312,2.92e-21,2.66,0.0491,0.0,-2.67
4.0,2.0,5e-09,2e-08,5e-09,2.0,1.0,50.0,50.0,500.0,500.0,0.186,0.9,5e-09,0.5,1.0,3.9,11.7,25.0,0.5,0.025,0.0125,5e-11,5e-11,2.11e-09,5e-09,1.85e-17,6.91e-19,4.43e-18,4.39e-09,1.29e-09,8.6e-18,7.28e-09,6.47e-10,2.38e-09,0.0597,0.0501,1.21e-10,25600000.0,80.0,0.121,0.0565,0.181,0.00637,0.53,3.5e-16,519738,0.312,0.603,0.312,2.92e-21,2.66,0.0501,0.0,-2.7
4.0,2.0,5e-09,1e-08,1e-08,2.0,1.0,50.0,50.0,500.0,500.0,0.186,0.9,5e-09,0.5,1.0,3.9,11.7,25.0,0.5,0.025,0.0125,5e-11,5e-11,2.11e-09,5e-09,1.71e-17,3.45e-19,4.43e-18,4.07e-09,1.3e-09,8.6e-18,6.67e-09,6.49e-10,2.38e-09,0.0589,0.0491,1.21e-10,27900000.0,80.0,0.121,0.0569,0.18,0.00778,0.53,3.5e-16,519688,0.312,0.61,0.312,2.92e-21,2.66,0.0491,0.0,-2.67
4.0,2.0,5e-09,4e-08,1e-08,2.0,1.0,50.0,50.0,500.0,500.0,0.186,0.9,5e-09,0.5,1.0,3.9,11.7,25.0,0.5,0.025,0.0125,5e-11,5e-11,2.11e-09,5e-09,1.71e-17,3.45e-19,4.43e-18,4.07e-09,1.29e-09,8.6e-18,7.66e-09,6.47e-10,2.38e-09,0.0601,0.0506,1.2e-10,24300000.0,80.0,0.122,0.0562,0.182,0.00567,0.53,6.5e-16,519721,0.312,0.531,0.312,2.92e-21,2.66,0.0506,0.0,-2.72
4.0,2.0,5e-09,4e-08,5e-09,2.0,1.0,50.0,50.0,500.0,500.0,0.186,0.9,5e-09,0.5,1.0,3.9,11.7,25.0,0.5,0.025,0.0125,5e-11,5e-11,2.11e-09,5e-09,1.85e-17,6.91e-19,4.43e-18,4.39e-09,1.29e-09,8.6e-18,7.66e-09,6.47e-10,2.38e-09,0.0601,0.0506,1.2e-10,24300000.0,80.0,0.122,0.0562,0.182,0.00567,0.53,5.5e-16,519668,0.312,0.573,0.312,2.92e-21,2.66,0.0506,0.0,-2.72
4.0,2.0,5e-09,1e-08,2e-08,2.0,1.0,50.0,50.0,500.0,500.0,0.186,0.9,5e-09,0.5,1.0,3.9,11.7,25.0,0.5,0.025,0.0125,5e-11,5e-11,2.11e-09,5e-09,1.64e-17,1.73e-19,4.43e-18,3.91e-09,1.3e-09,8.6e-18,6.67e-09,6.49e-10,2.38e-09,0.0589,0.0491,1.21e-10,27900000.0,80.0,0.121,0.0569,0.18,0.00778,0.53,5.5e-16,519691,0.312,0.586,0.312,2.92e-21,2.66,0.0491,0.0,-2.67
4.0,2.0,5e-09,2e-08,2e-08,2.0,1.0,50.0,50.0,500.0,500.0,0.186,0.9,5e-09,0.5,1.0,3.9,11.7,25.0,0.5,0.025,0.0125,5e-11,5e-11,2.11e-09,5e-09,1.64e-17,1.73e-19,4.43e-18,3.91e-09,1.29e-09,8.6e-18,7.28e-09,6.47e-10,2.38e-09,0.0597,0.0501,1.21e-10,25600000.0,80.0,0.121,0.0565,0.181,0.00638,0.53,6.5e-16,519681,0.312,0.537,0.312,2.92e-21,2.66,0.0501,0.0,-2.7
4.0,2.0,5e-09,2e-08,1e-08,2.0,1.0,50.0,50.0,500.0,500.0,0.186,0.9,5e-09,0.5,1.0,3.9,11.7,25.0,0.5,0.025,0.0125,5e-11,5e-11,2.11e-09,5e-09,1.71e-17,3.45e-19,4.43e-18,4.07e-09,1.29e-09,8.6e-18,7.28e-09,6.47e-10,2.38e-09,0.0597,0.0501,1.21e-10,25600000.0,80.0,0.121,0.0565,0.181,0.00637,0.53,4.5e-16,519705,0.312,0.559,0.312,2.92e-21,2.66,0.0501,0.0,-2.7
4.0,2.0,5e-09,4e-08,2e-08,2.0,1.0,50.0,50.0,500.0,500.0,0.186,0.9,5e-09,0.5,1.0,3.9,11.7,25.0,0.5,0.025,0.0125,5e-11,5e-11,2.11e-09,5e-09,1.64e-17,1.73e-19,4.43e-18,3.91e-09,1.29e-09,8.6e-18,7.66e-09,6.47e-10,2.38e-09,0.0601,0.0506,1.2e-10,24300000.0,80.0,0.122,0.0562,0.182,0.00567,0.53,8.5e-16,519694,0.312,0.51,0.312,2.92e-21,2.66,0.0506,0.0,-2.72
4.0,2.0,5e-09,1e-08,5e-09,2.0,1.0,50.0,50.0,500.0,500.0,0.346,0.618,5e-09,0.5,1.0,3.9,11.7,25.0,0.5,0.025,0.0125,5e-11,5e-11,1e-09,5e-09,3.6e-17,6.91e-19,4.43e-18,1.42e-08,1.37e-08,4.38e-86,7.21e-08,6.84e-09,1.91e-09,0.11,0.101,2.37e-09,4800000.0,80.0,0.212,0.128,0.323,0.0268,0.279,2.5e-16,519691,0.252,0.197,0.252,1.38e-21,2.02,0.101,0.0,-3.26
4.0,2.0,5e-09,2e-08,5e-09,2.0,1.0,50.0,50.0,500.0,500.0,0.346,0.618,5e-09,0.5,1.0,3.9,11.7,25.0,0.5,0.025,0.0125,5e-11,5e-11,1e-09,5e-09,3.6e-17,6.91e-19,4.43e-18,1.42e-08,1.37e-08,4.38e-86,1.27e-07,6.84e-09,1.91e-09,0.119,0.111,2.37e-09,2730000.0,80.0,0.215,0.125,0.335,0.0135,0.279,3.5e-16,519744,0.252,0.112,0.252,1.38e-21,2.02,0.111,0.0,-3.59
4.0,2.0,5e-09,4e-08,5e-09,2.0,1.0,50.0,50.0,500.0,500.0,0.346,0.618,5e-09,0.5,1.0,3.9,11.7,25.0,0.5,0.025,0.0125,5e-11,5e-11,1e-09,5e-09,3.6e-17,6.91e-19,4.43e-18,1.42e-08,1.36e-08,4.38e-86,2.18e-07,6.78e-09,1.91e-09,0.123,0.116,2.35e-09,1590000.0,80.0,0.218,0.122,0.34,0.00689,0.279,5.5e-16,519677,0.252,0.0653,0.252,1.38e-21,2.02,0.116,0.0,-3.73
4.0,2.0,5e-09,2e-08,1e-08,2.0,1.0,50.0,50.0,500.0,500.0,0.346,0.618,5e-09,0.5,1.0,3.9,11.7,25.0,0.5,0.025,0.0125,5e-11,5e-11,1e-09,5e-09,3.46e-17,3.45e-19,4.43e-18,1.36e-08,1.37e-08,4.38e-86,1.27e-07,6.84e-09,1.91e-09,0.119,0.111,2.37e-09,2730000.0,80.0,0.215,0.125,0.334,0.0135,0.279,4.5e-16,519707,0.252,0.107,0.252,1.38e-21,2.02,0.111,0.0,-3.59
4.0,2.0,5e-09,4e-08,2e-08,2.0,1.0,50.0,50.0,500.0,500.0,0.346,0.618,5e-09,0.5,1.0,3.9,11.7,25.0,0.5,0.025,0.0125,5e-11,5e-11,1e-09,5e-09,3.39e-17,1.73e-19,4.43e-18,1.33e-08,1.36e-08,4.38e-86,2.17e-07,6.78e-09,1.91e-09,0.123,0.116,2.35e-09,1600000.0,80.0,0.218,0.122,0.34,0.00693,0.279,8.5e-16,519731,0.252,0.0615,0.252,1.38e-21,2.02,0.116,0.0,-3.73
4.0,2.0,5e-09,4e-08,1e-08,2.0,1.0,50.0,50.0,500.0,500.0,0.346,0.618,5e-09,0.5,1.0,3.9,11.7,25.0,0.5,0.025,0.0125,5e-11,5e-11,1e-09,5e-09,3.46e-17,3.45e-19,4.43e-18,1.36e-08,1.36e-08,4.38e-86,2.17e-07,6.78e-09,1.91e-09,0.123,0.116,2.35e-09,1590000.0,80.0,0.218,0.122,0.34,0.0069,0.279,6.5e-16,519726,0.252,0.0627,0.252,1.38e-21,2.02,0.116,0.0,-3.73
4.0,2.0,5e-09,2e-08,2e-08,2.0,1.0,50.0,50.0,500.0,500.0,0.346,0.618,5e-09,0.5,1.0,3.9,11.7,25.0,0.5,0.025,0.0125,5e-11,5e-11,1e-09,5e-09,3.39e-17,1.73e-19,4.43e-18,1.33e-08,1.37e-08,4.38e-86,1.27e-07,6.84e-09,1.91e-09,0.119,0.111,2.37e-09,2730000.0,80.0,0.215,0.125,0.334,0.0135,0.279,6.5e-16,519721,0.252,0.105,0.252,1.38e-21,2.02,0.111,0.0,-3.59
4.0,2.0,5e-09,2e-08,5e-09,2.0,1.0,50.0,50.0,500.0,500.0,0.346,0.9,5e-09,0.5,1.0,3.9,11.7,3.9,0.5,0.025,0.0125,5e-11,5e-11,1e-09,5e-09,7.94e-18,6.91e-19,4.43e-18,4.52e-09,5.92e-08,1.55e-110,1.32e-07,2.96e-08,3.15e-09,0.0835,0.0593,1.03e-08,2630000.0,80.0,0.208,0.124,0.292,0.0643,0.394,3.5e-16,519754,0.376,0.0343,0.376,8.85e-21,4.02,0.0593,0.0,-2.18
4.0,2.0,5e-09,2e-08,5e-09,2.0,2.0,50.0,50.0,500.0,500.0,0.346,0.9,5e-09,0.5,1.0,3.9,11.7,3.9,0.5,0.025,0.0125,5e-11,5e-11,1e-09,5e-09,1.59e-17,1.38e-18,4.43e-18,7.51e-09,1.18e-07,1.55e-110,2.64e-07,5.92e-08,3.15e-09,0.0835,0.0593,2.05e-08,1310000.0,80.0,0.208,0.124,0.292,0.0643,0.394,3.5e-16,519750,0.376,0.0285,0.376,8.85e-21,4.02,0.0593,0.0,-2.18
4.0,2.0,5e-09,2e-08,1e-08,2.0,2.0,50.0,50.0,500.0,500.0,0.346,0.9,5e-09,0.5,1.0,3.9,11.7,3.9,0.5,0.025,0.0125,5e-11,5e-11,1e-09,5e-09,1.31e-17,6.91e-19,4.43e-18,6.32e-09,1.18e-07,1.55e-110,2.64e-07,5.92e-08,3.15e-09,0.0835,0.0592,2.05e-08,1310000.0,80.0,0.208,0.124,0.292,0.0643,0.394,4.5e-16,519744,0.376,0.024,0.376,8.85e-21,4.02,0.0592,0.0,-2.18
4.0,2.0,5e-09,2e-08,1e-08,2.0,1.0,50.0,50.0,500.0,500.0,0.346,0.9,5e-09,0.5,1.0,3.9,11.7,3.9,0.5,0.025,0.0125,5e-11,5e-11,1e-09,5e-09,6.56e-18,3.45e-19,4.43e-18,3.93e-09,5.92e-08,1.55e-110,1.32e-07,2.96e-08,3.15e-09,0.0835,0.0592,1.03e-08,2630000.0,80.0,0.208,0.124,0.292,0.0643,0.394,4.5e-16,519743,0.376,0.0298,0.376,8.85e-21,4.02,0.0592,0.0,-2.18
4.0,2.0,5e-09,4e-08,5e-09,2.0,2.0,50.0,50.0,500.0,500.0,0.346,0.9,5e-09,0.5,1.0,3.9,11.7,3.9,0.5,0.025,0.0125,5e-11,5e-11,1e-09,5e-09,1.59e-17,1.38e-18,4.43e-18,7.51e-09,1.23e-07,1.55e-110,3.96e-07,6.17e-08,3.15e-09,0.0989,0.0784,2.14e-08,874000.0,80.0,0.217,0.114,0.316,0.0356,0.394,5.5e-16,519701,0.376,0.019,0.376,8.85e-21,4.02,0.0784,0.0,-2.41
4.0,2.0,5e-09,4e-08,1e-08,2.0,2.0,50.0,50.0,500.0,500.0,0.346,0.9,5e-09,0.5,1.0,3.9,11.7,3.9,0.5,0.025,0.0125,5e-11,5e-11,1e-09,5e-09,1.31e-17,6.91e-19,4.43e-18,6.32e-09,1.23e-07,1.55e-110,3.96e-07,6.17e-08,3.15e-09,0.0988,0.0784,2.14e-08,875000.0,80.0,0.217,0.114,0.316,0.0357,0.394,6.5e-16,519708,0.376,0.016,0.376,8.85e-21,4.02,0.0784,0.0,-2.41
4.0,2.0,5e-09,4e-08,1e-08,2.0,1.0,50.0,50.0,500.0,500.0,0.346,0.9,5e-09,0.5,1.0,3.9,11.7,3.9,0.5,0.025,0.0125,5e-11,5e-11,1e-09,5e-09,6.56e-18,3.45e-19,4.43e-18,3.93e-09,6.17e-08,1.55e-110,1.98e-07,3.08e-08,3.15e-09,0.0988,0.0784,1.07e-08,1750000.0,80.0,0.217,0.114,0.316,0.0357,0.394,6.5e-16,519759,0.376,0.0198,0.376,8.85e-21,4.02,0.0784,0.0,-2.41
4.0,2.0,5e-09,4e-08,1e-08,2.0,3.0,50.0,50.0,500.0,500.0,0.346,0.9,5e-09,0.5,1.0,3.9,11.7,3.9,0.5,0.025,0.0125,5e-11,5e-11,1e-09,5e-09,1.97e-17,1.04e-18,4.43e-18,8.71e-09,1.85e-07,1.55e-110,5.94e-07,9.25e-08,3.15e-09,0.0988,0.0784,3.2e-08,583000.0,80.0,0.217,0.114,0.316,0.0357,0.394,6.5e-16,519697,0.376,0.0147,0.376,8.85e-21,4.02,0.0784,0.0,-2.41
4.0,2.0,5e-09,4e-08,5e-09,2.0,3.0,50.0,50.0,500.0,500.0,0.346,0.9,5e-09,0.5,1.0,3.9,11.7,3.9,0.5,0.025,0.0125,5e-11,5e-11,1e-09,5e-09,2.38e-17,2.07e-18,4.43e-18,1.05e-08,1.85e-07,1.55e-110,5.95e-07,9.25e-08,3.15e-09,0.0989,0.0784,3.2e-08,582000.0,80.0,0.217,0.114,0.316,0.0356,0.394,5.5e-16,519676,0.376,0.0177,0.376,8.85e-21,4.02,0.0784,0.0,-2.41
4.0,2.0,5e-09,2e-08,5e-09,2.0,3.0,50.0,50.0,500.0,500.0,0.346,0.9,5e-09,0.5,1.0,3.9,11.7,3.9,0.5,0.025,0.0125,5e-11,5e-11,1e-09,5e-09,2.38e-17,2.07e-18,4.43e-18,1.05e-08,1.78e-07,1.55e-110,3.96e-07,8.88e-08,3.15e-09,0.0835,0.0593,3.08e-08,876000.0,80.0,0.208,0.124,0.292,0.0643,0.394,3.5e-16,519661,0.376,0.0266,0.376,8.85e-21,4.02,0.0593,0.0,-2.18
4.0,2.0,5e-09,2e-08,2e-08,2.0,1.0,50.0,50.0,500.0,500.0,0.346,0.9,5e-09,0.5,1.0,3.9,11.7,3.9,0.5,0.025,0.0125,5e-11,5e-11,1e-09,5e-09,5.87e-18,1.73e-19,4.43e-18,3.63e-09,5.92e-08,1.55e-110,1.32e-07,2.96e-08,3.15e-09,0.0834,0.0591,1.03e-08,2630000.0,80.0,0.208,0.124,0.292,0.0644,0.394,6.5e-16,519704,0.376,0.0276,0.376,8.85e-21,4.02,0.0591,0.0,-2.18
4.0,2.0,5e-09,4e-08,5e-09,2.0,1.0,50.0,50.0,500.0,500.0,0.346,0.9,5e-09,0.5,1.0,3.9,11.7,3.9,0.5,0.025,0.0125,5e-11,5e-11,1e-09,5e-09,7.94e-18,6.91e-19,4.43e-18,4.52e-09,6.17e-08,1.55e-110,1.98e-07,3.08e-08,3.15e-09,0.0989,0.0784,1.07e-08,1750000.0,80.0,0.217,0.114,0.316,0.0356,0.394,5.5e-16,519689,0.376,0.0228,0.376,8.85e-21,4.02,0.0784,0.0,-2.41
4.0,2.0,5e-09,4e-08,2e-08,2.0,3.0,50.0,50.0,500.0,500.0,0.346,0.9,5e-09,0.5,1.0,3.9,11.7,3.9,0.5,0.025,0.0125,5e-11,5e-11,1e-09,5e-09,1.76e-17,5.18e-19,4.43e-18,7.81e-09,1.85e-07,1.55e-110,5.93e-07,9.25e-08,3.15e-09,0.0988,0.0783,3.2e-08,584000.0,80.0,0.217,0.114,0.316,0.0358,0.394,8.5e-16,519720,0.376,0.0132,0.376,8.85e-21,4.02,0.0783,0.0,-2.41
4.0,2.0,5e-09,4e-08,2e-08,2.0,2.0,50.0,50.0,500.0,500.0,0.346,0.9,5e-09,0.5,1.0,3.9,11.7,3.9,0.5,0.025,0.0125,5e-11,5e-11,1e-09,5e-09,1.17e-17,3.45e-19,4.43e-18,5.72e-09,1.23e-07,1.55e-110,3.95e-07,6.17e-08,3.15e-09,0.0988,0.0783,2.14e-08,876000.0,80.0,0.217,0.114,0.316,0.0358,0.394,8.5e-16,519683,0.376,0.0145,0.376,8.85e-21,4.02,0.0783,0.0,-2.41
4.0,2.0,5e-09,4e-08,2e-08,2.0,1.0,50.0,50.0,500.0,500.0,0.346,0.9,5e-09,0.5,1.0,3.9,11.7,3.9,0.5,0.025,0.0125,5e-11,5e-11,1e-09,5e-09,5.87e-18,1.73e-19,4.43e-18,3.63e-09,6.17e-08,1.55e-110,1.98e-07,3.08e-08,3.15e-09,0.0988,0.0783,1.07e-08,1750000.0,80.0,0.217,0.114,0.316,0.0358,0.394,8.5e-16,519764,0.376,0.0183,0.376,8.85e-21,4.02,0.0783,0.0,-2.41
4.0,2.0,5e-09,2e-08,1e-08,2.0,3.0,50.0,50.0,500.0,500.0,0.346,0.9,5e-09,0.5,1.0,3.9,11.7,3.9,0.5,0.025,0.0125,5e-11,5e-11,1e-09,5e-09,1.97e-17,1.04e-18,4.43e-18,8.71e-09,1.78e-07,1.55e-110,3.95e-07,8.88e-08,3.15e-09,0.0835,0.0592,3.08e-08,876000.0,80.0,0.208,0.124,0.292,0.0643,0.394,4.5e-16,519748,0.376,0.022,0.376,8.85e-21,4.02,0.0592,0.0,-2.18
4.0,2.0,5e-09,1e-08,5e-09,2.0,1.0,50.0,50.0,500.0,500.0,0.346,0.9,5e-09,0.5,1.0,3.9,11.7,25.0,0.5,0.025,0.0125,5e-11,5e-11,1e-09,5e-09,3.6e-17,6.91e-19,4.43e-18,1.42e-08,5.78e-11,3.28e-16,7.28e-09,2.89e-11,1.91e-09,0.125,0.119,1e-11,47600000.0,80.0,0.221,0.119,0.346,0.000309,0.561,2.5e-16,519743,0.252,1.96,0.252,1.38e-21,2.02,0.119,0.0,-3.86
4.0,2.0,5e-09,2e-08,5e-09,2.0,1.0,50.0,50.0,500.0,500.0,0.346,0.9,5e-09,0.5,1.0,3.9,11.7,25.0,0.5,0.025,0.0125,5e-11,5e-11,1e-09,5e-09,3.6e-17,6.91e-19,4.43e-18,1.42e-08,5.78e-11,3.28e-16,8.41e-09,2.89e-11,1.91e-09,0.125,0.119,1e-11,41200000.0,80.0,0.221,0.119,0.346,0.000252,0.561,3.5e-16,519698,0.252,1.69,0.252,1.38e-21,2.02,0.119,0.0,-3.86
4.0,2.0,5e-09,1e-08,5e-09,2.0,2.0,50.0,50.0,500.0,500.0,0.346,0.9,5e-09,0.5,1.0,3.9,11.7,25.0,0.5,0.025,0.0125,5e-11,5e-11,1e-09,5e-09,7.19e-17,1.38e-18,4.43e-18,2.69e-08,1.16e-10,3.28e-16,1.46e-08,5.78e-11,1.91e-09,0.125,0.119,2e-11,23800000.0,80.0,0.221,0.119,0.346,0.000309,0.561,2.5e-16,519701,0.252,1.85,0.252,1.38e-21,2.02,0.119,0.0,-3.86
4.0,2.0,5e-09,1e-08,5e-09,2.0,3.0,50.0,50.0,500.0,500.0,0.346,0.9,5e-09,0.5,1.0,3.9,11.7,25.0,0.5,0.025,0.0125,5e-11,5e-11,1e-09,5e-09,1.08e-16,2.07e-18,4.43e-18,3.96e-08,1.73e-10,3.28e-16,2.18e-08,8.67e-11,1.91e-09,0.125,0.119,3e-11,15900000.0,80.0,0.221,0.119,0.346,0.000309,0.561,2.5e-16,519708,0.252,1.81,0.252,1.38e-21,2.02,0.119,0.0,-3.86
4.0,2.0,5e-09,2e-08,5e-09,2.0,2.0,50.0,50.0,500.0,500.0,0.346,0.9,5e-09,0.5,1.0,3.9,11.7,25.0,0.5,0.025,0.0125,5e-11,5e-11,1e-09,5e-09,7.19e-17,1.38e-18,4.43e-18,2.69e-08,1.16e-10,3.28e-16,1.68e-08,5.78e-11,1.91e-09,0.125,0.119,2e-11,20600000.0,80.0,0.221,0.119,0.346,0.000252,0.561,3.5e-16,519667,0.252,1.6,0.252,1.38e-21,2.02,0.119,0.0,-3.86
4.0,2.0,5e-09,2e-08,5e-09,2.0,3.0,50.0,50.0,500.0,500.0,0.346,0.9,5e-09,0.5,1.0,3.9,11.7,25.0,0.5,0.025,0.0125,5e-11,5e-11,1e-09,5e-09,1.08e-16,2.07e-18,4.43e-18,3.96e-08,1.73e-10,3.28e-16,2.52e-08,8.67e-11,1.91e-09,0.125,0.119,3e-11,13700000.0,80.0,0.221,0.119,0.346,0.000252,0.561,3.5e-16,519759,0.252,1.57,0.252,1.38e-21,2.02,0.119,0.0,-3.86
4.0,2.0,5e-09,4e-08,5e-09,2.0,1.0,50.0,50.0,500.0,500.0,0.346,0.9,5e-09,0.5,1.0,3.9,11.7,25.0,0.5,0.025,0.0125,5e-11,5e-11,1e-09,5e-09,3.6e-17,6.91e-19,4.43e-18,1.42e-08,5.78e-11,3.28e-16,9.21e-09,2.89e-11,1.91e-09,0.125,0.119,1e-11,37600000.0,80.0,0.221,0.119,0.346,0.000224,0.561,5.5e-16,519716,0.252,1.54,0.252,1.38e-21,2.02,0.119,0.0,-3.86
4.0,2.0,5e-09,1e-08,1e-08,2.0,1.0,50.0,50.0,500.0,500.0,0.346,0.9,5e-09,0.5,1.0,3.9,11.7,25.0,0.5,0.025,0.0125,5e-11,5e-11,1e-09,5e-09,3.46e-17,3.45e-19,4.43e-18,1.36e-08,5.78e-11,3.28e-16,7.28e-09,2.89e-11,1.91e-09,0.125,0.119,1e-11,47600000.0,80.0,0.221,0.119,0.346,0.000309,0.561,3.5e-16,519661,0.252,1.87,0.252,1.38e-21,2.02,0.119,0.0,-3.86
4.0,2.0,5e-09,2e-08,1e-08,2.0,2.0,50.0,50.0,500.0,500.0,0.346,0.9,5e-09,0.5,1.0,3.9,11.7,25.0,0.5,0.025,0.0125,5e-11,5e-11,1e-09,5e-09,6.92e-17,6.91e-19,4.43e-18,2.57e-08,1.16e-10,3.28e-16,1.68e-08,5.78e-11,1.91e-09,0.125,0.119,2e-11,20600000.0,80.0,0.221,0.119,0.346,0.000252,0.561,4.5e-16,519706,0.252,1.53,0.252,1.38e-21,2.02,0.119,0.0,-3.86
4.0,2.0,5e-09,2e-08,1e-08,2.0,3.0,50.0,50.0,500.0,500.0,0.346,0.9,5e-09,0.5,1.0,3.9,11.7,25.0,0.5,0.025,0.0125,5e-11,5e-11,1e-09,5e-09,1.04e-16,1.04e-18,4.43e-18,3.78e-08,1.73e-10,3.28e-16,2.52e-08,8.67e-11,1.91e-09,0.125,0.119,3e-11,13700000.0,80.0,0.221,0.119,0.346,0.000252,0.561,4.5e-16,519689,0.252,1.5,0.252,1.38e-21,2.02,0.119,0.0,-3.86
4.0,2.0,5e-09,4e-08,1e-08,2.0,1.0,50.0,50.0,500.0,500.0,0.346,0.9,5e-09,0.5,1.0,3.9,11.7,25.0,0.5,0.025,0.0125,5e-11,5e-11,1e-09,5e-09,3.46e-17,3.45e-19,4.43e-18,1.36e-08,5.78e-11,3.28e-16,9.21e-09,2.89e-11,1.91e-09,0.125,0.119,1e-11,37600000.0,80.0,0.221,0.119,0.346,0.000224,0.561,6.5e-16,519751,0.252,1.48,0.252,1.38e-21,2.02,0.119,0.0,-3.86
4.0,2.0,5e-09,1e-08,5e-09,2.0,1.0,50.0,50.0,500.0,500.0,0.346,0.9,5e-09,0.5,1.0,3.9,11.7,25.0,0.5,0.025,0.0125,5e-11,5e-11,1e-09,8.55e-09,3.6e-17,6.91e-19,4.43e-18,1.42e-08,4.04e-08,3.66e-88,7.52e-08,2.02e-08,3.03e-09,0.0694,0.0456,7e-09,4610000.0,80.0,0.203,0.132,0.273,0.086,0.405,2.5e-16,519755,0.367,0.189,0.367,1.38e-21,3.77,0.0456,0.0,-1.95
4.0,2.0,5e-09,2e-08,2e-08,2.0,1.0,50.0,50.0,500.0,500.0,0.346,0.9,5e-09,0.5,1.0,3.9,11.7,25.0,0.5,0.025,0.0125,5e-11,5e-11,1e-09,5e-09,3.39e-17,1.73e-19,4.43e-18,1.33e-08,5.78e-11,3.28e-16,8.4e-09,2.89e-11,1.91e-09,0.125,0.119,1e-11,41200000.0,80.0,0.221,0.119,0.346,0.000252,0.561,6.5e-16,519723,0.252,1.59,0.252,1.38e-21,2.02,0.119,0.0,-3.86
4.0,2.0,5e-09,2e-08,1e-08,2.0,1.0,50.0,50.0,500.0,500.0,0.346,0.9,5e-09,0.5,1.0,3.9,11.7,25.0,0.5,0.025,0.0125,5e-11,5e-11,1e-09,5e-09,3.46e-17,3.45e-19,4.43e-18,1.36e-08,5.78e-11,3.28e-16,8.41e-09,2.89e-11,1.91e-09,0.125,0.119,1e-11,41200000.0,80.0,0.221,0.119,0.346,0.000252,0.561,4.5e-16,519660,0.252,1.62,0.252,1.38e-21,2.02,0.119,0.0,-3.86
4.0,2.0,5e-09,4e-08,2e-08,2.0,1.0,50.0,50.0,500.0,500.0,0.346,0.9,5e-09,0.5,1.0,3.9,11.7,25.0,0.5,0.025,0.0125,5e-11,5e-11,1e-09,5e-09,3.39e-17,1.73e-19,4.43e-18,1.33e-08,5.78e-11,3.28e-16,9.21e-09,2.89e-11,1.91e-09,0.125,0.119,1e-11,37600000.0,80.0,0.221,0.119,0.346,0.000224,0.561,8.5e-16,519700,0.252,1.45,0.252,1.38e-21,2.02,0.119,0.0,-3.86
4.0,2.0,5e-09,1e-08,2e-08,2.0,1.0,50.0,50.0,500.0,500.0,0.346,0.9,5e-09,0.5,1.0,3.9,11.7,25.0,0.5,0.025,0.0125,5e-11,5e-11,1e-09,5e-09,3.39e-17,1.73e-19,4.43e-18,1.33e-08,5.78e-11,3.28e-16,7.28e-09,2.89e-11,1.91e-09,0.125,0.119,1e-11,47600000.0,80.0,0.221,0.119,0.346,0.00031,0.561,5.5e-16,519662,0.252,1.83,0.252,1.38e-21,2.02,0.119,0.0,-3.86
4.0,2.0,5e-09,1e-08,5e-09,2.0,2.0,50.0,50.0,500.0,500.0,0.346,0.9,5e-09,0.5,1.0,3.9,11.7,25.0,0.5,0.025,0.0125,5e-11,5e-11,2.11e-09,5e-09,3.69e-17,1.38e-18,4.43e-18,1.48e-08,5.19e-09,7.86e-75,7.02e-08,2.59e-09,2.38e-09,0.117,0.108,8.98e-10,4940000.0,80.0,0.225,0.114,0.341,0.00605,0.48,2.5e-16,519733,0.312,0.211,0.312,2.92e-21,2.66,0.108,0.0,-3.07
4.0,2.0,5e-09,1e-08,5e-09,2.0,1.0,50.0,50.0,500.0,500.0,0.346,0.9,5e-09,0.5,1.0,3.9,11.7,25.0,0.5,0.025,0.0125,5e-11,5e-11,2.11e-09,5e-09,1.85e-17,6.91e-19,4.43e-18,8.17e-09,2.59e-09,7.86e-75,3.51e-08,1.3e-09,2.38e-09,0.117,0.108,4.49e-10,9870000.0,80.0,0.225,0.114,0.341,0.00605,0.48,2.5e-16,519699,0.312,0.233,0.312,2.92e-21,2.66,0.108,0.0,-3.07
4.0,2.0,5e-09,2e-08,5e-09,2.0,1.0,50.0,50.0,500.0,500.0,0.346,0.9,5e-09,0.5,1.0,3.9,11.7,25.0,0.5,0.025,0.0125,5e-11,5e-11,2.11e-09,5e-09,1.85e-17,6.91e-19,4.43e-18,8.17e-09,2.59e-09,7.86e-75,4.81e-08,1.29e-09,2.38e-09,0.117,0.109,4.48e-10,7210000.0,80.0,0.226,0.112,0.343,0.0035,0.48,3.5e-16,519671,0.312,0.17,0.312,2.92e-21,2.66,0.109,0.0,-3.09
4.0,2.0,5e-09,1e-08,5e-09,2.0,3.0,50.0,50.0,500.0,500.0,0.346,0.9,5e-09,0.5,1.0,3.9,11.7,25.0,0.5,0.025,0.0125,5e-11,5e-11,2.11e-09,5e-09,5.54e-17,2.07e-18,4.43e-18,2.14e-08,7.78e-09,7.86e-75,1.05e-07,3.89e-09,2.38e-09,0.117,0.108,1.35e-09,3290000.0,80.0,0.225,0.114,0.341,0.00605,0.48,2.5e-16,519662,0.312,0.204,0.312,2.92e-21,2.66,0.108,0.0,-3.07
4.0,2.0,5e-09,1e-08,1e-08,2.0,1.0,50.0,50.0,500.0,500.0,0.346,0.9,5e-09,0.5,1.0,3.9,11.7,25.0,0.5,0.025,0.0125,5e-11,5e-11,2.11e-09,5e-09,1.71e-17,3.45e-19,4.43e-18,7.57e-09,2.59e-09,7.86e-75,3.51e-08,1.3e-09,2.38e-09,0.117,0.108,4.49e-10,9870000.0,80.0,0.225,0.114,0.341,0.00605,0.48,3.5e-16,519752,0.312,0.216,0.312,2.92e-21,2.66,0.108,0.0,-3.07
4.0,2.0,5e-09,2e-08,5e-09,2.0,2.0,50.0,50.0,500.0,500.0,0.346,0.9,5e-09,0.5,1.0,3.9,11.7,25.0,0.5,0.025,0.0125,5e-11,5e-11,2.11e-09,5e-09,3.69e-17,1.38e-18,4.43e-18,1.48e-08,5.17e-09,7.86e-75,9.62e-08,2.59e-09,2.38e-09,0.117,0.109,8.96e-10,3600000.0,80.0,0.226,0.112,0.343,0.0035,0.48,3.5e-16,519721,0.312,0.154,0.312,2.92e-21,2.66,0.109,0.0,-3.09
4.0,2.0,5e-09,2e-08,5e-09,2.0,3.0,50.0,50.0,500.0,500.0,0.346,0.9,5e-09,0.5,1.0,3.9,11.7,25.0,0.5,0.025,0.0125,5e-11,5e-11,2.11e-09,5e-09,5.54e-17,2.07e-18,4.43e-18,2.14e-08,7.76e-09,7.86e-75,1.44e-07,3.88e-09,2.38e-09,0.117,0.109,1.34e-09,2400000.0,80.0,0.226,0.112,0.343,0.0035,0.48,3.5e-16,519712,0.312,0.149,0.312,2.92e-21,2.66,0.109,0.0,-3.09
4.0,2.0,5e-09,4e-08,5e-09,2.0,1.0,50.0,50.0,500.0,500.0,0.346,0.9,5e-09,0.5,1.0,3.9,11.7,25.0,0.5,0.025,0.0125,5e-11,5e-11,2.11e-09,5e-09,1.85e-17,6.91e-19,4.43e-18,8.17e-09,2.58e-09,7.86e-75,6.17e-08,1.29e-09,2.38e-09,0.118,0.109,4.48e-10,5610000.0,80.0,0.227,0.111,0.345,0.00221,0.48,5.5e-16,519664,0.312,0.132,0.312,2.92e-21,2.66,0.109,0.0,-3.1
4.0,2.0,5e-09,4e-08,1e-08,2.0,2.0,50.0,50.0,500.0,500.0,0.346,0.9,5e-09,0.5,1.0,3.9,11.7,25.0,0.5,0.025,0.0125,5e-11,5e-11,2.11e-09,5e-09,3.42e-17,6.91e-19,4.43e-18,1.36e-08,5.17e-09,7.86e-75,1.23e-07,2.58e-09,2.38e-09,0.118,0.109,8.95e-10,2810000.0,80.0,0.227,0.111,0.345,0.00221,0.48,6.5e-16,519668,0.312,0.11,0.312,2.92e-21,2.66,0.109,0.0,-3.1
4.0,2.0,5e-09,4e-08,5e-09,2.0,2.0,50.0,50.0,500.0,500.0,0.346,0.9,5e-09,0.5,1.0,3.9,11.7,25.0,0.5,0.025,0.0125,5e-11,5e-11,2.11e-09,5e-09,3.69e-17,1.38e-18,4.43e-18,1.48e-08,5.17e-09,7.86e-75,1.23e-07,2.58e-09,2.38e-09,0.118,0.109,8.95e-10,2810000.0,80.0,0.227,0.111,0.345,0.00221,0.48,5.5e-16,519658,0.312,0.12,0.312,2.92e-21,2.66,0.109,0.0,-3.1
4.0,2.0,5e-09,4e-08,5e-09,2.0,3.0,50.0,50.0,500.0,500.0,0.346,0.9,5e-09,0.5,1.0,3.9,11.7,25.0,0.5,0.025,0.0125,5e-11,5e-11,2.11e-09,5e-09,5.54e-17,2.07e-18,4.43e-18,2.14e-08,7.75e-09,7.86e-75,1.85e-07,3.88e-09,2.38e-09,0.118,0.109,1.34e-09,1870000.0,80.0,0.227,0.111,0.345,0.00221,0.48,5.5e-16,519659,0.312,0.116,0.312,2.92e-21,2.66,0.109,0.0,-3.1
4.0,2.0,5e-09,4e-08,1e-08,2.0,3.0,50.0,50.0,500.0,500.0,0.346,0.9,5e-09,0.5,1.0,3.9,11.7,25.0,0.5,0.025,0.0125,5e-11,5e-11,2.11e-09,5e-09,5.12e-17,1.04e-18,4.43e-18,1.96e-08,7.75e-09,7.86e-75,1.85e-07,3.88e-09,2.38e-09,0.118,0.109,1.34e-09,1870000.0,80.0,0.227,0.111,0.345,0.00221,0.48,6.5e-16,519735,0.312,0.106,0.312,2.92e-21,2.66,0.109,0.0,-3.1
4.0,2.0,5e-09,2e-08,1e-08,2.0,3.0,50.0,50.0,500.0,500.0,0.346,0.9,5e-09,0.5,1.0,3.9,11.7,25.0,0.5,0.025,0.0125,5e-11,5e-11,2.11e-09,5e-09,5.12e-17,1.04e-18,4.43e-18,1.96e-08,7.76e-09,7.86e-75,1.44e-07,3.88e-09,2.38e-09,0.117,0.109,1.34e-09,2400000.0,80.0,0.226,0.112,0.343,0.0035,0.48,4.5e-16,519703,0.312,0.136,0.312,2.92e-21,2.66,0.109,0.0,-3.09
4.0,2.0,5e-09,2e-08,1e-08,2.0,2.0,50.0,50.0,500.0,500.0,0.346,0.9,5e-09,0.5,1.0,3.9,11.7,25.0,0.5,0.025,0.0125,5e-11,5e-11,2.11e-09,5e-09,3.42e-17,6.91e-19,4.43e-18,1.36e-08,5.17e-09,7.86e-75,9.61e-08,2.59e-09,2.38e-09,0.117,0.109,8.96e-10,3600000.0,80.0,0.226,0.112,0.343,0.0035,0.48,4.5e-16,519678,0.312,0.142,0.312,2.92e-21,2.66,0.109,0.0,-3.09
4.0,2.0,5e-09,4e-08,1e-08,2.0,1.0,50.0,50.0,500.0,500.0,0.346,0.9,5e-09,0.5,1.0,3.9,11.7,25.0,0.5,0.025,0.0125,5e-11,5e-11,2.11e-09,5e-09,1.71e-17,3.45e-19,4.43e-18,7.57e-09,2.58e-09,7.86e-75,6.17e-08,1.29e-09,2.38e-09,0.118,0.109,4.48e-10,5620000.0,80.0,0.227,0.111,0.345,0.00221,0.48,6.5e-16,519763,0.312,0.123,0.312,2.92e-21,2.66,0.109,0.0,-3.1
4.0,2.0,5e-09,4e-08,2e-08,2.0,1.0,50.0,50.0,500.0,500.0,0.346,0.9,5e-09,0.5,1.0,3.9,11.7,25.0,0.5,0.025,0.0125,5e-11,5e-11,2.11e-09,5e-09,1.64e-17,1.73e-19,4.43e-18,7.27e-09,2.58e-09,7.86e-75,6.16e-08,1.29e-09,2.38e-09,0.118,0.109,4.48e-10,5620000.0,80.0,0.227,0.111,0.345,0.00222,0.48,8.5e-16,519707,0.312,0.118,0.312,2.92e-21,2.66,0.109,0.0,-3.1
4.0,2.0,5e-09,1e-08,2e-08,2.0,1.0,50.0,50.0,500.0,500.0,0.346,0.9,5e-09,0.5,1.0,3.9,11.7,25.0,0.5,0.025,0.0125,5e-11,5e-11,2.11e-09,5e-09,1.64e-17,1.73e-19,4.43e-18,7.27e-09,2.59e-09,7.86e-75,3.51e-08,1.3e-09,2.38e-09,0.117,0.108,4.49e-10,9880000.0,80.0,0.225,0.114,0.341,0.00605,0.48,5.5e-16,519756,0.312,0.207,0.312,2.92e-21,2.66,0.108,0.0,-3.07
4.0,2.0,5e-09,2e-08,2e-08,2.0,1.0,50.0,50.0,500.0,500.0,0.346,0.9,5e-09,0.5,1.0,3.9,11.7,25.0,0.5,0.025,0.0125,5e-11,5e-11,2.11e-09,5e-09,1.64e-17,1.73e-19,4.43e-18,7.27e-09,2.59e-09,7.86e-75,4.8e-08,1.29e-09,2.38e-09,0.117,0.109,4.48e-10,7210000.0,80.0,0.226,0.112,0.343,0.0035,0.48,6.5e-16,519675,0.312,0.151,0.312,2.92e-21,2.66,0.109,0.0,-3.09
4.0,2.0,5e-09,2e-08,1e-08,2.0,1.0,50.0,50.0,500.0,500.0,0.346,0.9,5e-09,0.5,1.0,3.9,11.7,25.0,0.5,0.025,0.0125,5e-11,5e-11,2.11e-09,5e-09,1.71e-17,3.45e-19,4.43e-18,7.57e-09,2.59e-09,7.86e-75,4.81e-08,1.29e-09,2.38e-09,0.117,0.109,4.48e-10,7210000.0,80.0,0.226,0.112,0.343,0.0035,0.48,4.5e-16,519714,0.312,0.158,0.312,2.92e-21,2.66,0.109,0.0,-3.09
4.0,2.0,5e-09,4e-08,2e-08,2.0,2.0,50.0,50.0,500.0,500.0,0.346,0.9,5e-09,0.5,1.0,3.9,11.7,25.0,0.5,0.025,0.0125,5e-11,5e-11,2.11e-09,5e-09,3.28e-17,3.45e-19,4.43e-18,1.3e-08,5.17e-09,7.86e-75,1.23e-07,2.58e-09,2.38e-09,0.118,0.109,8.95e-10,2810000.0,80.0,0.227,0.111,0.345,0.00222,0.48,8.5e-16,519720,0.312,0.106,0.312,2.92e-21,2.66,0.109,0.0,-3.1
4.0,2.0,8.89e-09,4e-08,5e-09,2.0,1.0,50.0,50.0,500.0,500.0,0.1,0.424,8.89e-09,0.5,1.0,3.9,11.7,25.0,0.5,0.025,0.0125,5e-11,5e-11,2.11e-09,5e-09,5.84e-17,2.18e-18,7.87e-18,6.84e-09,4.33e-09,4.3e-60,2.5e-08,2.16e-09,2.38e-09,0.0339,0.0252,2.16e-10,4000000.0,45.0,0.0627,0.0303,0.0966,0.00511,0.258,1.05e-15,519699,0.151,0.274,0.151,2.92e-21,1.43,0.0252,0.0,-2.93
4.0,2.0,8.89e-09,4e-08,1e-08,2.0,1.0,50.0,50.0,500.0,500.0,0.1,0.424,8.89e-09,0.5,1.0,3.9,11.7,25.0,0.5,0.025,0.0125,5e-11,5e-11,2.11e-09,5e-09,5.4e-17,1.09e-18,7.87e-18,6.3e-09,4.33e-09,4.3e-60,2.5e-08,2.16e-09,2.38e-09,0.0339,0.0252,2.16e-10,4000000.0,45.0,0.0627,0.0303,0.0966,0.00511,0.258,1.23e-15,519726,0.151,0.252,0.151,2.92e-21,1.43,0.0252,0.0,-2.93
4.0,2.0,8.89e-09,2e-08,5e-09,2.0,1.0,50.0,50.0,500.0,500.0,0.1,0.424,8.89e-09,0.5,1.0,3.9,11.7,25.0,0.5,0.025,0.0125,5e-11,5e-11,2.11e-09,5e-09,5.84e-17,2.18e-18,7.87e-18,6.84e-09,4.36e-09,4.3e-60,2.16e-08,2.18e-09,2.38e-09,0.0328,0.0237,2.18e-10,4620000.0,45.0,0.0627,0.0303,0.0954,0.00666,0.258,6.92e-16,519718,0.151,0.316,0.151,2.92e-21,1.43,0.0237,0.0,-2.72
4.0,2.0,8.89e-09,2e-08,2e-08,2.0,1.0,50.0,50.0,500.0,500.0,0.1,0.424,8.89e-09,0.5,1.0,3.9,11.7,25.0,0.5,0.025,0.0125,5e-11,5e-11,2.11e-09,5e-09,5.18e-17,5.46e-19,7.87e-18,6.03e-09,4.36e-09,4.3e-60,2.16e-08,2.18e-09,2.38e-09,0.0328,0.0237,2.18e-10,4620000.0,45.0,0.0627,0.0303,0.0954,0.00667,0.258,1.23e-15,519732,0.151,0.279,0.151,2.92e-21,1.43,0.0237,0.0,-2.72
4.0,2.0,8.89e-09,4e-08,2e-08,2.0,1.0,50.0,50.0,500.0,500.0,0.1,0.424,8.89e-09,0.5,1.0,3.9,11.7,25.0,0.5,0.025,0.0125,5e-11,5e-11,2.11e-09,5e-09,5.18e-17,5.46e-19,7.87e-18,6.03e-09,4.33e-09,4.3e-60,2.5e-08,2.16e-09,2.38e-09,0.0339,0.0252,2.16e-10,4010000.0,45.0,0.0627,0.0303,0.0966,0.00512,0.258,1.58e-15,519755,0.151,0.241,0.151,2.92e-21,1.43,0.0252,0.0,-2.93
4.0,2.0,8.89e-09,2e-08,1e-08,2.0,1.0,50.0,50.0,500.0,500.0,0.1,0.424,8.89e-09,0.5,1.0,3.9,11.7,25.0,0.5,0.025,0.0125,5e-11,5e-11,2.11e-09,5e-09,5.4e-17,1.09e-18,7.87e-18,6.3e-09,4.36e-09,4.3e-60,2.16e-08,2.18e-09,2.38e-09,0.0328,0.0237,2.18e-10,4620000.0,45.0,0.0627,0.0303,0.0954,0.00666,0.258,8.69e-16,519714,0.151,0.291,0.151,2.92e-21,1.43,0.0237,0.0,-2.72
4.0,2.0,8.89e-09,1e-08,5e-09,2.0,1.0,50.0,50.0,500.0,500.0,0.1,0.618,8.89e-09,0.5,1.0,3.9,11.7,3.9,0.5,0.025,0.0125,5e-11,5e-11,1e-09,5e-09,2.51e-17,2.18e-18,7.87e-18,3.52e-09,2.34e-09,2.39e-10,7.45e-09,1.29e-09,3.15e-09,0.0306,0.0161,1.29e-10,13400000.0,45.0,0.062,0.0285,0.0926,0.0124,0.365,5.14e-16,519678,0.23,0.472,0.23,8.85e-21,1.85,0.0161,0.0,-2.06
4.0,2.0,8.89e-09,4e-08,5e-09,2.0,1.0,50.0,50.0,500.0,500.0,0.1,0.618,8.89e-09,0.5,1.0,3.9,11.7,3.9,0.5,0.025,0.0125,5e-11,5e-11,1e-09,5e-09,2.51e-17,2.18e-18,7.87e-18,3.52e-09,2.33e-09,2.39e-10,8.46e-09,1.28e-09,3.15e-09,0.0319,0.0186,1.28e-10,11800000.0,45.0,0.0625,0.028,0.0945,0.00943,0.365,1.05e-15,519754,0.23,0.416,0.23,8.85e-21,1.85,0.0186,0.0,-2.23
4.0,2.0,8.89e-09,1e-08,2e-08,2.0,1.0,50.0,50.0,500.0,500.0,0.1,0.618,8.89e-09,0.5,1.0,3.9,11.7,3.9,0.5,0.025,0.0125,5e-11,5e-11,1e-09,5e-09,1.86e-17,5.46e-19,7.87e-18,2.7e-09,2.34e-09,2.39e-10,7.44e-09,1.29e-09,3.15e-09,0.0306,0.016,1.29e-10,13400000.0,45.0,0.062,0.0285,0.0926,0.0124,0.365,1.05e-15,519673,0.23,0.362,0.23,8.85e-21,1.85,0.016,0.0,-2.06
4.0,2.0,8.89e-09,1e-08,1e-08,2.0,1.0,50.0,50.0,500.0,500.0,0.1,0.618,8.89e-09,0.5,1.0,3.9,11.7,3.9,0.5,0.025,0.0125,5e-11,5e-11,1e-09,5e-09,2.07e-17,1.09e-18,7.87e-18,2.97e-09,2.34e-09,2.39e-10,7.45e-09,1.29e-09,3.15e-09,0.0306,0.0161,1.29e-10,13400000.0,45.0,0.062,0.0285,0.0926,0.0124,0.365,6.92e-16,519757,0.23,0.399,0.23,8.85e-21,1.85,0.0161,0.0,-2.06
4.0,2.0,8.89e-09,4e-08,1e-08,2.0,1.0,50.0,50.0,500.0,500.0,0.1,0.618,8.89e-09,0.5,1.0,3.9,11.7,3.9,0.5,0.025,0.0125,5e-11,5e-11,1e-09,5e-09,2.07e-17,1.09e-18,7.87e-18,2.97e-09,2.33e-09,2.39e-10,8.46e-09,1.28e-09,3.15e-09,0.0319,0.0186,1.28e-10,11800000.0,45.0,0.0625,0.028,0.0945,0.00943,0.365,1.23e-15,519689,0.23,0.351,0.23,8.85e-21,1.85,0.0186,0.0,-2.23
4.0,2.0,8.89e-09,4e-08,2e-08,2.0,1.0,50.0,50.0,500.0,500.0,0.1,0.618,8.89e-09,0.5,1.0,3.9,11.7,3.9,0.5,0.025,0.0125,5e-11,5e-11,1e-09,5e-09,1.86e-17,5.46e-19,7.87e-18,2.7e-09,2.33e-09,2.39e-10,8.46e-09,1.28e-09,3.15e-09,0.0319,0.0186,1.28e-10,11800000.0,45.0,0.0625,0.028,0.0945,0.00944,0.365,1.58e-15,519742,0.23,0.319,0.23,8.85e-21,1.85,0.0186,0.0,-2.23
4.0,2.0,8.89e-09,2e-08,1e-08,2.0,1.0,50.0,50.0,500.0,500.0,0.1,0.618,8.89e-09,0.5,1.0,3.9,11.7,3.9,0.5,0.025,0.0125,5e-11,5e-11,1e-09,5e-09,2.07e-17,1.09e-18,7.87e-18,2.97e-09,2.33e-09,2.39e-10,8.09e-09,1.29e-09,3.15e-09,0.0315,0.0178,1.29e-10,12400000.0,45.0,0.0624,0.0282,0.0938,0.0104,0.365,8.69e-16,519722,0.23,0.367,0.23,8.85e-21,1.85,0.0178,0.0,-2.17
4.0,2.0,8.89e-09,2e-08,2e-08,2.0,1.0,50.0,50.0,500.0,500.0,0.1,0.618,8.89e-09,0.5,1.0,3.9,11.7,3.9,0.5,0.025,0.0125,5e-11,5e-11,1e-09,5e-09,1.86e-17,5.46e-19,7.87e-18,2.7e-09,2.33e-09,2.39e-10,8.09e-09,1.29e-09,3.15e-09,0.0315,0.0178,1.29e-10,12400000.0,45.0,0.0624,0.0282,0.0938,0.0104,0.365,1.23e-15,519703,0.23,0.334,0.23,8.85e-21,1.85,0.0178,0.0,-2.17
4.0,2.0,8.89e-09,2e-08,2e-08,2.0,2.0,50.0,50.0,500.0,500.0,0.1,0.618,8.89e-09,0.5,1.0,3.9,11.7,3.9,0.5,0.025,0.0125,5e-11,5e-11,1e-09,5e-09,3.71e-17,1.09e-18,7.87e-18,4.61e-09,4.67e-09,2.39e-10,1.62e-08,2.45e-09,3.15e-09,0.0315,0.0178,2.45e-10,6180000.0,45.0,0.0624,0.0282,0.0938,0.0104,0.365,1.23e-15,519704,0.23,0.285,0.23,8.85e-21,1.85,0.0178,0.0,-2.17
4.0,2.0,8.89e-09,4e-08,2e-08,2.0,2.0,50.0,50.0,500.0,500.0,0.1,0.618,8.89e-09,0.5,1.0,3.9,11.7,3.9,0.5,0.025,0.0125,5e-11,5e-11,1e-09,5e-09,3.71e-17,1.09e-18,7.87e-18,4.61e-09,4.66e-09,2.39e-10,1.69e-08,2.45e-09,3.15e-09,0.0319,0.0186,2.45e-10,5910000.0,45.0,0.0625,0.028,0.0945,0.00944,0.365,1.58e-15,519730,0.23,0.272,0.23,8.85e-21,1.85,0.0186,0.0,-2.23
4.0,2.0,8.89e-09,1e-08,5e-09,2.0,1.0,50.0,50.0,500.0,500.0,0.1,0.618,8.89e-09,0.5,1.0,3.9,11.7,25.0,0.5,0.025,0.0125,5e-11,5e-11,2.11e-09,5e-09,5.84e-17,2.18e-18,7.87e-18,6.84e-09,2.23e-11,1.84e-16,1.58e-10,1.11e-11,2.38e-09,0.035,0.0268,1.11e-12,633000000.0,45.0,0.0627,0.0304,0.0977,0.00358,0.452,5.14e-16,519701,0.151,43.3,0.151,2.92e-21,1.43,0.0268,0.0,-3.18
4.0,2.0,8.89e-09,1e-08,1e-08,2.0,2.0,50.0,50.0,500.0,500.0,0.1,0.618,8.89e-09,0.5,1.0,3.9,11.7,25.0,0.5,0.025,0.0125,5e-11,5e-11,2.11e-09,5e-09,1.08e-16,2.18e-18,7.87e-18,1.18e-08,4.45e-11,1.84e-16,3.16e-10,2.23e-11,2.38e-09,0.035,0.0268,2.23e-12,316000000.0,45.0,0.0627,0.0304,0.0977,0.00358,0.452,6.92e-16,519696,0.151,37.4,0.151,2.92e-21,1.43,0.0268,0.0,-3.18
4.0,2.0,8.89e-09,1e-08,5e-09,2.0,2.0,50.0,50.0,500.0,500.0,0.1,0.618,8.89e-09,0.5,1.0,3.9,11.7,25.0,0.5,0.025,0.0125,5e-11,5e-11,2.11e-09,5e-09,1.17e-16,4.37e-18,7.87e-18,1.29e-08,4.45e-11,1.84e-16,3.16e-10,2.23e-11,2.38e-09,0.035,0.0268,2.23e-12,316000000.0,45.0,0.0627,0.0304,0.0977,0.00358,0.452,5.14e-16,519706,0.151,40.8,0.151,2.92e-21,1.43,0.0268,0.0,-3.18
4.0,2.0,8.89e-09,1e-08,1e-08,2.0,1.0,50.0,50.0,500.0,500.0,0.1,0.618,8.89e-09,0.5,1.0,3.9,11.7,25.0,0.5,0.025,0.0125,5e-11,5e-11,2.11e-09,5e-09,5.4e-17,1.09e-18,7.87e-18,6.3e-09,2.23e-11,1.84e-16,1.58e-10,1.11e-11,2.38e-09,0.035,0.0268,1.11e-12,633000000.0,45.0,0.0627,0.0304,0.0977,0.00358,0.452,6.92e-16,519702,0.151,39.8,0.151,2.92e-21,1.43,0.0268,0.0,-3.18
4.0,2.0,8.89e-09,2e-08,1e-08,2.0,2.0,50.0,50.0,500.0,500.0,0.1,0.618,8.89e-09,0.5,1.0,3.9,11.7,25.0,0.5,0.025,0.0125,5e-11,5e-11,2.11e-09,5e-09,1.08e-16,2.18e-18,7.87e-18,1.18e-08,4.45e-11,1.84e-16,3.17e-10,2.23e-11,2.38e-09,0.035,0.0268,2.23e-12,316000000.0,45.0,0.0627,0.0304,0.0977,0.00357,0.452,8.69e-16,519690,0.151,37.3,0.151,2.92e-21,1.43,0.0268,0.0,-3.18
4.0,2.0,8.89e-09,1e-08,2e-08,2.0,1.0,50.0,50.0,500.0,500.0,0.1,0.618,8.89e-09,0.5,1.0,3.9,11.7,25.0,0.5,0.025,0.0125,5e-11,5e-11,2.11e-09,5e-09,5.18e-17,5.46e-19,7.87e-18,6.03e-09,2.23e-11,1.84e-16,1.58e-10,1.11e-11,2.38e-09,0.035,0.0268,1.11e-12,633000000.0,45.0,0.0627,0.0304,0.0977,0.00358,0.452,1.05e-15,519755,0.151,38.1,0.151,2.92e-21,1.43,0.0268,0.0,-3.18
4.0,2.0,8.89e-09,2e-08,2e-08,2.0,1.0,50.0,50.0,500.0,500.0,0.1,0.618,8.89e-09,0.5,1.0,3.9,11.7,25.0,0.5,0.025,0.0125,5e-11,5e-11,2.11e-09,5e-09,5.18e-17,5.46e-19,7.87e-18,6.03e-09,2.23e-11,1.84e-16,1.58e-10,1.11e-11,2.38e-09,0.035,0.0268,1.11e-12,631000000.0,45.0,0.0627,0.0304,0.0977,0.00357,0.452,1.23e-15,519744,0.151,38.0,0.151,2.92e-21,1.43,0.0268,0.0,-3.18
4.0,2.0,8.89e-09,1e-08,2e-08,2.0,2.0,50.0,50.0,500.0,500.0,0.1,0.618,8.89e-09,0.5,1.0,3.9,11.7,25.0,0.5,0.025,0.0125,5e-11,5e-11,2.11e-09,5e-09,1.04e-16,1.09e-18,7.87e-18,1.13e-08,4.45e-11,1.84e-16,3.16e-10,2.23e-11,2.38e-09,0.035,0.0268,2.23e-12,316000000.0,45.0,0.0627,0.0304,0.0977,0.00358,0.452,1.05e-15,519729,0.151,35.6,0.151,2.92e-21,1.43,0.0268,0.0,-3.18
4.0,2.0,8.89e-09,2e-08,2e-08,2.0,2.0,50.0,50.0,500.0,500.0,0.1,0.618,8.89e-09,0.5,1.0,3.9,11.7,25.0,0.5,0.025,0.0125,5e-11,5e-11,2.11e-09,5e-09,1.04e-16,1.09e-18,7.87e-18,1.13e-08,4.45e-11,1.84e-16,3.17e-10,2.23e-11,2.38e-09,0.035,0.0268,2.23e-12,316000000.0,45.0,0.0627,0.0304,0.0977,0.00357,0.452,1.23e-15,519660,0.151,35.5,0.151,2.92e-21,1.43,0.0268,0.0,-3.18
4.0,2.0,8.89e-09,1e-08,5e-09,2.0,2.0,50.0,50.0,500.0,500.0,0.1,0.9,8.89e-09,0.5,1.0,3.9,11.7,25.0,0.5,0.025,0.0125,5e-11,5e-11,4.47e-09,5e-09,6.44e-17,4.37e-18,7.87e-18,7.67e-09,2.93e-10,5.24e-18,8.36e-10,1.47e-10,3.69e-09,0.0306,0.0138,1.47e-11,120000000.0,45.0,0.0621,0.0271,0.0927,0.0134,0.597,5.14e-16,519687,0.275,9.17,0.275,6.180000000000001e-21,2.22,0.0138,0.0,-1.92
4.0,2.0,8.89e-09,4e-08,5e-09,2.0,1.0,50.0,50.0,500.0,500.0,0.1,0.9,8.89e-09,0.5,1.0,3.9,11.7,25.0,0.5,0.025,0.0125,5e-11,5e-11,4.47e-09,5e-09,3.22e-17,2.18e-18,7.87e-18,4.23e-09,1.46e-10,5.24e-18,4.21e-10,7.32e-11,3.69e-09,0.0307,0.0139,7.32e-12,238000000.0,45.0,0.0621,0.0271,0.0928,0.0132,0.597,1.05e-15,519683,0.275,10.1,0.275,6.180000000000001e-21,2.22,0.0139,0.0,-1.92
4.0,2.0,8.89e-09,1e-08,5e-09,2.0,1.0,50.0,50.0,500.0,500.0,0.1,0.9,8.89e-09,0.5,1.0,3.9,11.7,25.0,0.5,0.025,0.0125,5e-11,5e-11,4.47e-09,5e-09,3.22e-17,2.18e-18,7.87e-18,4.23e-09,1.47e-10,5.24e-18,4.18e-10,7.33e-11,3.69e-09,0.0306,0.0138,7.33e-12,239000000.0,45.0,0.0621,0.0271,0.0927,0.0134,0.597,5.14e-16,519693,0.275,10.1,0.275,6.180000000000001e-21,2.22,0.0138,0.0,-1.92
4.0,2.0,8.89e-09,1e-08,1e-08,2.0,2.0,50.0,50.0,500.0,500.0,0.1,0.9,8.89e-09,0.5,1.0,3.9,11.7,25.0,0.5,0.025,0.0125,5e-11,5e-11,4.47e-09,5e-09,5.57e-17,2.18e-18,7.87e-18,6.57e-09,2.93e-10,5.24e-18,8.36e-10,1.47e-10,3.69e-09,0.0306,0.0138,1.47e-11,120000000.0,45.0,0.0621,0.0271,0.0927,0.0134,0.597,6.92e-16,519690,0.275,7.87,0.275,6.180000000000001e-21,2.22,0.0138,0.0,-1.92
4.0,2.0,8.89e-09,4e-08,1e-08,2.0,2.0,50.0,50.0,500.0,500.0,0.1,0.9,8.89e-09,0.5,1.0,3.9,11.7,25.0,0.5,0.025,0.0125,5e-11,5e-11,4.47e-09,5e-09,5.57e-17,2.18e-18,7.87e-18,6.57e-09,2.93e-10,5.24e-18,8.41e-10,1.46e-10,3.69e-09,0.0307,0.0139,1.46e-11,119000000.0,45.0,0.0621,0.0271,0.0928,0.0132,0.597,1.23e-15,519756,0.275,7.82,0.275,6.180000000000001e-21,2.22,0.0139,0.0,-1.92
4.0,2.0,8.89e-09,1e-08,1e-08,2.0,1.0,50.0,50.0,500.0,500.0,0.1,0.9,8.89e-09,0.5,1.0,3.9,11.7,25.0,0.5,0.025,0.0125,5e-11,5e-11,4.47e-09,5e-09,2.78e-17,1.09e-18,7.87e-18,3.68e-09,1.47e-10,5.24e-18,4.18e-10,7.33e-11,3.69e-09,0.0306,0.0138,7.33e-12,239000000.0,45.0,0.0621,0.0271,0.0927,0.0134,0.597,6.92e-16,519748,0.275,8.81,0.275,6.180000000000001e-21,2.22,0.0138,0.0,-1.92
4.0,2.0,8.89e-09,2e-08,1e-08,2.0,2.0,50.0,50.0,500.0,500.0,0.1,0.9,8.89e-09,0.5,1.0,3.9,11.7,25.0,0.5,0.025,0.0125,5e-11,5e-11,4.47e-09,5e-09,5.57e-17,2.18e-18,7.87e-18,6.57e-09,2.93e-10,5.24e-18,8.39e-10,1.47e-10,3.69e-09,0.0306,0.0139,1.47e-11,119000000.0,45.0,0.0621,0.0271,0.0927,0.0132,0.597,8.69e-16,519763,0.275,7.83,0.275,6.180000000000001e-21,2.22,0.0139,0.0,-1.92
4.0,2.0,8.89e-09,2e-08,1e-08,2.0,1.0,50.0,50.0,500.0,500.0,0.1,0.9,8.89e-09,0.5,1.0,3.9,11.7,25.0,0.5,0.025,0.0125,5e-11,5e-11,4.47e-09,5e-09,2.78e-17,1.09e-18,7.87e-18,3.68e-09,1.47e-10,5.24e-18,4.2e-10,7.33e-11,3.69e-09,0.0306,0.0139,7.33e-12,238000000.0,45.0,0.0621,0.0271,0.0927,0.0132,0.597,8.69e-16,519663,0.275,8.77,0.275,6.180000000000001e-21,2.22,0.0139,0.0,-1.92
4.0,2.0,8.89e-09,2e-08,2e-08,2.0,2.0,50.0,50.0,500.0,500.0,0.1,0.9,8.89e-09,0.5,1.0,3.9,11.7,25.0,0.5,0.025,0.0125,5e-11,5e-11,4.47e-09,5e-09,5.13e-17,1.09e-18,7.87e-18,6.03e-09,2.93e-10,5.24e-18,8.39e-10,1.47e-10,3.69e-09,0.0306,0.0139,1.47e-11,119000000.0,45.0,0.0621,0.0271,0.0927,0.0132,0.597,1.23e-15,519665,0.275,7.18,0.275,6.180000000000001e-21,2.22,0.0139,0.0,-1.92
4.0,2.0,8.89e-09,4e-08,1e-08,2.0,1.0,50.0,50.0,500.0,500.0,0.1,0.9,8.89e-09,0.5,1.0,3.9,11.7,25.0,0.5,0.025,0.0125,5e-11,5e-11,4.47e-09,5e-09,2.78e-17,1.09e-18,7.87e-18,3.68e-09,1.46e-10,5.24e-18,4.21e-10,7.32e-11,3.69e-09,0.0307,0.0139,7.32e-12,238000000.0,45.0,0.0621,0.0271,0.0928,0.0132,0.597,1.23e-15,519661,0.275,8.75,0.275,6.180000000000001e-21,2.22,0.0139,0.0,-1.92
4.0,2.0,8.89e-09,1e-08,2e-08,2.0,2.0,50.0,50.0,500.0,500.0,0.1,0.9,8.89e-09,0.5,1.0,3.9,11.7,25.0,0.5,0.025,0.0125,5e-11,5e-11,4.47e-09,5e-09,5.13e-17,1.09e-18,7.87e-18,6.03e-09,2.93e-10,5.24e-18,8.36e-10,1.47e-10,3.69e-09,0.0306,0.0138,1.47e-11,120000000.0,45.0,0.0621,0.0271,0.0927,0.0134,0.597,1.05e-15,519658,0.275,7.21,0.275,6.180000000000001e-21,2.22,0.0138,0.0,-1.92
4.0,2.0,8.89e-09,1e-08,2e-08,2.0,1.0,50.0,50.0,500.0,500.0,0.1,0.9,8.89e-09,0.5,1.0,3.9,11.7,25.0,0.5,0.025,0.0125,5e-11,5e-11,4.47e-09,5e-09,2.57e-17,5.46e-19,7.87e-18,3.41e-09,1.47e-10,5.24e-18,4.18e-10,7.33e-11,3.69e-09,0.0306,0.0138,7.33e-12,239000000.0,45.0,0.0621,0.0271,0.0927,0.0134,0.597,1.05e-15,519720,0.275,8.16,0.275,6.180000000000001e-21,2.22,0.0138,0.0,-1.92
4.0,2.0,8.89e-09,2e-08,2e-08,2.0,1.0,50.0,50.0,500.0,500.0,0.1,0.9,8.89e-09,0.5,1.0,3.9,11.7,25.0,0.5,0.025,0.0125,5e-11,5e-11,4.47e-09,5e-09,2.57e-17,5.46e-19,7.87e-18,3.41e-09,1.47e-10,5.24e-18,4.2e-10,7.33e-11,3.69e-09,0.0306,0.0139,7.33e-12,238000000.0,45.0,0.0621,0.0271,0.0927,0.0132,0.597,1.23e-15,519758,0.275,8.12,0.275,6.180000000000001e-21,2.22,0.0139,0.0,-1.92
4.0,2.0,8.89e-09,4e-08,2e-08,2.0,2.0,50.0,50.0,500.0,500.0,0.1,0.9,8.89e-09,0.5,1.0,3.9,11.7,25.0,0.5,0.025,0.0125,5e-11,5e-11,4.47e-09,5e-09,5.13e-17,1.09e-18,7.87e-18,6.03e-09,2.93e-10,5.24e-18,8.41e-10,1.46e-10,3.69e-09,0.0307,0.0139,1.46e-11,119000000.0,45.0,0.0621,0.0271,0.0928,0.0132,0.597,1.58e-15,519685,0.275,7.17,0.275,6.180000000000001e-21,2.22,0.0139,0.0,-1.92
4.0,2.0,8.89e-09,4e-08,2e-08,2.0,1.0,50.0,50.0,500.0,500.0,0.1,0.9,8.89e-09,0.5,1.0,3.9,11.7,25.0,0.5,0.025,0.0125,5e-11,5e-11,4.47e-09,5e-09,2.57e-17,5.46e-19,7.87e-18,3.41e-09,1.46e-10,5.24e-18,4.21e-10,7.32e-11,3.69e-09,0.0307,0.0139,7.32e-12,238000000.0,45.0,0.0621,0.0271,0.0928,0.0132,0.597,1.58e-15,519689,0.275,8.1,0.275,6.180000000000001e-21,2.22,0.0139,0.0,-1.92
4.0,2.0,8.89e-09,4e-08,5e-09,2.0,1.0,50.0,50.0,500.0,500.0,0.186,0.424,8.89e-09,0.5,1.0,3.9,11.7,25.0,0.5,0.025,0.0125,5e-11,5e-11,2.11e-09,5e-09,5.84e-17,2.18e-18,7.87e-18,1.27e-08,6.05e-09,2.82e-190,1.2e-07,3.03e-09,2.38e-09,0.0706,0.0628,5.63e-10,1540000.0,45.0,0.114,0.065,0.184,0.0022,0.245,1.05e-15,43560,0.151,0.106,0.151,2.92e-21,1.43,0.0628,0.0,-5.13
4.0,2.0,8.89e-09,4e-08,1e-08,2.0,1.0,50.0,50.0,500.0,500.0,0.186,0.424,8.89e-09,0.5,1.0,3.9,11.7,25.0,0.5,0.025,0.0125,5e-11,5e-11,2.11e-09,5e-09,5.4e-17,1.09e-18,7.87e-18,1.17e-08,6.05e-09,2.82e-190,1.2e-07,3.03e-09,2.38e-09,0.0706,0.0628,5.63e-10,1550000.0,45.0,0.114,0.065,0.184,0.0022,0.245,1.23e-15,43620,0.151,0.0974,0.151,2.92e-21,1.43,0.0628,0.0,-5.13
4.0,2.0,8.89e-09,4e-08,2e-08,2.0,1.0,50.0,50.0,500.0,500.0,0.186,0.424,8.89e-09,0.5,1.0,3.9,11.7,25.0,0.5,0.025,0.0125,5e-11,5e-11,2.11e-09,5e-09,5.18e-17,5.46e-19,7.87e-18,1.12e-08,6.05e-09,2.82e-190,1.2e-07,3.03e-09,2.38e-09,0.0706,0.0628,5.63e-10,1550000.0,45.0,0.114,0.065,0.184,0.00221,0.245,1.58e-15,43556,0.151,0.0933,0.151,2.92e-21,1.43,0.0628,0.0,-5.13
4.0,2.0,8.89e-09,1e-08,5e-09,2.0,1.0,50.0,50.0,500.0,500.0,0.346,0.618,8.89e-09,0.5,1.0,3.9,11.7,3.9,0.5,0.025,0.0125,5e-11,5e-11,1e-09,5e-09,2.51e-17,2.18e-18,7.87e-18,1.22e-08,7.21e-09,6.83e-150,1.04e-07,3.61e-09,3.15e-09,0.127,0.114,1.25e-09,3320000.0,45.0,0.213,0.122,0.34,0.0083,0.308,5.14e-16,43549,0.23,0.117,0.23,8.85e-21,1.85,0.114,0.0,-4.0
4.0,2.0,8.89e-09,1e-08,5e-09,2.0,2.0,50.0,50.0,500.0,500.0,0.346,0.618,8.89e-09,0.5,1.0,3.9,11.7,3.9,0.5,0.025,0.0125,5e-11,5e-11,1e-09,5e-09,5.02e-17,4.37e-18,7.87e-18,2.16e-08,1.44e-08,6.83e-150,2.09e-07,7.21e-09,3.15e-09,0.127,0.114,2.5e-09,1660000.0,45.0,0.213,0.122,0.34,0.0083,0.308,5.14e-16,43613,0.23,0.104,0.23,8.85e-21,1.85,0.114,0.0,-4.0
4.0,2.0,8.89e-09,2e-08,5e-09,2.0,1.0,50.0,50.0,500.0,500.0,0.346,0.618,8.89e-09,0.5,1.0,3.9,11.7,3.9,0.5,0.025,0.0125,5e-11,5e-11,1e-09,5e-09,2.51e-17,2.18e-18,7.87e-18,1.22e-08,7.17e-09,6.83e-150,1.73e-07,3.58e-09,3.15e-09,0.129,0.116,1.24e-09,2010000.0,45.0,0.214,0.121,0.343,0.00429,0.308,6.92e-16,43572,0.23,0.0706,0.23,8.85e-21,1.85,0.116,0.0,-4.1
4.0,2.0,8.89e-09,1e-08,1e-08,2.0,1.0,50.0,50.0,500.0,500.0,0.346,0.618,8.89e-09,0.5,1.0,3.9,11.7,3.9,0.5,0.025,0.0125,5e-11,5e-11,1e-09,5e-09,2.07e-17,1.09e-18,7.87e-18,1.03e-08,7.21e-09,6.83e-150,1.04e-07,3.61e-09,3.15e-09,0.127,0.114,1.25e-09,3320000.0,45.0,0.213,0.122,0.34,0.0083,0.308,6.92e-16,43573,0.23,0.0986,0.23,8.85e-21,1.85,0.114,0.0,-4.0
4.0,2.0,8.89e-09,4e-08,5e-09,2.0,1.0,50.0,50.0,500.0,500.0,0.346,0.618,8.89e-09,0.5,1.0,3.9,11.7,3.9,0.5,0.025,0.0125,5e-11,5e-11,1e-09,5e-09,2.51e-17,2.18e-18,7.87e-18,1.22e-08,7.14e-09,6.83e-150,2.58e-07,3.57e-09,3.15e-09,0.13,0.117,1.24e-09,1340000.0,45.0,0.215,0.12,0.345,0.0023,0.308,1.05e-15,43569,0.23,0.0472,0.23,8.85e-21,1.85,0.117,0.0,-4.15
4.0,2.0,8.89e-09,2e-08,1e-08,2.0,1.0,50.0,50.0,500.0,500.0,0.346,0.618,8.89e-09,0.5,1.0,3.9,11.7,3.9,0.5,0.025,0.0125,5e-11,5e-11,1e-09,5e-09,2.07e-17,1.09e-18,7.87e-18,1.03e-08,7.17e-09,6.83e-150,1.73e-07,3.58e-09,3.15e-09,0.129,0.116,1.24e-09,2010000.0,45.0,0.214,0.121,0.343,0.0043,0.308,8.69e-16,43548,0.23,0.0596,0.23,8.85e-21,1.85,0.116,0.0,-4.1
4.0,2.0,8.89e-09,2e-08,1e-08,2.0,2.0,50.0,50.0,500.0,500.0,0.346,0.618,8.89e-09,0.5,1.0,3.9,11.7,3.9,0.5,0.025,0.0125,5e-11,5e-11,1e-09,5e-09,4.15e-17,2.18e-18,7.87e-18,1.79e-08,1.43e-08,6.83e-150,3.45e-07,7.17e-09,3.15e-09,0.129,0.116,2.48e-09,1000000.0,45.0,0.214,0.121,0.343,0.0043,0.308,8.69e-16,43618,0.23,0.0517,0.23,8.85e-21,1.85,0.116,0.0,-4.1
4.0,2.0,8.89e-09,4e-08,5e-09,2.0,2.0,50.0,50.0,500.0,500.0,0.346,0.618,8.89e-09,0.5,1.0,3.9,11.7,3.9,0.5,0.025,0.0125,5e-11,5e-11,1e-09,5e-09,5.02e-17,4.37e-18,7.87e-18,2.16e-08,1.43e-08,6.83e-150,5.16e-07,7.14e-09,3.15e-09,0.13,0.117,2.48e-09,671000.0,45.0,0.215,0.12,0.345,0.0023,0.308,1.05e-15,43620,0.23,0.0419,0.23,8.85e-21,1.85,0.117,0.0,-4.15
4.0,2.0,8.89e-09,4e-08,1e-08,2.0,2.0,50.0,50.0,500.0,500.0,0.346,0.618,8.89e-09,0.5,1.0,3.9,11.7,3.9,0.5,0.025,0.0125,5e-11,5e-11,1e-09,5e-09,4.15e-17,2.18e-18,7.87e-18,1.79e-08,1.43e-08,6.83e-150,5.16e-07,7.14e-09,3.15e-09,0.13,0.117,2.48e-09,672000.0,45.0,0.215,0.12,0.345,0.0023,0.308,1.23e-15,43632,0.23,0.0346,0.23,8.85e-21,1.85,0.117,0.0,-4.15
4.0,2.0,8.89e-09,4e-08,1e-08,2.0,1.0,50.0,50.0,500.0,500.0,0.346,0.618,8.89e-09,0.5,1.0,3.9,11.7,3.9,0.5,0.025,0.0125,5e-11,5e-11,1e-09,5e-09,2.07e-17,1.09e-18,7.87e-18,1.03e-08,7.14e-09,6.83e-150,2.58e-07,3.57e-09,3.15e-09,0.13,0.117,1.24e-09,1340000.0,45.0,0.215,0.12,0.345,0.0023,0.308,1.23e-15,43634,0.23,0.0399,0.23,8.85e-21,1.85,0.117,0.0,-4.15
4.0,2.0,8.89e-09,2e-08,2e-08,2.0,1.0,50.0,50.0,500.0,500.0,0.346,0.618,8.89e-09,0.5,1.0,3.9,11.7,3.9,0.5,0.025,0.0125,5e-11,5e-11,1e-09,5e-09,1.86e-17,5.46e-19,7.87e-18,9.35e-09,7.17e-09,6.83e-150,1.72e-07,3.58e-09,3.15e-09,0.129,0.116,1.24e-09,2010000.0,45.0,0.214,0.121,0.343,0.00431,0.308,1.23e-15,43640,0.23,0.0542,0.23,8.85e-21,1.85,0.116,0.0,-4.1
4.0,2.0,8.89e-09,4e-08,2e-08,2.0,1.0,50.0,50.0,500.0,500.0,0.346,0.618,8.89e-09,0.5,1.0,3.9,11.7,3.9,0.5,0.025,0.0125,5e-11,5e-11,1e-09,5e-09,1.86e-17,5.46e-19,7.87e-18,9.35e-09,7.15e-09,6.83e-150,2.57e-07,3.57e-09,3.15e-09,0.13,0.117,1.24e-09,1350000.0,45.0,0.215,0.12,0.345,0.00231,0.308,1.58e-15,43589,0.23,0.0363,0.23,8.85e-21,1.85,0.117,0.0,-4.15
4.0,2.0,8.89e-09,4e-08,2e-08,2.0,2.0,50.0,50.0,500.0,500.0,0.346,0.618,8.89e-09,0.5,1.0,3.9,11.7,3.9,0.5,0.025,0.0125,5e-11,5e-11,1e-09,5e-09,3.71e-17,1.09e-18,7.87e-18,1.6e-08,1.43e-08,6.83e-150,5.15e-07,7.15e-09,3.15e-09,0.13,0.117,2.48e-09,673000.0,45.0,0.215,0.12,0.345,0.00231,0.308,1.58e-15,43559,0.23,0.031,0.23,8.85e-21,1.85,0.117,0.0,-4.15
4.0,2.0,8.89e-09,1e-08,5e-09,2.0,1.0,50.0,50.0,500.0,500.0,0.346,0.618,8.89e-09,0.5,1.0,3.9,11.7,25.0,0.5,0.025,0.0125,5e-11,5e-11,1e-09,5e-09,1.14e-16,2.18e-18,7.87e-18,4.29e-08,1.05e-12,4.7699999999999996e-30,1.04e-08,5.23e-13,1.91e-09,0.147,0.141,1.81e-13,33400000.0,45.0,0.199,0.141,0.346,2.83e-06,0.487,5.14e-16,43551,0.0969,4.14,0.0969,1.38e-21,1.24,0.141,0.0,-9.64
4.0,2.0,8.89e-09,4e-08,1e-08,2.0,1.0,50.0,50.0,500.0,500.0,0.346,0.618,8.89e-09,0.5,1.0,3.9,11.7,3.9,0.5,0.025,0.0125,5e-11,5e-11,2.11e-09,5e-09,1.21e-17,1.09e-18,7.87e-18,7.3e-09,1.98e-07,4.99e-82,4.69e-07,9.88e-08,4.4e-09,0.0998,0.053,3.42e-08,739000.0,45.0,0.2,0.118,0.299,0.0653,0.185,1.23e-15,43588,0.321,0.0156,0.321,1.87e-20,2.8,0.053,0.0,-2.37
4.0,2.0,8.89e-09,4e-08,1e-08,2.0,2.0,50.0,50.0,500.0,500.0,0.346,0.618,8.89e-09,0.5,1.0,3.9,11.7,3.9,0.5,0.025,0.0125,5e-11,5e-11,2.11e-09,5e-09,2.42e-17,2.18e-18,7.87e-18,1.19e-08,3.95e-07,4.99e-82,9.38e-07,1.98e-07,4.4e-09,0.0998,0.053,6.84e-08,369000.0,45.0,0.2,0.118,0.299,0.0653,0.185,1.23e-15,43622,0.321,0.0127,0.321,1.87e-20,2.8,0.053,0.0,-2.37
4.0,2.0,8.89e-09,4e-08,2e-08,2.0,3.0,50.0,50.0,500.0,500.0,0.346,0.618,8.89e-09,0.5,1.0,3.9,11.7,3.9,0.5,0.025,0.0125,5e-11,5e-11,2.11e-09,5e-09,2.98e-17,1.64e-18,7.87e-18,1.36e-08,5.93e-07,4.99e-82,1.4e-06,2.96e-07,4.4e-09,0.0997,0.0529,1.03e-07,247000.0,45.0,0.2,0.118,0.299,0.0655,0.185,1.58e-15,43583,0.321,0.0097,0.321,1.87e-20,2.8,0.0529,0.0,-2.37
4.0,2.0,8.89e-09,4e-08,2e-08,2.0,1.0,50.0,50.0,500.0,500.0,0.346,0.618,8.89e-09,0.5,1.0,3.9,11.7,3.9,0.5,0.025,0.0125,5e-11,5e-11,2.11e-09,5e-09,9.93e-18,5.46e-19,7.87e-18,6.36e-09,1.98e-07,4.99e-82,4.68e-07,9.88e-08,4.4e-09,0.0997,0.0529,3.42e-08,741000.0,45.0,0.2,0.118,0.299,0.0655,0.185,1.58e-15,43598,0.321,0.0136,0.321,1.87e-20,2.8,0.0529,0.0,-2.37
4.0,2.0,8.89e-09,4e-08,2e-08,2.0,2.0,50.0,50.0,500.0,500.0,0.346,0.618,8.89e-09,0.5,1.0,3.9,11.7,3.9,0.5,0.025,0.0125,5e-11,5e-11,2.11e-09,5e-09,1.99e-17,1.09e-18,7.87e-18,9.98e-09,3.95e-07,4.99e-82,9.35e-07,1.98e-07,4.4e-09,0.0997,0.0529,6.84e-08,370000.0,45.0,0.2,0.118,0.299,0.0655,0.185,1.58e-15,43542,0.321,0.0107,0.321,1.87e-20,2.8,0.0529,0.0,-2.37
4.0,2.0,8.89e-09,1e-08,5e-09,2.0,1.0,50.0,50.0,500.0,500.0,0.346,0.618,8.89e-09,0.5,1.0,3.9,11.7,25.0,0.5,0.025,0.0125,5e-11,5e-11,2.11e-09,5e-09,5.84e-17,2.18e-18,7.87e-18,2.37e-08,6.01e-11,1.81e-162,4.01e-08,3e-11,2.38e-09,0.139,0.132,1.04e-11,8640000.0,45.0,0.207,0.133,0.346,7.73e-05,0.414,5.14e-16,43634,0.151,0.591,0.151,2.92e-21,1.43,0.132,0.0,-6.36
4.0,2.0,8.89e-09,4e-08,5e-09,2.0,2.0,50.0,50.0,500.0,500.0,0.346,0.618,8.89e-09,0.5,1.0,3.9,11.7,25.0,0.5,0.025,0.0125,5e-11,5e-11,2.11e-09,5e-09,1.17e-16,4.37e-18,7.87e-18,4.47e-08,1.2e-10,1.81e-162,1.58e-07,6e-11,2.38e-09,0.14,0.133,2.08e-11,2190000.0,45.0,0.207,0.133,0.346,2.73e-05,0.414,1.05e-15,43563,0.151,0.283,0.151,2.92e-21,1.43,0.133,0.0,-6.37
4.0,2.0,8.89e-09,4e-08,5e-09,2.0,1.0,50.0,50.0,500.0,500.0,0.346,0.618,8.89e-09,0.5,1.0,3.9,11.7,25.0,0.5,0.025,0.0125,5e-11,5e-11,2.11e-09,5e-09,5.84e-17,2.18e-18,7.87e-18,2.37e-08,6e-11,1.81e-162,7.89e-08,3e-11,2.38e-09,0.14,0.133,1.04e-11,4390000.0,45.0,0.207,0.133,0.346,2.73e-05,0.414,1.05e-15,43581,0.151,0.3,0.151,2.92e-21,1.43,0.133,0.0,-6.37
4.0,2.0,8.89e-09,2e-08,5e-09,2.0,1.0,50.0,50.0,500.0,500.0,0.346,0.618,8.89e-09,0.5,1.0,3.9,11.7,25.0,0.5,0.025,0.0125,5e-11,5e-11,2.11e-09,5e-09,5.84e-17,2.18e-18,7.87e-18,2.37e-08,6e-11,1.81e-162,5.79e-08,3e-11,2.38e-09,0.14,0.133,1.04e-11,5980000.0,45.0,0.207,0.133,0.346,4.4e-05,0.414,6.92e-16,43597,0.151,0.409,0.151,2.92e-21,1.43,0.133,0.0,-6.36
4.0,2.0,8.89e-09,2e-08,5e-09,2.0,2.0,50.0,50.0,500.0,500.0,0.346,0.618,8.89e-09,0.5,1.0,3.9,11.7,25.0,0.5,0.025,0.0125,5e-11,5e-11,2.11e-09,5e-09,1.17e-16,4.37e-18,7.87e-18,4.47e-08,1.2e-10,1.81e-162,1.16e-07,6e-11,2.38e-09,0.14,0.133,2.08e-11,2990000.0,45.0,0.207,0.133,0.346,4.4e-05,0.414,6.92e-16,43554,0.151,0.386,0.151,2.92e-21,1.43,0.133,0.0,-6.36
4.0,2.0,8.89e-09,1e-08,5e-09,2.0,2.0,50.0,50.0,500.0,500.0,0.346,0.618,8.89e-09,0.5,1.0,3.9,11.7,25.0,0.5,0.025,0.0125,5e-11,5e-11,2.11e-09,5e-09,1.17e-16,4.37e-18,7.87e-18,4.47e-08,1.2e-10,1.81e-162,8.02e-08,6.01e-11,2.38e-09,0.139,0.132,2.08e-11,4320000.0,45.0,0.207,0.133,0.346,7.73e-05,0.414,5.14e-16,43562,0.151,0.557,0.151,2.92e-21,1.43,0.132,0.0,-6.36
4.0,2.0,8.89e-09,1e-08,1e-08,2.0,1.0,50.0,50.0,500.0,500.0,0.346,0.618,8.89e-09,0.5,1.0,3.9,11.7,25.0,0.5,0.025,0.0125,5e-11,5e-11,2.11e-09,5e-09,5.4e-17,1.09e-18,7.87e-18,2.18e-08,6.01e-11,1.81e-162,4.01e-08,3e-11,2.38e-09,0.139,0.132,1.04e-11,8640000.0,45.0,0.207,0.133,0.346,7.73e-05,0.414,6.92e-16,43622,0.151,0.544,0.151,2.92e-21,1.43,0.132,0.0,-6.36
4.0,2.0,8.89e-09,1e-08,2e-08,2.0,1.0,50.0,50.0,500.0,500.0,0.346,0.618,8.89e-09,0.5,1.0,3.9,11.7,25.0,0.5,0.025,0.0125,5e-11,5e-11,2.11e-09,5e-09,5.18e-17,5.46e-19,7.87e-18,2.09e-08,6.01e-11,1.81e-162,4.01e-08,3e-11,2.38e-09,0.139,0.132,1.04e-11,8640000.0,45.0,0.207,0.133,0.346,7.74e-05,0.414,1.05e-15,43598,0.151,0.521,0.151,2.92e-21,1.43,0.132,0.0,-6.36
4.0,2.0,8.89e-09,4e-08,1e-08,2.0,1.0,50.0,50.0,500.0,500.0,0.346,0.618,8.89e-09,0.5,1.0,3.9,11.7,25.0,0.5,0.025,0.0125,5e-11,5e-11,2.11e-09,5e-09,5.4e-17,1.09e-18,7.87e-18,2.18e-08,6e-11,1.81e-162,7.89e-08,3e-11,2.38e-09,0.14,0.133,1.04e-11,4390000.0,45.0,0.207,0.133,0.346,2.74e-05,0.414,1.23e-15,43603,0.151,0.277,0.151,2.92e-21,1.43,0.133,0.0,-6.37
4.0,2.0,8.89e-09,4e-08,1e-08,2.0,2.0,50.0,50.0,500.0,500.0,0.346,0.618,8.89e-09,0.5,1.0,3.9,11.7,25.0,0.5,0.025,0.0125,5e-11,5e-11,2.11e-09,5e-09,1.08e-16,2.18e-18,7.87e-18,4.09e-08,1.2e-10,1.81e-162,1.58e-07,6e-11,2.38e-09,0.14,0.133,2.08e-11,2200000.0,45.0,0.207,0.133,0.346,2.74e-05,0.414,1.23e-15,43565,0.151,0.259,0.151,2.92e-21,1.43,0.133,0.0,-6.37
4.0,2.0,8.89e-09,4e-08,2e-08,2.0,2.0,50.0,50.0,500.0,500.0,0.346,0.618,8.89e-09,0.5,1.0,3.9,11.7,25.0,0.5,0.025,0.0125,5e-11,5e-11,2.11e-09,5e-09,1.04e-16,1.09e-18,7.87e-18,3.9e-08,1.2e-10,1.81e-162,1.58e-07,6e-11,2.38e-09,0.14,0.133,2.08e-11,2200000.0,45.0,0.207,0.133,0.346,2.74e-05,0.414,1.58e-15,43611,0.151,0.248,0.151,2.92e-21,1.43,0.133,0.0,-6.37
4.0,2.0,8.89e-09,2e-08,1e-08,2.0,2.0,50.0,50.0,500.0,500.0,0.346,0.618,8.89e-09,0.5,1.0,3.9,11.7,25.0,0.5,0.025,0.0125,5e-11,5e-11,2.11e-09,5e-09,1.08e-16,2.18e-18,7.87e-18,4.09e-08,1.2e-10,1.81e-162,1.16e-07,6e-11,2.38e-09,0.14,0.133,2.08e-11,2990000.0,45.0,0.207,0.133,0.346,4.4e-05,0.414,8.69e-16,43584,0.151,0.353,0.151,2.92e-21,1.43,0.133,0.0,-6.36
4.0,2.0,8.89e-09,2e-08,1e-08,2.0,1.0,50.0,50.0,500.0,500.0,0.346,0.618,8.89e-09,0.5,1.0,3.9,11.7,25.0,0.5,0.025,0.0125,5e-11,5e-11,2.11e-09,5e-09,5.4e-17,1.09e-18,7.87e-18,2.18e-08,6e-11,1.81e-162,5.79e-08,3e-11,2.38e-09,0.14,0.133,1.04e-11,5990000.0,45.0,0.207,0.133,0.346,4.4e-05,0.414,8.69e-16,43583,0.151,0.377,0.151,2.92e-21,1.43,0.133,0.0,-6.36
4.0,2.0,8.89e-09,2e-08,2e-08,2.0,1.0,50.0,50.0,500.0,500.0,0.346,0.618,8.89e-09,0.5,1.0,3.9,11.7,25.0,0.5,0.025,0.0125,5e-11,5e-11,2.11e-09,5e-09,5.18e-17,5.46e-19,7.87e-18,2.09e-08,6e-11,1.81e-162,5.78e-08,3e-11,2.38e-09,0.14,0.133,1.04e-11,5990000.0,45.0,0.207,0.133,0.346,4.41e-05,0.414,1.23e-15,43564,0.151,0.361,0.151,2.92e-21,1.43,0.133,0.0,-6.36
4.0,2.0,8.89e-09,4e-08,2e-08,2.0,1.0,50.0,50.0,500.0,500.0,0.346,0.618,8.89e-09,0.5,1.0,3.9,11.7,25.0,0.5,0.025,0.0125,5e-11,5e-11,2.11e-09,5e-09,5.18e-17,5.46e-19,7.87e-18,2.09e-08,6e-11,1.81e-162,7.88e-08,3e-11,2.38e-09,0.14,0.133,1.04e-11,4400000.0,45.0,0.207,0.133,0.346,2.74e-05,0.414,1.58e-15,43545,0.151,0.265,0.151,2.92e-21,1.43,0.133,0.0,-6.37
4.0,2.0,8.89e-09,4e-08,5e-09,2.0,1.0,50.0,50.0,500.0,500.0,0.645,0.618,8.89e-09,0.5,1.0,3.9,11.7,3.9,0.5,0.025,0.0125,5e-11,5e-11,1e-09,5e-09,2.51e-17,2.18e-18,7.87e-18,2.27e-08,2.8e-08,2.58e-13,8.7e-07,1.4e-08,3.15e-09,0.256,0.234,9.03e-09,741000.0,45.0,0.382,0.242,0.638,0.00819,0.239,1.05e-15,43641,0.23,0.0261,0.23,8.85e-21,1.85,0.234,0.0,-4.22
4.0,2.0,8.89e-09,4e-08,1e-08,2.0,1.0,50.0,50.0,500.0,500.0,0.645,0.618,8.89e-09,0.5,1.0,3.9,11.7,3.9,0.5,0.025,0.0125,5e-11,5e-11,1e-09,5e-09,2.07e-17,1.09e-18,7.87e-18,1.92e-08,2.8e-08,2.58e-13,8.69e-07,1.4e-08,3.15e-09,0.256,0.234,9.03e-09,742000.0,45.0,0.382,0.242,0.638,0.0082,0.239,1.23e-15,43640,0.23,0.0221,0.23,8.85e-21,1.85,0.234,0.0,-4.22
4.0,2.0,8.89e-09,4e-08,2e-08,2.0,1.0,50.0,50.0,500.0,500.0,0.645,0.618,8.89e-09,0.5,1.0,3.9,11.7,3.9,0.5,0.025,0.0125,5e-11,5e-11,1e-09,5e-09,1.86e-17,5.46e-19,7.87e-18,1.74e-08,2.8e-08,2.58e-13,8.66e-07,1.4e-08,3.15e-09,0.256,0.234,9.03e-09,745000.0,45.0,0.382,0.242,0.638,0.00823,0.239,1.58e-15,43560,0.23,0.0201,0.23,8.85e-21,1.85,0.234,0.0,-4.22
4.0,2.0,8.89e-09,1e-08,5e-09,2.0,1.0,50.0,50.0,500.0,500.0,0.645,0.618,8.89e-09,0.5,1.0,3.9,11.7,25.0,0.5,0.025,0.0125,5e-11,5e-11,1e-09,5e-09,1.14e-16,2.18e-18,7.87e-18,7.98e-08,2.53e-12,5.46e-31,1.56e-07,1.27e-12,1.91e-09,0.278,0.272,8.17e-13,4120000.0,45.0,0.367,0.272,0.645,2.9e-06,0.459,5.14e-16,43581,0.0969,0.51,0.0969,1.38e-21,1.24,0.272,0.0,-10.2
4.0,2.0,8.89e-09,4e-08,2e-08,2.0,1.0,50.0,50.0,500.0,500.0,0.645,0.618,8.89e-09,0.5,1.0,3.9,11.7,3.9,0.5,0.025,0.0125,5e-11,5e-11,2.11e-09,5e-09,9.93e-18,5.46e-19,7.87e-18,1.18e-08,4.21e-07,2.85e-26,1.02e-06,2.1e-07,4.4e-09,0.185,0.117,1.36e-07,631000.0,45.0,0.362,0.244,0.547,0.127,0.0894,1.58e-15,43593,0.321,0.0116,0.321,1.87e-20,2.8,0.117,0.0,-2.78
4.0,2.0,8.89e-09,4e-08,5e-09,2.0,2.0,50.0,50.0,500.0,500.0,0.645,0.618,8.89e-09,0.5,1.0,3.9,11.7,25.0,0.5,0.025,0.0125,5e-11,5e-11,2.11e-09,5e-09,1.17e-16,4.37e-18,7.87e-18,8.32e-08,3.96e-10,5.51e-50,1.38e-06,1.98e-10,2.38e-09,0.264,0.255,1.28e-10,468000.0,45.0,0.381,0.255,0.645,5.76e-05,0.369,1.05e-15,43595,0.151,0.0603,0.151,2.92e-21,1.43,0.255,0.0,-6.56
4.0,2.0,8.89e-09,4e-08,1e-08,2.0,2.0,50.0,50.0,500.0,500.0,0.645,0.618,8.89e-09,0.5,1.0,3.9,11.7,25.0,0.5,0.025,0.0125,5e-11,5e-11,2.11e-09,5e-09,1.08e-16,2.18e-18,7.87e-18,7.61e-08,3.96e-10,5.51e-50,1.38e-06,1.98e-10,2.38e-09,0.264,0.255,1.28e-10,468000.0,45.0,0.381,0.255,0.645,5.77e-05,0.369,1.23e-15,43623,0.151,0.0553,0.151,2.92e-21,1.43,0.255,0.0,-6.56
4.0,2.0,8.89e-09,4e-08,5e-09,2.0,1.0,50.0,50.0,500.0,500.0,0.645,0.618,8.89e-09,0.5,1.0,3.9,11.7,25.0,0.5,0.025,0.0125,5e-11,5e-11,2.11e-09,5e-09,5.84e-17,2.18e-18,7.87e-18,4.41e-08,1.98e-10,5.51e-50,6.89e-07,9.9e-11,2.38e-09,0.264,0.255,6.38e-11,935000.0,45.0,0.381,0.255,0.645,5.76e-05,0.369,1.05e-15,43631,0.151,0.064,0.151,2.92e-21,1.43,0.255,0.0,-6.56
4.0,2.0,8.89e-09,4e-08,5e-09,2.0,3.0,50.0,50.0,500.0,500.0,0.645,0.618,8.89e-09,0.5,1.0,3.9,11.7,25.0,0.5,0.025,0.0125,5e-11,5e-11,2.11e-09,5e-09,1.75e-16,6.55e-18,7.87e-18,1.22e-07,5.94e-10,5.51e-50,2.07e-06,2.97e-10,2.38e-09,0.264,0.255,1.91e-10,312000.0,45.0,0.381,0.255,0.645,5.76e-05,0.369,1.05e-15,43634,0.151,0.0591,0.151,2.92e-21,1.43,0.255,0.0,-6.56
4.0,2.0,8.89e-09,4e-08,1e-08,2.0,1.0,50.0,50.0,500.0,500.0,0.645,0.618,8.89e-09,0.5,1.0,3.9,11.7,25.0,0.5,0.025,0.0125,5e-11,5e-11,2.11e-09,5e-09,5.4e-17,1.09e-18,7.87e-18,4.06e-08,1.98e-10,5.51e-50,6.88e-07,9.9e-11,2.38e-09,0.264,0.255,6.38e-11,937000.0,45.0,0.381,0.255,0.645,5.77e-05,0.369,1.23e-15,43586,0.151,0.059,0.151,2.92e-21,1.43,0.255,0.0,-6.56
4.0,2.0,8.89e-09,4e-08,2e-08,2.0,1.0,50.0,50.0,500.0,500.0,0.645,0.618,8.89e-09,0.5,1.0,3.9,11.7,25.0,0.5,0.025,0.0125,5e-11,5e-11,2.11e-09,5e-09,5.18e-17,5.46e-19,7.87e-18,3.88e-08,1.98e-10,5.51e-50,6.86e-07,9.9e-11,2.38e-09,0.264,0.255,6.38e-11,940000.0,45.0,0.381,0.255,0.645,5.8e-05,0.369,1.58e-15,43575,0.151,0.0567,0.151,2.92e-21,1.43,0.255,0.0,-6.56
4.0,2.0,8.89e-09,1e-08,5e-09,2.0,2.0,50.0,50.0,500.0,500.0,0.645,0.9,8.89e-09,0.5,1.0,3.9,11.7,3.9,0.5,0.025,0.0125,5e-11,5e-11,1e-09,5e-09,5.02e-17,4.37e-18,7.87e-18,4.03e-08,1.59e-10,5.43e-47,2.47e-07,7.95e-11,3.15e-09,0.245,0.234,5.12e-11,2610000.0,45.0,0.4,0.234,0.645,9.44e-05,0.521,5.14e-16,43611,0.23,0.163,0.23,8.85e-21,1.85,0.234,0.0,-4.32
4.0,2.0,8.89e-09,1e-08,5e-09,2.0,3.0,50.0,50.0,500.0,500.0,0.645,0.9,8.89e-09,0.5,1.0,3.9,11.7,3.9,0.5,0.025,0.0125,5e-11,5e-11,1e-09,5e-09,7.53e-17,6.55e-18,7.87e-18,5.79e-08,2.38e-10,5.43e-47,3.71e-07,1.19e-10,3.15e-09,0.245,0.234,7.69e-11,1740000.0,45.0,0.4,0.234,0.645,9.44e-05,0.521,5.14e-16,43578,0.23,0.156,0.23,8.85e-21,1.85,0.234,0.0,-4.32
4.0,2.0,8.89e-09,4e-08,5e-09,2.0,2.0,50.0,50.0,500.0,500.0,0.645,0.9,8.89e-09,0.5,1.0,3.9,11.7,3.9,0.5,0.025,0.0125,5e-11,5e-11,1e-09,5e-09,5.02e-17,4.37e-18,7.87e-18,4.03e-08,1.59e-10,5.43e-47,5.9e-07,7.94e-11,3.15e-09,0.244,0.233,5.12e-11,1090000.0,45.0,0.401,0.233,0.645,2.59e-05,0.521,1.05e-15,43596,0.23,0.0683,0.23,8.85e-21,1.85,0.233,0.0,-4.32
4.0,2.0,8.89e-09,2e-08,5e-09,2.0,3.0,50.0,50.0,500.0,500.0,0.645,0.9,8.89e-09,0.5,1.0,3.9,11.7,3.9,0.5,0.025,0.0125,5e-11,5e-11,1e-09,5e-09,7.53e-17,6.55e-18,7.87e-18,5.79e-08,2.38e-10,5.43e-47,5.87e-07,1.19e-10,3.15e-09,0.244,0.234,7.68e-11,1100000.0,45.0,0.4,0.234,0.645,4.87e-05,0.521,6.92e-16,43627,0.23,0.0986,0.23,8.85e-21,1.85,0.234,0.0,-4.32
4.0,2.0,8.89e-09,1e-08,1e-08,2.0,1.0,50.0,50.0,500.0,500.0,0.645,0.9,8.89e-09,0.5,1.0,3.9,11.7,3.9,0.5,0.025,0.0125,5e-11,5e-11,1e-09,5e-09,2.07e-17,1.09e-18,7.87e-18,1.92e-08,7.95e-11,5.43e-47,1.24e-07,3.97e-11,3.15e-09,0.245,0.234,2.56e-11,5210000.0,45.0,0.4,0.234,0.645,9.45e-05,0.521,6.92e-16,43571,0.23,0.155,0.23,8.85e-21,1.85,0.234,0.0,-4.32
4.0,2.0,8.89e-09,4e-08,5e-09,2.0,1.0,50.0,50.0,500.0,500.0,0.645,0.9,8.89e-09,0.5,1.0,3.9,11.7,3.9,0.5,0.025,0.0125,5e-11,5e-11,1e-09,5e-09,2.51e-17,2.18e-18,7.87e-18,2.27e-08,7.94e-11,5.43e-47,2.95e-07,3.97e-11,3.15e-09,0.244,0.233,2.56e-11,2190000.0,45.0,0.401,0.233,0.645,2.59e-05,0.521,1.05e-15,43592,0.23,0.0769,0.23,8.85e-21,1.85,0.233,0.0,-4.32
4.0,2.0,8.89e-09,1e-08,5e-09,2.0,1.0,50.0,50.0,500.0,500.0,0.645,0.9,8.89e-09,0.5,1.0,3.9,11.7,3.9,0.5,0.025,0.0125,5e-11,5e-11,1e-09,5e-09,2.51e-17,2.18e-18,7.87e-18,2.27e-08,7.95e-11,5.43e-47,1.24e-07,3.97e-11,3.15e-09,0.245,0.234,2.56e-11,5210000.0,45.0,0.4,0.234,0.645,9.44e-05,0.521,5.14e-16,43632,0.23,0.183,0.23,8.85e-21,1.85,0.234,0.0,-4.32
4.0,2.0,8.89e-09,4e-08,1e-08,2.0,1.0,50.0,50.0,500.0,500.0,0.645,0.9,8.89e-09,0.5,1.0,3.9,11.7,3.9,0.5,0.025,0.0125,5e-11,5e-11,1e-09,5e-09,2.07e-17,1.09e-18,7.87e-18,1.92e-08,7.94e-11,5.43e-47,2.95e-07,3.97e-11,3.15e-09,0.244,0.233,2.56e-11,2190000.0,45.0,0.401,0.233,0.645,2.59e-05,0.521,1.23e-15,43619,0.23,0.065,0.23,8.85e-21,1.85,0.233,0.0,-4.32
4.0,2.0,8.89e-09,2e-08,5e-09,2.0,2.0,50.0,50.0,500.0,500.0,0.645,0.9,8.89e-09,0.5,1.0,3.9,11.7,3.9,0.5,0.025,0.0125,5e-11,5e-11,1e-09,5e-09,5.02e-17,4.37e-18,7.87e-18,4.03e-08,1.59e-10,5.43e-47,3.91e-07,7.95e-11,3.15e-09,0.244,0.234,5.12e-11,1650000.0,45.0,0.4,0.234,0.645,4.87e-05,0.521,6.92e-16,43604,0.23,0.103,0.23,8.85e-21,1.85,0.234,0.0,-4.32
4.0,2.0,8.89e-09,2e-08,1e-08,2.0,1.0,50.0,50.0,500.0,500.0,0.645,0.9,8.89e-09,0.5,1.0,3.9,11.7,3.9,0.5,0.025,0.0125,5e-11,5e-11,1e-09,5e-09,2.07e-17,1.09e-18,7.87e-18,1.92e-08,7.95e-11,5.43e-47,1.96e-07,3.97e-11,3.15e-09,0.244,0.234,2.56e-11,3300000.0,45.0,0.4,0.234,0.645,4.88e-05,0.521,8.69e-16,43585,0.23,0.098,0.23,8.85e-21,1.85,0.234,0.0,-4.32
4.0,2.0,8.89e-09,4e-08,1e-08,2.0,2.0,50.0,50.0,500.0,500.0,0.645,0.9,8.89e-09,0.5,1.0,3.9,11.7,3.9,0.5,0.025,0.0125,5e-11,5e-11,1e-09,5e-09,4.15e-17,2.18e-18,7.87e-18,3.32e-08,1.59e-10,5.43e-47,5.89e-07,7.94e-11,3.15e-09,0.244,0.233,5.12e-11,1090000.0,45.0,0.401,0.233,0.645,2.59e-05,0.521,1.23e-15,43620,0.23,0.0564,0.23,8.85e-21,1.85,0.233,0.0,-4.32
4.0,2.0,8.89e-09,2e-08,1e-08,2.0,2.0,50.0,50.0,500.0,500.0,0.645,0.9,8.89e-09,0.5,1.0,3.9,11.7,3.9,0.5,0.025,0.0125,5e-11,5e-11,1e-09,5e-09,4.15e-17,2.18e-18,7.87e-18,3.32e-08,1.59e-10,5.43e-47,3.91e-07,7.95e-11,3.15e-09,0.244,0.234,5.12e-11,1650000.0,45.0,0.4,0.234,0.645,4.88e-05,0.521,8.69e-16,43589,0.23,0.085,0.23,8.85e-21,1.85,0.234,0.0,-4.32
4.0,2.0,8.89e-09,1e-08,2e-08,2.0,1.0,50.0,50.0,500.0,500.0,0.645,0.9,8.89e-09,0.5,1.0,3.9,11.7,3.9,0.5,0.025,0.0125,5e-11,5e-11,1e-09,5e-09,1.86e-17,5.46e-19,7.87e-18,1.74e-08,7.95e-11,5.43e-47,1.24e-07,3.97e-11,3.15e-09,0.245,0.234,2.56e-11,5220000.0,45.0,0.4,0.234,0.645,9.46e-05,0.521,1.05e-15,43593,0.23,0.141,0.23,8.85e-21,1.85,0.234,0.0,-4.32
4.0,2.0,8.89e-09,2e-08,5e-09,2.0,1.0,50.0,50.0,500.0,500.0,0.645,0.9,8.89e-09,0.5,1.0,3.9,11.7,3.9,0.5,0.025,0.0125,5e-11,5e-11,1e-09,5e-09,2.51e-17,2.18e-18,7.87e-18,2.27e-08,7.95e-11,5.43e-47,1.96e-07,3.97e-11,3.15e-09,0.244,0.234,2.56e-11,3290000.0,45.0,0.4,0.234,0.645,4.87e-05,0.521,6.92e-16,43606,0.23,0.116,0.23,8.85e-21,1.85,0.234,0.0,-4.32
4.0,2.0,8.89e-09,2e-08,1e-08,2.0,3.0,50.0,50.0,500.0,500.0,0.645,0.9,8.89e-09,0.5,1.0,3.9,11.7,3.9,0.5,0.025,0.0125,5e-11,5e-11,1e-09,5e-09,6.22e-17,3.28e-18,7.87e-18,4.73e-08,2.38e-10,5.43e-47,5.87e-07,1.19e-10,3.15e-09,0.244,0.234,7.68e-11,1100000.0,45.0,0.4,0.234,0.645,4.88e-05,0.521,8.69e-16,43563,0.23,0.0807,0.23,8.85e-21,1.85,0.234,0.0,-4.32
4.0,2.0,8.89e-09,4e-08,2e-08,2.0,3.0,50.0,50.0,500.0,500.0,0.645,0.9,8.89e-09,0.5,1.0,3.9,11.7,3.9,0.5,0.025,0.0125,5e-11,5e-11,1e-09,5e-09,5.57e-17,1.64e-18,7.87e-18,4.2e-08,2.38e-10,5.43e-47,8.82e-07,1.19e-10,3.15e-09,0.244,0.233,7.68e-11,731000.0,45.0,0.401,0.233,0.645,2.6e-05,0.521,1.58e-15,43551,0.23,0.0477,0.23,8.85e-21,1.85,0.233,0.0,-4.32
4.0,2.0,8.89e-09,4e-08,2e-08,2.0,1.0,50.0,50.0,500.0,500.0,0.645,0.9,8.89e-09,0.5,1.0,3.9,11.7,3.9,0.5,0.025,0.0125,5e-11,5e-11,1e-09,5e-09,1.86e-17,5.46e-19,7.87e-18,1.74e-08,7.94e-11,5.43e-47,2.94e-07,3.97e-11,3.15e-09,0.244,0.233,2.56e-11,2190000.0,45.0,0.401,0.233,0.645,2.6e-05,0.521,1.58e-15,43635,0.23,0.0592,0.23,8.85e-21,1.85,0.233,0.0,-4.32
4.0,2.0,8.89e-09,4e-08,2e-08,2.0,2.0,50.0,50.0,500.0,500.0,0.645,0.9,8.89e-09,0.5,1.0,3.9,11.7,3.9,0.5,0.025,0.0125,5e-11,5e-11,1e-09,5e-09,3.71e-17,1.09e-18,7.87e-18,2.97e-08,1.59e-10,5.43e-47,5.88e-07,7.94e-11,3.15e-09,0.244,0.233,5.12e-11,1100000.0,45.0,0.401,0.233,0.645,2.6e-05,0.521,1.58e-15,43543,0.23,0.0506,0.23,8.85e-21,1.85,0.233,0.0,-4.32
4.0,2.0,8.89e-09,2e-08,2e-08,2.0,1.0,50.0,50.0,500.0,500.0,0.645,0.9,8.89e-09,0.5,1.0,3.9,11.7,3.9,0.5,0.025,0.0125,5e-11,5e-11,1e-09,5e-09,1.86e-17,5.46e-19,7.87e-18,1.74e-08,7.95e-11,5.43e-47,1.95e-07,3.97e-11,3.15e-09,0.244,0.234,2.56e-11,3300000.0,45.0,0.4,0.234,0.645,4.89e-05,0.521,1.23e-15,43618,0.23,0.0891,0.23,8.85e-21,1.85,0.234,0.0,-4.32
4.0,2.0,8.89e-09,4e-08,1e-08,2.0,3.0,50.0,50.0,500.0,500.0,0.645,0.9,8.89e-09,0.5,1.0,3.9,11.7,3.9,0.5,0.025,0.0125,5e-11,5e-11,1e-09,5e-09,6.22e-17,3.28e-18,7.87e-18,4.73e-08,2.38e-10,5.43e-47,8.84e-07,1.19e-10,3.15e-09,0.244,0.233,7.68e-11,730000.0,45.0,0.401,0.233,0.645,2.59e-05,0.521,1.23e-15,43582,0.23,0.0536,0.23,8.85e-21,1.85,0.233,0.0,-4.32
4.0,2.0,8.89e-09,1e-08,5e-09,2.0,3.0,50.0,50.0,500.0,500.0,0.645,0.9,8.89e-09,0.5,1.0,3.9,11.7,25.0,0.5,0.025,0.0125,5e-11,5e-11,1e-09,5e-09,3.41e-16,6.55e-18,7.87e-18,2.29e-07,1.08e-15,1.46e-49,5.64e-08,5.42e-16,1.91e-09,0.279,0.273,3.49e-16,11400000.0,45.0,0.365,0.273,0.645,7.66e-10,0.741,5.14e-16,43604,0.0969,4.07,0.0969,1.38e-21,1.24,0.273,0.0,-10.2
4.0,2.0,8.89e-09,1e-08,5e-09,2.0,2.0,50.0,50.0,500.0,500.0,0.645,0.9,8.89e-09,0.5,1.0,3.9,11.7,25.0,0.5,0.025,0.0125,5e-11,5e-11,1e-09,5e-09,2.27e-16,4.37e-18,7.87e-18,1.55e-07,7.22e-16,1.46e-49,3.76e-08,3.61e-16,1.91e-09,0.279,0.273,2.33e-16,17200000.0,45.0,0.365,0.273,0.645,7.66e-10,0.741,5.14e-16,43630,0.0969,4.11,0.0969,1.38e-21,1.24,0.273,0.0,-10.2
4.0,2.0,8.89e-09,4e-08,5e-09,2.0,1.0,50.0,50.0,500.0,500.0,0.645,0.9,8.89e-09,0.5,1.0,3.9,11.7,25.0,0.5,0.025,0.0125,5e-11,5e-11,1e-09,5e-09,1.14e-16,2.18e-18,7.87e-18,7.98e-08,3.61e-16,1.46e-49,3e-08,1.81e-16,1.91e-09,0.279,0.273,1.16e-16,21500000.0,45.0,0.365,0.273,0.645,4.57e-10,0.741,1.05e-15,43589,0.0969,2.66,0.0969,1.38e-21,1.24,0.273,0.0,-10.2
4.0,2.0,8.89e-09,4e-08,5e-09,2.0,2.0,50.0,50.0,500.0,500.0,0.645,0.9,8.89e-09,0.5,1.0,3.9,11.7,25.0,0.5,0.025,0.0125,5e-11,5e-11,1e-09,5e-09,2.27e-16,4.37e-18,7.87e-18,1.55e-07,7.22e-16,1.46e-49,5.99e-08,3.61e-16,1.91e-09,0.279,0.273,2.33e-16,10800000.0,45.0,0.365,0.273,0.645,4.57e-10,0.741,1.05e-15,43593,0.0969,2.58,0.0969,1.38e-21,1.24,0.273,0.0,-10.2
4.0,2.0,8.89e-09,2e-08,1e-08,2.0,1.0,50.0,50.0,500.0,500.0,0.645,0.9,8.89e-09,0.5,1.0,3.9,11.7,25.0,0.5,0.025,0.0125,5e-11,5e-11,1e-09,5e-09,1.09e-16,1.09e-18,7.87e-18,7.63e-08,3.61e-16,1.46e-49,2.46e-08,1.81e-16,1.91e-09,0.279,0.273,1.16e-16,26200000.0,45.0,0.365,0.273,0.645,5.6e-10,0.741,8.69e-16,43551,0.0969,3.1,0.0969,1.38e-21,1.24,0.273,0.0,-10.2
4.0,2.0,8.89e-09,1e-08,5e-09,2.0,1.0,50.0,50.0,500.0,500.0,0.645,0.9,8.89e-09,0.5,1.0,3.9,11.7,25.0,0.5,0.025,0.0125,5e-11,5e-11,1e-09,5e-09,1.14e-16,2.18e-18,7.87e-18,7.98e-08,3.61e-16,1.46e-49,1.88e-08,1.81e-16,1.91e-09,0.279,0.273,1.16e-16,34300000.0,45.0,0.365,0.273,0.645,7.66e-10,0.741,5.14e-16,43552,0.0969,4.25,0.0969,1.38e-21,1.24,0.273,0.0,-10.2
4.0,2.0,8.89e-09,2e-08,5e-09,2.0,3.0,50.0,50.0,500.0,500.0,0.645,0.9,8.89e-09,0.5,1.0,3.9,11.7,25.0,0.5,0.025,0.0125,5e-11,5e-11,1e-09,5e-09,3.41e-16,6.55e-18,7.87e-18,2.29e-07,1.08e-15,1.46e-49,7.38e-08,5.42e-16,1.91e-09,0.279,0.273,3.49e-16,8740000.0,45.0,0.365,0.273,0.645,5.6e-10,0.741,6.92e-16,43620,0.0969,3.11,0.0969,1.38e-21,1.24,0.273,0.0,-10.2
4.0,2.0,8.89e-09,4e-08,5e-09,2.0,3.0,50.0,50.0,500.0,500.0,0.645,0.9,8.89e-09,0.5,1.0,3.9,11.7,25.0,0.5,0.025,0.0125,5e-11,5e-11,1e-09,5e-09,3.41e-16,6.55e-18,7.87e-18,2.29e-07,1.08e-15,1.46e-49,8.99e-08,5.42e-16,1.91e-09,0.279,0.273,3.49e-16,7170000.0,45.0,0.365,0.273,0.645,4.57e-10,0.741,1.05e-15,43606,0.0969,2.55,0.0969,1.38e-21,1.24,0.273,0.0,-10.2
4.0,2.0,8.89e-09,2e-08,1e-08,2.0,2.0,50.0,50.0,500.0,500.0,0.645,0.9,8.89e-09,0.5,1.0,3.9,11.7,25.0,0.5,0.025,0.0125,5e-11,5e-11,1e-09,5e-09,2.19e-16,2.18e-18,7.87e-18,1.48e-07,7.22e-16,1.46e-49,4.92e-08,3.61e-16,1.91e-09,0.279,0.273,2.33e-16,13100000.0,45.0,0.365,0.273,0.645,5.6e-10,0.741,8.69e-16,43635,0.0969,3.0,0.0969,1.38e-21,1.24,0.273,0.0,-10.2
4.0,2.0,8.89e-09,2e-08,5e-09,2.0,1.0,50.0,50.0,500.0,500.0,0.645,0.9,8.89e-09,0.5,1.0,3.9,11.7,25.0,0.5,0.025,0.0125,5e-11,5e-11,1e-09,5e-09,1.14e-16,2.18e-18,7.87e-18,7.98e-08,3.61e-16,1.46e-49,2.46e-08,1.81e-16,1.91e-09,0.279,0.273,1.16e-16,26200000.0,45.0,0.365,0.273,0.645,5.6e-10,0.741,6.92e-16,43587,0.0969,3.25,0.0969,1.38e-21,1.24,0.273,0.0,-10.2
4.0,2.0,8.89e-09,1e-08,1e-08,2.0,1.0,50.0,50.0,500.0,500.0,0.645,0.9,8.89e-09,0.5,1.0,3.9,11.7,25.0,0.5,0.025,0.0125,5e-11,5e-11,1e-09,5e-09,1.09e-16,1.09e-18,7.87e-18,7.63e-08,3.61e-16,1.46e-49,1.88e-08,1.81e-16,1.91e-09,0.279,0.273,1.16e-16,34300000.0,45.0,0.365,0.273,0.645,7.66e-10,0.741,6.92e-16,43563,0.0969,4.06,0.0969,1.38e-21,1.24,0.273,0.0,-10.2
4.0,2.0,8.89e-09,2e-08,5e-09,2.0,2.0,50.0,50.0,500.0,500.0,0.645,0.9,8.89e-09,0.5,1.0,3.9,11.7,25.0,0.5,0.025,0.0125,5e-11,5e-11,1e-09,5e-09,2.27e-16,4.37e-18,7.87e-18,1.55e-07,7.22e-16,1.46e-49,4.92e-08,3.61e-16,1.91e-09,0.279,0.273,2.33e-16,13100000.0,45.0,0.365,0.273,0.645,5.6e-10,0.741,6.92e-16,43585,0.0969,3.14,0.0969,1.38e-21,1.24,0.273,0.0,-10.2
4.0,2.0,8.89e-09,4e-08,2e-08,2.0,3.0,50.0,50.0,500.0,500.0,0.645,0.9,8.89e-09,0.5,1.0,3.9,11.7,25.0,0.5,0.025,0.0125,5e-11,5e-11,1e-09,5e-09,3.22e-16,1.64e-18,7.87e-18,2.13e-07,1.08e-15,1.46e-49,8.98e-08,5.42e-16,1.91e-09,0.279,0.273,3.49e-16,7180000.0,45.0,0.365,0.273,0.645,4.58e-10,0.741,1.58e-15,43558,0.0969,2.38,0.0969,1.38e-21,1.24,0.273,0.0,-10.2
4.0,2.0,8.89e-09,2e-08,1e-08,2.0,3.0,50.0,50.0,500.0,500.0,0.645,0.9,8.89e-09,0.5,1.0,3.9,11.7,25.0,0.5,0.025,0.0125,5e-11,5e-11,1e-09,5e-09,3.28e-16,3.28e-18,7.87e-18,2.19e-07,1.08e-15,1.46e-49,7.37e-08,5.42e-16,1.91e-09,0.279,0.273,3.49e-16,8740000.0,45.0,0.365,0.273,0.645,5.6e-10,0.741,8.69e-16,43562,0.0969,2.97,0.0969,1.38e-21,1.24,0.273,0.0,-10.2
4.0,2.0,8.89e-09,4e-08,1e-08,2.0,2.0,50.0,50.0,500.0,500.0,0.645,0.9,8.89e-09,0.5,1.0,3.9,11.7,25.0,0.5,0.025,0.0125,5e-11,5e-11,1e-09,5e-09,2.19e-16,2.18e-18,7.87e-18,1.48e-07,7.22e-16,1.46e-49,5.99e-08,3.61e-16,1.91e-09,0.279,0.273,2.33e-16,10800000.0,45.0,0.365,0.273,0.645,4.57e-10,0.741,1.23e-15,43625,0.0969,2.46,0.0969,1.38e-21,1.24,0.273,0.0,-10.2
4.0,2.0,8.89e-09,4e-08,2e-08,2.0,1.0,50.0,50.0,500.0,500.0,0.645,0.9,8.89e-09,0.5,1.0,3.9,11.7,25.0,0.5,0.025,0.0125,5e-11,5e-11,1e-09,5e-09,1.07e-16,5.46e-19,7.87e-18,7.45e-08,3.61e-16,1.46e-49,2.99e-08,1.81e-16,1.91e-09,0.279,0.273,1.16e-16,21500000.0,45.0,0.365,0.273,0.645,4.58e-10,0.741,1.58e-15,43582,0.0969,2.49,0.0969,1.38e-21,1.24,0.273,0.0,-10.2
4.0,2.0,8.89e-09,2e-08,2e-08,2.0,1.0,50.0,50.0,500.0,500.0,0.645,0.9,8.89e-09,0.5,1.0,3.9,11.7,25.0,0.5,0.025,0.0125,5e-11,5e-11,1e-09,5e-09,1.07e-16,5.46e-19,7.87e-18,7.45e-08,3.61e-16,1.46e-49,2.46e-08,1.81e-16,1.91e-09,0.279,0.273,1.16e-16,26200000.0,45.0,0.365,0.273,0.645,5.6e-10,0.741,1.23e-15,43566,0.0969,3.03,0.0969,1.38e-21,1.24,0.273,0.0,-10.2
4.0,2.0,8.89e-09,4e-08,1e-08,2.0,1.0,50.0,50.0,500.0,500.0,0.645,0.9,8.89e-09,0.5,1.0,3.9,11.7,25.0,0.5,0.025,0.0125,5e-11,5e-11,1e-09,5e-09,1.09e-16,1.09e-18,7.87e-18,7.63e-08,3.61e-16,1.46e-49,3e-08,1.81e-16,1.91e-09,0.279,0.273,1.16e-16,21500000.0,45.0,0.365,0.273,0.645,4.57e-10,0.741,1.23e-15,43543,0.0969,2.55,0.0969,1.38e-21,1.24,0.273,0.0,-10.2
4.0,2.0,8.89e-09,4e-08,1e-08,2.0,3.0,50.0,50.0,500.0,500.0,0.645,0.9,8.89e-09,0.5,1.0,3.9,11.7,25.0,0.5,0.025,0.0125,5e-11,5e-11,1e-09,5e-09,3.28e-16,3.28e-18,7.87e-18,2.19e-07,1.08e-15,1.46e-49,8.99e-08,5.42e-16,1.91e-09,0.279,0.273,3.49e-16,7180000.0,45.0,0.365,0.273,0.645,4.57e-10,0.741,1.23e-15,43614,0.0969,2.43,0.0969,1.38e-21,1.24,0.273,0.0,-10.2
4.0,2.0,8.89e-09,4e-08,2e-08,2.0,2.0,50.0,50.0,500.0,500.0,0.645,0.9,8.89e-09,0.5,1.0,3.9,11.7,25.0,0.5,0.025,0.0125,5e-11,5e-11,1e-09,5e-09,2.14e-16,1.09e-18,7.87e-18,1.44e-07,7.22e-16,1.46e-49,5.99e-08,3.61e-16,1.91e-09,0.279,0.273,2.33e-16,10800000.0,45.0,0.365,0.273,0.645,4.58e-10,0.741,1.58e-15,43574,0.0969,2.41,0.0969,1.38e-21,1.24,0.273,0.0,-10.2
4.0,2.0,8.89e-09,1e-08,2e-08,2.0,1.0,50.0,50.0,500.0,500.0,0.645,0.9,8.89e-09,0.5,1.0,3.9,11.7,25.0,0.5,0.025,0.0125,5e-11,5e-11,1e-09,5e-09,1.07e-16,5.46e-19,7.87e-18,7.45e-08,3.61e-16,1.46e-49,1.88e-08,1.81e-16,1.91e-09,0.279,0.273,1.16e-16,34300000.0,45.0,0.365,0.273,0.645,7.66e-10,0.741,1.05e-15,43602,0.0969,3.97,0.0969,1.38e-21,1.24,0.273,0.0,-10.2
4.0,2.0,8.89e-09,4e-08,1e-08,2.0,1.0,50.0,50.0,500.0,500.0,0.645,0.9,8.89e-09,0.5,1.0,3.9,11.7,3.9,0.5,0.025,0.0125,5e-11,5e-11,2.11e-09,5e-09,1.21e-17,1.09e-18,7.87e-18,1.36e-08,2.25e-08,2.38e-50,5.65e-07,1.13e-08,4.4e-09,0.23,0.204,7.26e-09,1140000.0,45.0,0.409,0.211,0.639,0.00702,0.372,1.23e-15,43559,0.321,0.024,0.321,1.87e-20,2.8,0.204,0.0,-3.08
4.0,2.0,8.89e-09,4e-08,2e-08,2.0,2.0,50.0,50.0,500.0,500.0,0.645,0.9,8.89e-09,0.5,1.0,3.9,11.7,3.9,0.5,0.025,0.0125,5e-11,5e-11,2.11e-09,5e-09,1.99e-17,1.09e-18,7.87e-18,1.86e-08,4.5e-08,2.38e-50,1.13e-06,2.25e-08,4.4e-09,0.23,0.204,1.45e-08,571000.0,45.0,0.409,0.211,0.639,0.00705,0.372,1.58e-15,43544,0.321,0.0165,0.321,1.87e-20,2.8,0.204,0.0,-3.08
4.0,2.0,8.89e-09,4e-08,2e-08,2.0,1.0,50.0,50.0,500.0,500.0,0.645,0.9,8.89e-09,0.5,1.0,3.9,11.7,3.9,0.5,0.025,0.0125,5e-11,5e-11,2.11e-09,5e-09,9.93e-18,5.46e-19,7.87e-18,1.18e-08,2.25e-08,2.38e-50,5.64e-07,1.13e-08,4.4e-09,0.23,0.204,7.26e-09,1140000.0,45.0,0.409,0.211,0.639,0.00705,0.372,1.58e-15,43596,0.321,0.021,0.321,1.87e-20,2.8,0.204,0.0,-3.08
4.0,2.0,8.89e-09,1e-08,5e-09,2.0,2.0,50.0,50.0,500.0,500.0,0.645,0.9,8.89e-09,0.5,1.0,3.9,11.7,25.0,0.5,0.025,0.0125,5e-11,5e-11,2.11e-09,5e-09,1.17e-16,4.37e-18,7.87e-18,8.32e-08,1.86e-13,0.0,1.1e-07,9.29e-14,2.38e-09,0.265,0.258,5.99e-14,5880000.0,45.0,0.379,0.258,0.645,1.18e-07,0.651,5.14e-16,43556,0.151,0.758,0.151,2.92e-21,1.43,0.258,0.0,-6.58
4.0,2.0,8.89e-09,1e-08,5e-09,2.0,1.0,50.0,50.0,500.0,500.0,0.645,0.9,8.89e-09,0.5,1.0,3.9,11.7,25.0,0.5,0.025,0.0125,5e-11,5e-11,2.11e-09,5e-09,5.84e-17,2.18e-18,7.87e-18,4.41e-08,9.29e-14,0.0,5.48e-08,4.64e-14,2.38e-09,0.265,0.258,2.99e-14,11800000.0,45.0,0.379,0.258,0.645,1.18e-07,0.651,5.14e-16,43547,0.151,0.805,0.151,2.92e-21,1.43,0.258,0.0,-6.58
4.0,2.0,8.89e-09,1e-08,5e-09,2.0,3.0,50.0,50.0,500.0,500.0,0.645,0.9,8.89e-09,0.5,1.0,3.9,11.7,25.0,0.5,0.025,0.0125,5e-11,5e-11,2.11e-09,5e-09,1.75e-16,6.55e-18,7.87e-18,1.22e-07,2.79e-13,0.0,1.65e-07,1.39e-13,2.38e-09,0.265,0.258,8.98e-14,3920000.0,45.0,0.379,0.258,0.645,1.18e-07,0.651,5.14e-16,43621,0.151,0.743,0.151,2.92e-21,1.43,0.258,0.0,-6.58
4.0,2.0,8.89e-09,4e-08,5e-09,2.0,1.0,50.0,50.0,500.0,500.0,0.645,0.9,8.89e-09,0.5,1.0,3.9,11.7,25.0,0.5,0.025,0.0125,5e-11,5e-11,2.11e-09,5e-09,5.84e-17,2.18e-18,7.87e-18,4.41e-08,9.29e-14,0.0,1.27e-07,4.64e-14,2.38e-09,0.265,0.258,2.99e-14,5080000.0,45.0,0.379,0.258,0.645,3.8e-08,0.651,1.05e-15,43638,0.151,0.348,0.151,2.92e-21,1.43,0.258,0.0,-6.58
4.0,2.0,8.89e-09,2e-08,5e-09,2.0,2.0,50.0,50.0,500.0,500.0,0.645,0.9,8.89e-09,0.5,1.0,3.9,11.7,25.0,0.5,0.025,0.0125,5e-11,5e-11,2.11e-09,5e-09,1.17e-16,4.37e-18,7.87e-18,8.32e-08,1.86e-13,0.0,1.71e-07,9.29e-14,2.38e-09,0.265,0.258,5.99e-14,3770000.0,45.0,0.379,0.258,0.645,6.46e-08,0.651,6.92e-16,43590,0.151,0.486,0.151,2.92e-21,1.43,0.258,0.0,-6.58
4.0,2.0,8.89e-09,2e-08,2e-08,2.0,1.0,50.0,50.0,500.0,500.0,0.645,0.9,8.89e-09,0.5,1.0,3.9,11.7,25.0,0.5,0.025,0.0125,5e-11,5e-11,2.11e-09,5e-09,5.18e-17,5.46e-19,7.87e-18,3.88e-08,9.29e-14,0.0,8.54e-08,4.64e-14,2.38e-09,0.265,0.258,2.99e-14,7550000.0,45.0,0.379,0.258,0.645,6.48e-08,0.651,1.23e-15,43576,0.151,0.455,0.151,2.92e-21,1.43,0.258,0.0,-6.58
4.0,2.0,8.89e-09,2e-08,5e-09,2.0,1.0,50.0,50.0,500.0,500.0,0.645,0.9,8.89e-09,0.5,1.0,3.9,11.7,25.0,0.5,0.025,0.0125,5e-11,5e-11,2.11e-09,5e-09,5.84e-17,2.18e-18,7.87e-18,4.41e-08,9.29e-14,0.0,8.55e-08,4.64e-14,2.38e-09,0.265,0.258,2.99e-14,7540000.0,45.0,0.379,0.258,0.645,6.46e-08,0.651,6.92e-16,43561,0.151,0.516,0.151,2.92e-21,1.43,0.258,0.0,-6.58
4.0,2.0,8.89e-09,2e-08,5e-09,2.0,3.0,50.0,50.0,500.0,500.0,0.645,0.9,8.89e-09,0.5,1.0,3.9,11.7,25.0,0.5,0.025,0.0125,5e-11,5e-11,2.11e-09,5e-09,1.75e-16,6.55e-18,7.87e-18,1.22e-07,2.79e-13,0.0,2.57e-07,1.39e-13,2.38e-09,0.265,0.258,8.98e-14,2510000.0,45.0,0.379,0.258,0.645,6.46e-08,0.651,6.92e-16,43595,0.151,0.476,0.151,2.92e-21,1.43,0.258,0.0,-6.58
4.0,2.0,8.89e-09,2e-08,1e-08,2.0,3.0,50.0,50.0,500.0,500.0,0.645,0.9,8.89e-09,0.5,1.0,3.9,11.7,25.0,0.5,0.025,0.0125,5e-11,5e-11,2.11e-09,5e-09,1.62e-16,3.28e-18,7.87e-18,1.12e-07,2.79e-13,0.0,2.56e-07,1.39e-13,2.38e-09,0.265,0.258,8.98e-14,2510000.0,45.0,0.379,0.258,0.645,6.47e-08,0.651,8.69e-16,43579,0.151,0.435,0.151,2.92e-21,1.43,0.258,0.0,-6.58
4.0,2.0,8.89e-09,4e-08,1e-08,2.0,2.0,50.0,50.0,500.0,500.0,0.645,0.9,8.89e-09,0.5,1.0,3.9,11.7,25.0,0.5,0.025,0.0125,5e-11,5e-11,2.11e-09,5e-09,1.08e-16,2.18e-18,7.87e-18,7.61e-08,1.86e-13,0.0,2.53e-07,9.29e-14,2.38e-09,0.265,0.258,5.99e-14,2540000.0,45.0,0.379,0.258,0.645,3.81e-08,0.651,1.23e-15,43637,0.151,0.3,0.151,2.92e-21,1.43,0.258,0.0,-6.58
4.0,2.0,8.89e-09,4e-08,1e-08,2.0,1.0,50.0,50.0,500.0,500.0,0.645,0.9,8.89e-09,0.5,1.0,3.9,11.7,25.0,0.5,0.025,0.0125,5e-11,5e-11,2.11e-09,5e-09,5.4e-17,1.09e-18,7.87e-18,4.06e-08,9.29e-14,0.0,1.27e-07,4.64e-14,2.38e-09,0.265,0.258,2.99e-14,5090000.0,45.0,0.379,0.258,0.645,3.81e-08,0.651,1.23e-15,43553,0.151,0.32,0.151,2.92e-21,1.43,0.258,0.0,-6.58
4.0,2.0,8.89e-09,4e-08,5e-09,2.0,3.0,50.0,50.0,500.0,500.0,0.645,0.9,8.89e-09,0.5,1.0,3.9,11.7,25.0,0.5,0.025,0.0125,5e-11,5e-11,2.11e-09,5e-09,1.75e-16,6.55e-18,7.87e-18,1.22e-07,2.79e-13,0.0,3.81e-07,1.39e-13,2.38e-09,0.265,0.258,8.98e-14,1690000.0,45.0,0.379,0.258,0.645,3.8e-08,0.651,1.05e-15,43591,0.151,0.321,0.151,2.92e-21,1.43,0.258,0.0,-6.58
4.0,2.0,8.89e-09,2e-08,1e-08,2.0,2.0,50.0,50.0,500.0,500.0,0.645,0.9,8.89e-09,0.5,1.0,3.9,11.7,25.0,0.5,0.025,0.0125,5e-11,5e-11,2.11e-09,5e-09,1.08e-16,2.18e-18,7.87e-18,7.61e-08,1.86e-13,0.0,1.71e-07,9.29e-14,2.38e-09,0.265,0.258,5.99e-14,3770000.0,45.0,0.379,0.258,0.645,6.47e-08,0.651,8.69e-16,43559,0.151,0.445,0.151,2.92e-21,1.43,0.258,0.0,-6.58
4.0,2.0,8.89e-09,4e-08,5e-09,2.0,2.0,50.0,50.0,500.0,500.0,0.645,0.9,8.89e-09,0.5,1.0,3.9,11.7,25.0,0.5,0.025,0.0125,5e-11,5e-11,2.11e-09,5e-09,1.17e-16,4.37e-18,7.87e-18,8.32e-08,1.86e-13,0.0,2.54e-07,9.29e-14,2.38e-09,0.265,0.258,5.99e-14,2540000.0,45.0,0.379,0.258,0.645,3.8e-08,0.651,1.05e-15,43568,0.151,0.328,0.151,2.92e-21,1.43,0.258,0.0,-6.58
4.0,2.0,8.89e-09,1e-08,1e-08,2.0,1.0,50.0,50.0,500.0,500.0,0.645,0.9,8.89e-09,0.5,1.0,3.9,11.7,25.0,0.5,0.025,0.0125,5e-11,5e-11,2.11e-09,5e-09,5.4e-17,1.09e-18,7.87e-18,4.06e-08,9.29e-14,0.0,5.48e-08,4.64e-14,2.38e-09,0.265,0.258,2.99e-14,11800000.0,45.0,0.379,0.258,0.645,1.18e-07,0.651,6.92e-16,43609,0.151,0.741,0.151,2.92e-21,1.43,0.258,0.0,-6.58
4.0,2.0,8.89e-09,2e-08,1e-08,2.0,1.0,50.0,50.0,500.0,500.0,0.645,0.9,8.89e-09,0.5,1.0,3.9,11.7,25.0,0.5,0.025,0.0125,5e-11,5e-11,2.11e-09,5e-09,5.4e-17,1.09e-18,7.87e-18,4.06e-08,9.29e-14,0.0,8.55e-08,4.64e-14,2.38e-09,0.265,0.258,2.99e-14,7540000.0,45.0,0.379,0.258,0.645,6.47e-08,0.651,8.69e-16,43575,0.151,0.475,0.151,2.92e-21,1.43,0.258,0.0,-6.58
4.0,2.0,8.89e-09,4e-08,2e-08,2.0,1.0,50.0,50.0,500.0,500.0,0.645,0.9,8.89e-09,0.5,1.0,3.9,11.7,25.0,0.5,0.025,0.0125,5e-11,5e-11,2.11e-09,5e-09,5.18e-17,5.46e-19,7.87e-18,3.88e-08,9.29e-14,0.0,1.26e-07,4.64e-14,2.38e-09,0.265,0.258,2.99e-14,5100000.0,45.0,0.379,0.258,0.645,3.82e-08,0.651,1.58e-15,43624,0.151,0.307,0.151,2.92e-21,1.43,0.258,0.0,-6.58
4.0,2.0,8.89e-09,4e-08,2e-08,2.0,3.0,50.0,50.0,500.0,500.0,0.645,0.9,8.89e-09,0.5,1.0,3.9,11.7,25.0,0.5,0.025,0.0125,5e-11,5e-11,2.11e-09,5e-09,1.55e-16,1.64e-18,7.87e-18,1.06e-07,2.79e-13,0.0,3.79e-07,1.39e-13,2.38e-09,0.265,0.258,8.98e-14,1700000.0,45.0,0.379,0.258,0.645,3.82e-08,0.651,1.58e-15,43592,0.151,0.28,0.151,2.92e-21,1.43,0.258,0.0,-6.58
4.0,2.0,8.89e-09,4e-08,2e-08,2.0,2.0,50.0,50.0,500.0,500.0,0.645,0.9,8.89e-09,0.5,1.0,3.9,11.7,25.0,0.5,0.025,0.0125,5e-11,5e-11,2.11e-09,5e-09,1.04e-16,1.09e-18,7.87e-18,7.26e-08,1.86e-13,0.0,2.53e-07,9.29e-14,2.38e-09,0.265,0.258,5.99e-14,2550000.0,45.0,0.379,0.258,0.645,3.82e-08,0.651,1.58e-15,43549,0.151,0.287,0.151,2.92e-21,1.43,0.258,0.0,-6.58
4.0,2.0,8.89e-09,4e-08,1e-08,2.0,3.0,50.0,50.0,500.0,500.0,0.645,0.9,8.89e-09,0.5,1.0,3.9,11.7,25.0,0.5,0.025,0.0125,5e-11,5e-11,2.11e-09,5e-09,1.62e-16,3.28e-18,7.87e-18,1.12e-07,2.79e-13,0.0,3.8e-07,1.39e-13,2.38e-09,0.265,0.258,8.98e-14,1700000.0,45.0,0.379,0.258,0.645,3.81e-08,0.651,1.23e-15,43587,0.151,0.294,0.151,2.92e-21,1.43,0.258,0.0,-6.58
4.0,2.0,8.89e-09,1e-08,2e-08,2.0,1.0,50.0,50.0,500.0,500.0,0.645,0.9,8.89e-09,0.5,1.0,3.9,11.7,25.0,0.5,0.025,0.0125,5e-11,5e-11,2.11e-09,5e-09,5.18e-17,5.46e-19,7.87e-18,3.88e-08,9.29e-14,0.0,5.48e-08,4.64e-14,2.38e-09,0.265,0.258,2.99e-14,11800000.0,45.0,0.379,0.258,0.645,1.18e-07,0.651,1.05e-15,43544,0.151,0.709,0.151,2.92e-21,1.43,0.258,0.0,-6.58
4.0,2.0,8.89e-09,4e-08,2e-08,2.0,2.0,50.0,50.0,500.0,500.0,0.645,0.9,8.89e-09,0.5,1.0,3.9,11.7,3.9,0.5,0.025,0.0125,5e-11,5e-11,4.47e-09,5e-09,1.17e-17,1.09e-18,7.87e-18,1.33e-08,5.84e-07,2.45e-80,1.52e-06,2.92e-07,6.49e-09,0.196,0.112,1.88e-07,425000.0,45.0,0.38,0.204,0.576,0.0921,0.239,1.58e-15,43550,0.402,0.00878,0.402,3.96e-20,5.11,0.112,0.0,-2.37
4.0,2.0,8.89e-09,4e-08,2e-08,2.0,1.0,50.0,50.0,500.0,500.0,0.645,0.9,8.89e-09,0.5,1.0,3.9,11.7,3.9,0.5,0.025,0.0125,5e-11,5e-11,4.47e-09,5e-09,5.85e-18,5.46e-19,7.87e-18,9.2e-09,2.92e-07,2.45e-80,7.58e-07,1.46e-07,6.49e-09,0.196,0.112,9.42e-08,850000.0,45.0,0.38,0.204,0.576,0.0921,0.239,1.58e-15,43589,0.402,0.0121,0.402,3.96e-20,5.11,0.112,0.0,-2.37
4.0,2.0,8.89e-09,4e-08,2e-08,2.0,3.0,50.0,50.0,500.0,500.0,0.645,0.9,8.89e-09,0.5,1.0,3.9,11.7,3.9,0.5,0.025,0.0125,5e-11,5e-11,4.47e-09,5e-09,1.75e-17,1.64e-18,7.87e-18,1.74e-08,8.76e-07,2.45e-80,2.28e-06,4.38e-07,6.49e-09,0.196,0.112,2.82e-07,283000.0,45.0,0.38,0.204,0.576,0.0921,0.239,1.58e-15,43620,0.402,0.00767,0.402,3.96e-20,5.11,0.112,0.0,-2.37
4.0,2.0,8.89e-09,1e-08,5e-09,2.0,1.0,50.0,50.0,500.0,500.0,0.645,0.9,8.89e-09,0.5,1.0,3.9,11.7,25.0,0.5,0.025,0.0125,5e-11,5e-11,4.47e-09,5e-09,3.22e-17,2.18e-18,7.87e-18,2.73e-08,1.79e-09,4.4199999999999995e-149,1.84e-07,8.97e-10,3.69e-09,0.237,0.224,5.78e-10,3500000.0,45.0,0.406,0.227,0.643,0.00209,0.447,5.14e-16,43632,0.275,0.148,0.275,6.180000000000001e-21,2.22,0.224,0.0,-3.61
4.0,2.0,8.89e-09,2e-08,5e-09,2.0,1.0,50.0,50.0,500.0,500.0,0.645,0.9,8.89e-09,0.5,1.0,3.9,11.7,25.0,0.5,0.025,0.0125,5e-11,5e-11,4.47e-09,5e-09,3.22e-17,2.18e-18,7.87e-18,2.73e-08,1.79e-09,4.4199999999999995e-149,3.15e-07,8.96e-10,3.69e-09,0.235,0.223,5.77e-10,2050000.0,45.0,0.409,0.224,0.644,0.00106,0.447,6.92e-16,43572,0.275,0.0867,0.275,6.180000000000001e-21,2.22,0.223,0.0,-3.61
4.0,2.0,8.89e-09,1e-08,5e-09,2.0,2.0,50.0,50.0,500.0,500.0,0.645,0.9,8.89e-09,0.5,1.0,3.9,11.7,25.0,0.5,0.025,0.0125,5e-11,5e-11,4.47e-09,5e-09,6.44e-17,4.37e-18,7.87e-18,4.94e-08,3.59e-09,4.4199999999999995e-149,3.68e-07,1.79e-09,3.69e-09,0.237,0.224,1.16e-09,1750000.0,45.0,0.406,0.227,0.643,0.00209,0.447,5.14e-16,43602,0.275,0.134,0.275,6.180000000000001e-21,2.22,0.224,0.0,-3.61
4.0,2.0,8.89e-09,2e-08,1e-08,2.0,2.0,50.0,50.0,500.0,500.0,0.645,0.9,8.89e-09,0.5,1.0,3.9,11.7,25.0,0.5,0.025,0.0125,5e-11,5e-11,4.47e-09,5e-09,5.57e-17,2.18e-18,7.87e-18,4.24e-08,3.58e-09,4.4199999999999995e-149,6.29e-07,1.79e-09,3.69e-09,0.235,0.223,1.15e-09,1030000.0,45.0,0.409,0.224,0.644,0.00106,0.447,8.69e-16,43558,0.275,0.0674,0.275,6.180000000000001e-21,2.22,0.223,0.0,-3.61
4.0,2.0,8.89e-09,2e-08,5e-09,2.0,2.0,50.0,50.0,500.0,500.0,0.645,0.9,8.89e-09,0.5,1.0,3.9,11.7,25.0,0.5,0.025,0.0125,5e-11,5e-11,4.47e-09,5e-09,6.44e-17,4.37e-18,7.87e-18,4.94e-08,3.58e-09,4.4199999999999995e-149,6.29e-07,1.79e-09,3.69e-09,0.235,0.223,1.15e-09,1020000.0,45.0,0.409,0.224,0.644,0.00106,0.447,6.92e-16,43622,0.275,0.0786,0.275,6.180000000000001e-21,2.22,0.223,0.0,-3.61
4.0,2.0,8.89e-09,2e-08,1e-08,2.0,1.0,50.0,50.0,500.0,500.0,0.645,0.9,8.89e-09,0.5,1.0,3.9,11.7,25.0,0.5,0.025,0.0125,5e-11,5e-11,4.47e-09,5e-09,2.78e-17,1.09e-18,7.87e-18,2.37e-08,1.79e-09,4.4199999999999995e-149,3.14e-07,8.96e-10,3.69e-09,0.235,0.223,5.77e-10,2050000.0,45.0,0.409,0.224,0.644,0.00106,0.447,8.69e-16,43570,0.275,0.0755,0.275,6.180000000000001e-21,2.22,0.223,0.0,-3.61
4.0,2.0,8.89e-09,4e-08,5e-09,2.0,2.0,50.0,50.0,500.0,500.0,0.645,0.9,8.89e-09,0.5,1.0,3.9,11.7,25.0,0.5,0.025,0.0125,5e-11,5e-11,4.47e-09,5e-09,6.44e-17,4.37e-18,7.87e-18,4.94e-08,3.58e-09,4.4199999999999995e-149,9.87e-07,1.79e-09,3.69e-09,0.235,0.222,1.15e-09,654000.0,45.0,0.41,0.222,0.644,0.000549,0.447,1.05e-15,43551,0.275,0.0501,0.275,6.180000000000001e-21,2.22,0.222,0.0,-3.61
4.0,2.0,8.89e-09,4e-08,5e-09,2.0,1.0,50.0,50.0,500.0,500.0,0.645,0.9,8.89e-09,0.5,1.0,3.9,11.7,25.0,0.5,0.025,0.0125,5e-11,5e-11,4.47e-09,5e-09,3.22e-17,2.18e-18,7.87e-18,2.73e-08,1.79e-09,4.4199999999999995e-149,4.93e-07,8.95e-10,3.69e-09,0.235,0.222,5.77e-10,1310000.0,45.0,0.41,0.222,0.644,0.000549,0.447,1.05e-15,43619,0.275,0.0553,0.275,6.180000000000001e-21,2.22,0.222,0.0,-3.61
4.0,2.0,8.89e-09,4e-08,1e-08,2.0,2.0,50.0,50.0,500.0,500.0,0.645,0.9,8.89e-09,0.5,1.0,3.9,11.7,25.0,0.5,0.025,0.0125,5e-11,5e-11,4.47e-09,5e-09,5.57e-17,2.18e-18,7.87e-18,4.24e-08,3.58e-09,4.4199999999999995e-149,9.85e-07,1.79e-09,3.69e-09,0.235,0.222,1.15e-09,654000.0,45.0,0.41,0.222,0.644,0.00055,0.447,1.23e-15,43573,0.275,0.043,0.275,6.180000000000001e-21,2.22,0.222,0.0,-3.61
4.0,2.0,8.89e-09,4e-08,1e-08,2.0,1.0,50.0,50.0,500.0,500.0,0.645,0.9,8.89e-09,0.5,1.0,3.9,11.7,25.0,0.5,0.025,0.0125,5e-11,5e-11,4.47e-09,5e-09,2.78e-17,1.09e-18,7.87e-18,2.37e-08,1.79e-09,4.4199999999999995e-149,4.93e-07,8.95e-10,3.69e-09,0.235,0.222,5.77e-10,1310000.0,45.0,0.41,0.222,0.644,0.00055,0.447,1.23e-15,43597,0.275,0.0482,0.275,6.180000000000001e-21,2.22,0.222,0.0,-3.61
4.0,2.0,8.89e-09,4e-08,2e-08,2.0,1.0,50.0,50.0,500.0,500.0,0.645,0.9,8.89e-09,0.5,1.0,3.9,11.7,25.0,0.5,0.025,0.0125,5e-11,5e-11,4.47e-09,5e-09,2.57e-17,5.46e-19,7.87e-18,2.2e-08,1.79e-09,4.4199999999999995e-149,4.92e-07,8.95e-10,3.69e-09,0.235,0.222,5.77e-10,1310000.0,45.0,0.41,0.222,0.644,0.000552,0.447,1.58e-15,43620,0.275,0.0447,0.275,6.180000000000001e-21,2.22,0.222,0.0,-3.61
4.0,2.0,8.89e-09,4e-08,2e-08,2.0,2.0,50.0,50.0,500.0,500.0,0.645,0.9,8.89e-09,0.5,1.0,3.9,11.7,25.0,0.5,0.025,0.0125,5e-11,5e-11,4.47e-09,5e-09,5.13e-17,1.09e-18,7.87e-18,3.89e-08,3.58e-09,4.4199999999999995e-149,9.83e-07,1.79e-09,3.69e-09,0.235,0.222,1.15e-09,656000.0,45.0,0.41,0.222,0.644,0.000552,0.447,1.58e-15,43606,0.275,0.0395,0.275,6.180000000000001e-21,2.22,0.222,0.0,-3.61
4.0,2.0,8.89e-09,4e-08,5e-09,2.0,1.0,50.0,50.0,500.0,500.0,1.2,0.618,8.89e-09,0.5,1.0,3.9,11.7,25.0,0.5,0.025,0.0125,5e-11,5e-11,2.11e-09,5e-09,5.84e-17,2.18e-18,7.87e-18,8.21e-08,2e-09,3.89e-16,1.92e-06,1e-09,2.38e-09,0.483,0.443,1.2e-09,626000.0,45.0,0.716,0.443,1.2,0.000561,0.285,1.05e-15,43548,0.151,0.0429,0.151,2.92e-21,1.43,0.443,0.0,-6.74
4.0,2.0,8.89e-09,2e-08,5e-09,2.0,1.0,50.0,50.0,500.0,500.0,1.2,0.618,8.89e-09,0.5,1.0,3.9,11.7,25.0,0.5,0.025,0.0125,5e-11,5e-11,2.11e-09,5e-09,5.84e-17,2.18e-18,7.87e-18,8.21e-08,2.01e-09,3.89e-16,1.01e-06,1e-09,2.38e-09,0.407,0.373,1.2e-09,1190000.0,45.0,0.792,0.374,1.2,0.00112,0.285,6.92e-16,43554,0.151,0.0811,0.151,2.92e-21,1.43,0.373,0.0,-7.29
4.0,2.0,8.89e-09,4e-08,1e-08,2.0,1.0,50.0,50.0,500.0,500.0,1.2,0.618,8.89e-09,0.5,1.0,3.9,11.7,25.0,0.5,0.025,0.0125,5e-11,5e-11,2.11e-09,5e-09,5.4e-17,1.09e-18,7.87e-18,7.56e-08,2e-09,3.89e-16,1.91e-06,1e-09,2.38e-09,0.483,0.442,1.2e-09,627000.0,45.0,0.716,0.443,1.2,0.000562,0.285,1.23e-15,43594,0.151,0.0395,0.151,2.92e-21,1.43,0.442,0.0,-6.74
4.0,2.0,8.89e-09,2e-08,1e-08,2.0,1.0,50.0,50.0,500.0,500.0,1.2,0.618,8.89e-09,0.5,1.0,3.9,11.7,25.0,0.5,0.025,0.0125,5e-11,5e-11,2.11e-09,5e-09,5.4e-17,1.09e-18,7.87e-18,7.56e-08,2.01e-09,3.89e-16,1.01e-06,1e-09,2.38e-09,0.407,0.373,1.2e-09,1190000.0,45.0,0.793,0.374,1.2,0.00112,0.285,8.69e-16,43607,0.151,0.0747,0.151,2.92e-21,1.43,0.373,0.0,-7.29
4.0,2.0,8.89e-09,4e-08,1e-08,2.0,2.0,50.0,50.0,500.0,500.0,1.2,0.618,8.89e-09,0.5,1.0,3.9,11.7,25.0,0.5,0.025,0.0125,5e-11,5e-11,2.11e-09,5e-09,1.08e-16,2.18e-18,7.87e-18,1.42e-07,4.01e-09,3.89e-16,3.82e-06,2e-09,2.38e-09,0.483,0.442,2.4e-09,314000.0,45.0,0.716,0.443,1.2,0.000562,0.285,1.23e-15,43586,0.151,0.0371,0.151,2.92e-21,1.43,0.442,0.0,-6.74
4.0,2.0,8.89e-09,4e-08,5e-09,2.0,2.0,50.0,50.0,500.0,500.0,1.2,0.618,8.89e-09,0.5,1.0,3.9,11.7,25.0,0.5,0.025,0.0125,5e-11,5e-11,2.11e-09,5e-09,1.17e-16,4.37e-18,7.87e-18,1.55e-07,4.01e-09,3.89e-16,3.83e-06,2e-09,2.38e-09,0.483,0.443,2.4e-09,313000.0,45.0,0.716,0.443,1.2,0.000561,0.285,1.05e-15,43550,0.151,0.0404,0.151,2.92e-21,1.43,0.443,0.0,-6.74
4.0,2.0,8.89e-09,4e-08,2e-08,2.0,2.0,50.0,50.0,500.0,500.0,1.2,0.618,8.89e-09,0.5,1.0,3.9,11.7,25.0,0.5,0.025,0.0125,5e-11,5e-11,2.11e-09,5e-09,1.04e-16,1.09e-18,7.87e-18,1.35e-07,4.01e-09,3.89e-16,3.81e-06,2e-09,2.38e-09,0.483,0.442,2.4e-09,315000.0,45.0,0.717,0.443,1.2,0.000564,0.285,1.58e-15,43619,0.151,0.0355,0.151,2.92e-21,1.43,0.442,0.0,-6.74
4.0,2.0,8.89e-09,4e-08,2e-08,2.0,1.0,50.0,50.0,500.0,500.0,1.2,0.618,8.89e-09,0.5,1.0,3.9,11.7,25.0,0.5,0.025,0.0125,5e-11,5e-11,2.11e-09,5e-09,5.18e-17,5.46e-19,7.87e-18,7.23e-08,2e-09,3.89e-16,1.91e-06,1e-09,2.38e-09,0.483,0.442,1.2e-09,630000.0,45.0,0.717,0.443,1.2,0.000564,0.285,1.58e-15,43546,0.151,0.0379,0.151,2.92e-21,1.43,0.442,0.0,-6.74
4.0,2.0,8.89e-09,2e-08,5e-09,2.0,1.0,50.0,50.0,500.0,500.0,1.2,0.9,8.89e-09,0.5,1.0,3.9,11.7,25.0,0.5,0.025,0.0125,5e-11,5e-11,2.11e-09,5e-09,5.84e-17,2.18e-18,7.87e-18,8.21e-08,9.38e-13,3.0399999999999996e-23,6.98e-07,4.69e-13,2.38e-09,0.498,0.49,5.63e-13,1720000.0,45.0,0.702,0.49,1.2,5.23e-07,0.567,6.92e-16,43562,0.151,0.118,0.151,2.92e-21,1.43,0.49,0.0,-6.61
4.0,2.0,8.89e-09,4e-08,5e-09,2.0,2.0,50.0,50.0,500.0,500.0,1.2,0.9,8.89e-09,0.5,1.0,3.9,11.7,25.0,0.5,0.025,0.0125,5e-11,5e-11,2.11e-09,5e-09,1.17e-16,4.37e-18,7.87e-18,1.55e-07,1.88e-12,3.0399999999999996e-23,2.66e-06,9.38e-13,2.38e-09,0.5,0.491,1.13e-12,452000.0,45.0,0.7,0.491,1.2,2.63e-07,0.567,1.05e-15,43555,0.151,0.0583,0.151,2.92e-21,1.43,0.491,0.0,-6.61
4.0,2.0,8.89e-09,2e-08,5e-09,2.0,2.0,50.0,50.0,500.0,500.0,1.2,0.9,8.89e-09,0.5,1.0,3.9,11.7,25.0,0.5,0.025,0.0125,5e-11,5e-11,2.11e-09,5e-09,1.17e-16,4.37e-18,7.87e-18,1.55e-07,1.88e-12,3.0399999999999996e-23,1.4e-06,9.38e-13,2.38e-09,0.498,0.49,1.13e-12,859000.0,45.0,0.702,0.49,1.2,5.23e-07,0.567,6.92e-16,43612,0.151,0.111,0.151,2.92e-21,1.43,0.49,0.0,-6.61
4.0,2.0,8.89e-09,2e-08,5e-09,2.0,3.0,50.0,50.0,500.0,500.0,1.2,0.9,8.89e-09,0.5,1.0,3.9,11.7,25.0,0.5,0.025,0.0125,5e-11,5e-11,2.11e-09,5e-09,1.75e-16,6.55e-18,7.87e-18,2.27e-07,2.81e-12,3.0399999999999996e-23,2.09e-06,1.41e-12,2.38e-09,0.498,0.49,1.69e-12,573000.0,45.0,0.702,0.49,1.2,5.23e-07,0.567,6.92e-16,43586,0.151,0.109,0.151,2.92e-21,1.43,0.49,0.0,-6.61
4.0,2.0,8.89e-09,4e-08,5e-09,2.0,3.0,50.0,50.0,500.0,500.0,1.2,0.9,8.89e-09,0.5,1.0,3.9,11.7,25.0,0.5,0.025,0.0125,5e-11,5e-11,2.11e-09,5e-09,1.75e-16,6.55e-18,7.87e-18,2.27e-07,2.81e-12,3.0399999999999996e-23,3.98e-06,1.41e-12,2.38e-09,0.5,0.491,1.69e-12,301000.0,45.0,0.7,0.491,1.2,2.63e-07,0.567,1.05e-15,43572,0.151,0.0571,0.151,2.92e-21,1.43,0.491,0.0,-6.61
4.0,2.0,8.89e-09,1e-08,5e-09,2.0,3.0,50.0,50.0,500.0,500.0,1.2,0.9,8.89e-09,0.5,1.0,3.9,11.7,25.0,0.5,0.025,0.0125,5e-11,5e-11,2.11e-09,5e-09,1.75e-16,6.55e-18,7.87e-18,2.27e-07,2.81e-12,3.0399999999999996e-23,1.09e-06,1.41e-12,2.38e-09,0.495,0.488,1.69e-12,1100000.0,45.0,0.705,0.488,1.2,1.04e-06,0.567,5.14e-16,43585,0.151,0.208,0.151,2.92e-21,1.43,0.488,0.0,-6.61
4.0,2.0,8.89e-09,1e-08,5e-09,2.0,1.0,50.0,50.0,500.0,500.0,1.2,0.9,8.89e-09,0.5,1.0,3.9,11.7,25.0,0.5,0.025,0.0125,5e-11,5e-11,2.11e-09,5e-09,5.84e-17,2.18e-18,7.87e-18,8.21e-08,9.38e-13,3.0399999999999996e-23,3.65e-07,4.69e-13,2.38e-09,0.495,0.488,5.63e-13,3290000.0,45.0,0.705,0.488,1.2,1.04e-06,0.567,5.14e-16,43602,0.151,0.225,0.151,2.92e-21,1.43,0.488,0.0,-6.61
4.0,2.0,8.89e-09,4e-08,5e-09,2.0,1.0,50.0,50.0,500.0,500.0,1.2,0.9,8.89e-09,0.5,1.0,3.9,11.7,25.0,0.5,0.025,0.0125,5e-11,5e-11,2.11e-09,5e-09,5.84e-17,2.18e-18,7.87e-18,8.21e-08,9.38e-13,3.0399999999999996e-23,1.33e-06,4.69e-13,2.38e-09,0.5,0.491,5.63e-13,904000.0,45.0,0.7,0.491,1.2,2.63e-07,0.567,1.05e-15,43577,0.151,0.0619,0.151,2.92e-21,1.43,0.491,0.0,-6.61
4.0,2.0,8.89e-09,1e-08,5e-09,2.0,2.0,50.0,50.0,500.0,500.0,1.2,0.9,8.89e-09,0.5,1.0,3.9,11.7,25.0,0.5,0.025,0.0125,5e-11,5e-11,2.11e-09,5e-09,1.17e-16,4.37e-18,7.87e-18,1.55e-07,1.88e-12,3.0399999999999996e-23,7.3e-07,9.38e-13,2.38e-09,0.495,0.488,1.13e-12,1640000.0,45.0,0.705,0.488,1.2,1.04e-06,0.567,5.14e-16,43615,0.151,0.212,0.151,2.92e-21,1.43,0.488,0.0,-6.61
4.0,2.0,8.89e-09,1e-08,1e-08,2.0,1.0,50.0,50.0,500.0,500.0,1.2,0.9,8.89e-09,0.5,1.0,3.9,11.7,25.0,0.5,0.025,0.0125,5e-11,5e-11,2.11e-09,5e-09,5.4e-17,1.09e-18,7.87e-18,7.56e-08,9.38e-13,3.0399999999999996e-23,3.65e-07,4.69e-13,2.38e-09,0.495,0.488,5.63e-13,3290000.0,45.0,0.705,0.488,1.2,1.04e-06,0.567,6.92e-16,43597,0.151,0.207,0.151,2.92e-21,1.43,0.488,0.0,-6.61
4.0,2.0,8.89e-09,1e-08,2e-08,2.0,1.0,50.0,50.0,500.0,500.0,1.2,0.9,8.89e-09,0.5,1.0,3.9,11.7,25.0,0.5,0.025,0.0125,5e-11,5e-11,2.11e-09,5e-09,5.18e-17,5.46e-19,7.87e-18,7.23e-08,9.38e-13,3.0399999999999996e-23,3.64e-07,4.69e-13,2.38e-09,0.495,0.488,5.63e-13,3290000.0,45.0,0.705,0.488,1.2,1.05e-06,0.567,1.05e-15,43640,0.151,0.198,0.151,2.92e-21,1.43,0.488,0.0,-6.61
4.0,2.0,8.89e-09,2e-08,2e-08,2.0,1.0,50.0,50.0,500.0,500.0,1.2,0.9,8.89e-09,0.5,1.0,3.9,11.7,25.0,0.5,0.025,0.0125,5e-11,5e-11,2.11e-09,5e-09,5.18e-17,5.46e-19,7.87e-18,7.23e-08,9.38e-13,3.0399999999999996e-23,6.96e-07,4.69e-13,2.38e-09,0.498,0.49,5.63e-13,1720000.0,45.0,0.702,0.49,1.2,5.25e-07,0.567,1.23e-15,43628,0.151,0.104,0.151,2.92e-21,1.43,0.49,0.0,-6.61
4.0,2.0,8.89e-09,2e-08,1e-08,2.0,1.0,50.0,50.0,500.0,500.0,1.2,0.9,8.89e-09,0.5,1.0,3.9,11.7,25.0,0.5,0.025,0.0125,5e-11,5e-11,2.11e-09,5e-09,5.4e-17,1.09e-18,7.87e-18,7.56e-08,9.38e-13,3.0399999999999996e-23,6.97e-07,4.69e-13,2.38e-09,0.498,0.49,5.63e-13,1720000.0,45.0,0.702,0.49,1.2,5.24e-07,0.567,8.69e-16,43618,0.151,0.108,0.151,2.92e-21,1.43,0.49,0.0,-6.61
4.0,2.0,8.89e-09,4e-08,1e-08,2.0,2.0,50.0,50.0,500.0,500.0,1.2,0.9,8.89e-09,0.5,1.0,3.9,11.7,25.0,0.5,0.025,0.0125,5e-11,5e-11,2.11e-09,5e-09,1.08e-16,2.18e-18,7.87e-18,1.42e-07,1.88e-12,3.0399999999999996e-23,2.65e-06,9.38e-13,2.38e-09,0.5,0.491,1.13e-12,453000.0,45.0,0.7,0.491,1.2,2.63e-07,0.567,1.23e-15,43595,0.151,0.0535,0.151,2.92e-21,1.43,0.491,0.0,-6.61
4.0,2.0,8.89e-09,2e-08,1e-08,2.0,3.0,50.0,50.0,500.0,500.0,1.2,0.9,8.89e-09,0.5,1.0,3.9,11.7,25.0,0.5,0.025,0.0125,5e-11,5e-11,2.11e-09,5e-09,1.62e-16,3.28e-18,7.87e-18,2.08e-07,2.81e-12,3.0399999999999996e-23,2.09e-06,1.41e-12,2.38e-09,0.498,0.49,1.69e-12,574000.0,45.0,0.702,0.49,1.2,5.24e-07,0.567,8.69e-16,43565,0.151,0.0993,0.151,2.92e-21,1.43,0.49,0.0,-6.61
4.0,2.0,8.89e-09,4e-08,1e-08,2.0,1.0,50.0,50.0,500.0,500.0,1.2,0.9,8.89e-09,0.5,1.0,3.9,11.7,25.0,0.5,0.025,0.0125,5e-11,5e-11,2.11e-09,5e-09,5.4e-17,1.09e-18,7.87e-18,7.56e-08,9.38e-13,3.0399999999999996e-23,1.33e-06,4.69e-13,2.38e-09,0.5,0.491,5.63e-13,906000.0,45.0,0.7,0.491,1.2,2.63e-07,0.567,1.23e-15,43549,0.151,0.057,0.151,2.92e-21,1.43,0.491,0.0,-6.61
4.0,2.0,8.89e-09,4e-08,2e-08,2.0,1.0,50.0,50.0,500.0,500.0,1.2,0.9,8.89e-09,0.5,1.0,3.9,11.7,25.0,0.5,0.025,0.0125,5e-11,5e-11,2.11e-09,5e-09,5.18e-17,5.46e-19,7.87e-18,7.23e-08,9.38e-13,3.0399999999999996e-23,1.32e-06,4.69e-13,2.38e-09,0.5,0.491,5.63e-13,909000.0,45.0,0.7,0.491,1.2,2.64e-07,0.567,1.58e-15,43635,0.151,0.0548,0.151,2.92e-21,1.43,0.491,0.0,-6.61
4.0,2.0,8.89e-09,4e-08,1e-08,2.0,3.0,50.0,50.0,500.0,500.0,1.2,0.9,8.89e-09,0.5,1.0,3.9,11.7,25.0,0.5,0.025,0.0125,5e-11,5e-11,2.11e-09,5e-09,1.62e-16,3.28e-18,7.87e-18,2.08e-07,2.81e-12,3.0399999999999996e-23,3.98e-06,1.41e-12,2.38e-09,0.5,0.491,1.69e-12,302000.0,45.0,0.7,0.491,1.2,2.63e-07,0.567,1.23e-15,43566,0.151,0.0523,0.151,2.92e-21,1.43,0.491,0.0,-6.61
4.0,2.0,8.89e-09,4e-08,2e-08,2.0,3.0,50.0,50.0,500.0,500.0,1.2,0.9,8.89e-09,0.5,1.0,3.9,11.7,25.0,0.5,0.025,0.0125,5e-11,5e-11,2.11e-09,5e-09,1.55e-16,1.64e-18,7.87e-18,1.98e-07,2.81e-12,3.0399999999999996e-23,3.96e-06,1.41e-12,2.38e-09,0.5,0.491,1.69e-12,303000.0,45.0,0.7,0.491,1.2,2.64e-07,0.567,1.58e-15,43552,0.151,0.05,0.151,2.92e-21,1.43,0.491,0.0,-6.61
4.0,2.0,8.89e-09,4e-08,2e-08,2.0,2.0,50.0,50.0,500.0,500.0,1.2,0.9,8.89e-09,0.5,1.0,3.9,11.7,25.0,0.5,0.025,0.0125,5e-11,5e-11,2.11e-09,5e-09,1.04e-16,1.09e-18,7.87e-18,1.35e-07,1.88e-12,3.0399999999999996e-23,2.64e-06,9.38e-13,2.38e-09,0.5,0.491,1.13e-12,454000.0,45.0,0.7,0.491,1.2,2.64e-07,0.567,1.58e-15,43580,0.151,0.0512,0.151,2.92e-21,1.43,0.491,0.0,-6.61
4.0,2.0,8.89e-09,2e-08,1e-08,2.0,2.0,50.0,50.0,500.0,500.0,1.2,0.9,8.89e-09,0.5,1.0,3.9,11.7,25.0,0.5,0.025,0.0125,5e-11,5e-11,2.11e-09,5e-09,1.08e-16,2.18e-18,7.87e-18,1.42e-07,1.88e-12,3.0399999999999996e-23,1.39e-06,9.38e-13,2.38e-09,0.498,0.49,1.13e-12,860000.0,45.0,0.702,0.49,1.2,5.24e-07,0.567,8.69e-16,43600,0.151,0.102,0.151,2.92e-21,1.43,0.49,0.0,-6.61
4.0,2.0,8.89e-09,4e-08,2e-08,2.0,2.0,50.0,50.0,500.0,500.0,1.2,0.9,8.89e-09,0.5,1.0,3.9,11.7,3.9,0.5,0.025,0.0125,5e-11,5e-11,4.47e-09,5e-09,1.17e-17,1.09e-18,7.87e-18,2.48e-08,1.37e-06,7.65e-33,3.53e-06,6.86e-07,6.49e-09,0.354,0.227,8.23e-07,340000.0,45.0,0.695,0.42,1.05,0.193,0.0154,1.58e-15,43633,0.402,0.00703,0.402,3.96e-20,5.11,0.227,0.0,-2.44
4.0,2.0,8.89e-09,4e-08,2e-08,2.0,3.0,50.0,50.0,500.0,500.0,1.2,0.9,8.89e-09,0.5,1.0,3.9,11.7,3.9,0.5,0.025,0.0125,5e-11,5e-11,4.47e-09,5e-09,1.75e-17,1.64e-18,7.87e-18,3.25e-08,2.06e-06,7.65e-33,5.29e-06,1.03e-06,6.49e-09,0.354,0.227,1.23e-06,227000.0,45.0,0.695,0.42,1.05,0.193,0.0154,1.58e-15,43560,0.402,0.00614,0.402,3.96e-20,5.11,0.227,0.0,-2.44
4.0,2.0,8.89e-09,4e-08,2e-08,2.0,1.0,50.0,50.0,500.0,500.0,1.2,0.9,8.89e-09,0.5,1.0,3.9,11.7,3.9,0.5,0.025,0.0125,5e-11,5e-11,4.47e-09,5e-09,5.85e-18,5.46e-19,7.87e-18,1.71e-08,6.86e-07,7.65e-33,1.76e-06,3.43e-07,6.49e-09,0.354,0.227,4.11e-07,680000.0,45.0,0.695,0.42,1.05,0.193,0.0154,1.58e-15,43545,0.402,0.00971,0.402,3.96e-20,5.11,0.227,0.0,-2.44
4.0,2.0,8.89e-09,4e-08,1e-08,2.0,1.0,50.0,50.0,500.0,500.0,1.2,0.9,8.89e-09,0.5,1.0,3.9,11.7,3.9,0.5,0.025,0.0125,5e-11,5e-11,4.47e-09,5e-09,8.03e-18,1.09e-18,7.87e-18,2.04e-08,6.86e-07,7.65e-33,1.77e-06,3.43e-07,6.49e-09,0.355,0.228,4.12e-07,678000.0,45.0,0.695,0.42,1.05,0.192,0.0154,1.23e-15,43604,0.402,0.0115,0.402,3.96e-20,5.11,0.228,0.0,-2.44
4.0,2.0,8.89e-09,4e-08,1e-08,2.0,2.0,50.0,50.0,500.0,500.0,1.2,0.9,8.89e-09,0.5,1.0,3.9,11.7,3.9,0.5,0.025,0.0125,5e-11,5e-11,4.47e-09,5e-09,1.61e-17,2.18e-18,7.87e-18,3.13e-08,1.37e-06,7.65e-33,3.54e-06,6.86e-07,6.49e-09,0.355,0.228,8.23e-07,339000.0,45.0,0.695,0.42,1.05,0.192,0.0154,1.23e-15,43579,0.402,0.00886,0.402,3.96e-20,5.11,0.228,0.0,-2.44
4.0,2.0,8.89e-09,4e-08,1e-08,2.0,3.0,50.0,50.0,500.0,500.0,1.2,0.9,8.89e-09,0.5,1.0,3.9,11.7,3.9,0.5,0.025,0.0125,5e-11,5e-11,4.47e-09,5e-09,2.41e-17,3.28e-18,7.87e-18,4.23e-08,2.06e-06,7.65e-33,5.31e-06,1.03e-06,6.49e-09,0.355,0.228,1.23e-06,226000.0,45.0,0.695,0.42,1.05,0.192,0.0154,1.23e-15,43592,0.402,0.00797,0.402,3.96e-20,5.11,0.228,0.0,-2.44
4.0,2.0,1.58e-08,2e-08,1e-08,2.0,1.0,50.0,50.0,500.0,500.0,0.186,0.291,1.58e-08,0.5,1.0,3.9,11.7,3.9,0.5,0.025,0.0125,5e-11,5e-11,1e-09,5e-09,6.56e-17,3.45e-18,1.4e-17,1.55e-08,1.12e-08,0.0,1.66e-07,5.61e-09,3.15e-09,0.0741,0.0604,1.04e-09,1120000.0,25.3,0.109,0.0645,0.183,0.00416,0.195,1.76e-15,43543,0.0809,0.0932,0.0809,8.85e-21,1.19,0.0604,0.0,-5.85
4.0,2.0,1.58e-08,4e-08,1e-08,2.0,1.0,50.0,50.0,500.0,500.0,0.186,0.291,1.58e-08,0.5,1.0,3.9,11.7,3.9,0.5,0.025,0.0125,5e-11,5e-11,1e-09,5e-09,6.56e-17,3.45e-18,1.4e-17,1.55e-08,1.11e-08,0.0,2.5e-07,5.55e-09,3.15e-09,0.0767,0.0632,1.03e-09,746000.0,25.3,0.108,0.0655,0.185,0.00229,0.195,2.4e-15,43560,0.0809,0.0619,0.0809,8.85e-21,1.19,0.0632,0.0,-6.65
4.0,2.0,1.58e-08,2e-08,2e-08,2.0,1.0,50.0,50.0,500.0,500.0,0.186,0.291,1.58e-08,0.5,1.0,3.9,11.7,3.9,0.5,0.025,0.0125,5e-11,5e-11,1e-09,5e-09,5.87e-17,1.73e-18,1.4e-17,1.39e-08,1.12e-08,0.0,1.66e-07,5.61e-09,3.15e-09,0.0741,0.0604,1.04e-09,1120000.0,25.3,0.109,0.0645,0.183,0.00417,0.195,2.4e-15,43552,0.0809,0.0836,0.0809,8.85e-21,1.19,0.0604,0.0,-5.85
4.0,2.0,1.58e-08,4e-08,2e-08,2.0,1.0,50.0,50.0,500.0,500.0,0.186,0.291,1.58e-08,0.5,1.0,3.9,11.7,3.9,0.5,0.025,0.0125,5e-11,5e-11,1e-09,5e-09,5.87e-17,1.73e-18,1.4e-17,1.39e-08,1.11e-08,0.0,2.49e-07,5.55e-09,3.15e-09,0.0767,0.0632,1.03e-09,747000.0,25.3,0.108,0.0655,0.185,0.0023,0.195,3.03e-15,43603,0.0809,0.0556,0.0809,8.85e-21,1.19,0.0632,0.0,-6.64
4.0,2.0,1.58e-08,1e-08,1e-08,2.0,1.0,50.0,50.0,500.0,500.0,0.186,0.424,1.58e-08,0.5,1.0,3.9,11.7,3.9,0.5,0.025,0.0125,5e-11,5e-11,1e-09,5e-09,6.56e-17,3.45e-18,1.4e-17,1.55e-08,1.56e-10,3.15e-29,1.61e-08,7.79e-11,3.15e-09,0.0784,0.0691,1.45e-11,11500000.0,25.3,0.108,0.0693,0.186,0.000243,0.328,1.45e-15,43574,0.0809,0.958,0.0809,8.85e-21,1.19,0.0691,0.0,-8.77
4.0,2.0,1.58e-08,1e-08,5e-09,2.0,1.0,50.0,50.0,500.0,500.0,0.186,0.424,1.58e-08,0.5,1.0,3.9,11.7,3.9,0.5,0.025,0.0125,5e-11,5e-11,1e-09,5e-09,7.94e-17,6.91e-18,1.4e-17,1.87e-08,1.56e-10,3.15e-29,1.61e-08,7.79e-11,3.15e-09,0.0784,0.0691,1.45e-11,11500000.0,25.3,0.108,0.0693,0.186,0.000243,0.328,1.13e-15,43631,0.0809,1.16,0.0809,8.85e-21,1.19,0.0691,0.0,-8.77
4.0,2.0,1.58e-08,1e-08,2e-08,2.0,1.0,50.0,50.0,500.0,500.0,0.186,0.424,1.58e-08,0.5,1.0,3.9,11.7,3.9,0.5,0.025,0.0125,5e-11,5e-11,1e-09,5e-09,5.87e-17,1.73e-18,1.4e-17,1.39e-08,1.56e-10,3.15e-29,1.61e-08,7.79e-11,3.15e-09,0.0784,0.0691,1.45e-11,11500000.0,25.3,0.108,0.0693,0.186,0.000243,0.328,2.08e-15,43560,0.0809,0.859,0.0809,8.85e-21,1.19,0.0691,0.0,-8.77
4.0,2.0,1.58e-08,4e-08,2e-08,2.0,1.0,50.0,50.0,500.0,500.0,0.186,0.424,1.58e-08,0.5,1.0,3.9,11.7,3.9,0.5,0.025,0.0125,5e-11,5e-11,1e-09,5e-09,5.87e-17,1.73e-18,1.4e-17,1.39e-08,1.56e-10,3.15e-29,2e-08,7.79e-11,3.15e-09,0.0785,0.0693,1.45e-11,9310000.0,25.3,0.107,0.0694,0.186,0.000169,0.328,3.03e-15,43556,0.0809,0.693,0.0809,8.85e-21,1.19,0.0693,0.0,-8.84
4.0,2.0,1.58e-08,2e-08,1e-08,2.0,1.0,50.0,50.0,500.0,500.0,0.186,0.424,1.58e-08,0.5,1.0,3.9,11.7,3.9,0.5,0.025,0.0125,5e-11,5e-11,1e-09,5e-09,6.56e-17,3.45e-18,1.4e-17,1.55e-08,1.56e-10,3.15e-29,1.84e-08,7.79e-11,3.15e-09,0.0785,0.0692,1.45e-11,10100000.0,25.3,0.108,0.0694,0.186,0.000194,0.328,1.76e-15,43612,0.0809,0.839,0.0809,8.85e-21,1.19,0.0692,0.0,-8.82
4.0,2.0,1.58e-08,2e-08,2e-08,2.0,1.0,50.0,50.0,500.0,500.0,0.186,0.424,1.58e-08,0.5,1.0,3.9,11.7,3.9,0.5,0.025,0.0125,5e-11,5e-11,1e-09,5e-09,5.87e-17,1.73e-18,1.4e-17,1.39e-08,1.56e-10,3.15e-29,1.84e-08,7.79e-11,3.15e-09,0.0785,0.0692,1.45e-11,10100000.0,25.3,0.108,0.0694,0.186,0.000194,0.328,2.4e-15,43551,0.0809,0.752,0.0809,8.85e-21,1.19,0.0692,0.0,-8.82
4.0,2.0,1.58e-08,2e-08,1e-08,2.0,1.0,50.0,50.0,500.0,500.0,0.186,0.424,1.58e-08,0.5,1.0,3.9,11.7,3.9,0.5,0.025,0.0125,5e-11,5e-11,2.11e-09,5e-09,3.83e-17,3.45e-18,1.4e-17,1.04e-08,1.21e-08,1.8599999999999998e-242,1.18e-07,6.06e-09,4.4e-09,0.0721,0.0541,1.13e-09,1570000.0,25.3,0.111,0.0596,0.183,0.00556,0.233,1.76e-15,43607,0.161,0.0877,0.161,1.87e-20,1.48,0.0541,0.0,-4.37
4.0,2.0,1.58e-08,4e-08,5e-09,2.0,1.0,50.0,50.0,500.0,500.0,0.186,0.424,1.58e-08,0.5,1.0,3.9,11.7,3.9,0.5,0.025,0.0125,5e-11,5e-11,2.11e-09,5e-09,5.21e-17,6.91e-18,1.4e-17,1.36e-08,1.21e-08,1.8599999999999998e-242,1.51e-07,6.03e-09,4.4e-09,0.0736,0.0561,1.12e-09,1230000.0,25.3,0.11,0.0596,0.184,0.00351,0.233,2.08e-15,43614,0.161,0.0897,0.161,1.87e-20,1.48,0.0561,0.0,-4.61
4.0,2.0,1.58e-08,2e-08,2e-08,2.0,1.0,50.0,50.0,500.0,500.0,0.186,0.424,1.58e-08,0.5,1.0,3.9,11.7,3.9,0.5,0.025,0.0125,5e-11,5e-11,2.11e-09,5e-09,3.14e-17,1.73e-18,1.4e-17,8.77e-09,1.21e-08,1.8599999999999998e-242,1.18e-07,6.06e-09,4.4e-09,0.0721,0.0541,1.13e-09,1570000.0,25.3,0.111,0.0596,0.183,0.00557,0.233,2.4e-15,43598,0.161,0.0742,0.161,1.87e-20,1.48,0.0541,0.0,-4.36
4.0,2.0,1.58e-08,1e-08,2e-08,2.0,1.0,50.0,50.0,500.0,500.0,0.186,0.424,1.58e-08,0.5,1.0,3.9,11.7,3.9,0.5,0.025,0.0125,5e-11,5e-11,2.11e-09,5e-09,3.14e-17,1.73e-18,1.4e-17,8.77e-09,1.22e-08,1.8599999999999998e-242,8.28e-08,6.11e-09,4.4e-09,0.0691,0.0499,1.14e-09,2250000.0,25.3,0.111,0.0597,0.18,0.0098,0.233,2.08e-15,43624,0.161,0.106,0.161,1.87e-20,1.48,0.0499,0.0,-3.9
4.0,2.0,1.58e-08,4e-08,1e-08,2.0,1.0,50.0,50.0,500.0,500.0,0.186,0.424,1.58e-08,0.5,1.0,3.9,11.7,3.9,0.5,0.025,0.0125,5e-11,5e-11,2.11e-09,5e-09,3.83e-17,3.45e-18,1.4e-17,1.04e-08,1.21e-08,1.8599999999999998e-242,1.51e-07,6.03e-09,4.4e-09,0.0736,0.0561,1.12e-09,1230000.0,25.3,0.11,0.0596,0.184,0.00351,0.233,2.4e-15,43555,0.161,0.0685,0.161,1.87e-20,1.48,0.0561,0.0,-4.61
4.0,2.0,1.58e-08,4e-08,2e-08,2.0,1.0,50.0,50.0,500.0,500.0,0.186,0.424,1.58e-08,0.5,1.0,3.9,11.7,3.9,0.5,0.025,0.0125,5e-11,5e-11,2.11e-09,5e-09,3.14e-17,1.73e-18,1.4e-17,8.77e-09,1.21e-08,1.8599999999999998e-242,1.51e-07,6.03e-09,4.4e-09,0.0736,0.0561,1.12e-09,1230000.0,25.3,0.11,0.0596,0.184,0.00352,0.233,3.03e-15,43593,0.161,0.058,0.161,1.87e-20,1.48,0.0561,0.0,-4.61
4.0,2.0,1.58e-08,2e-08,2e-08,2.0,1.0,50.0,50.0,500.0,500.0,0.186,0.618,1.58e-08,0.5,1.0,3.9,11.7,3.9,0.5,0.025,0.0125,5e-11,5e-11,2.11e-09,5e-09,3.14e-17,1.73e-18,1.4e-17,8.77e-09,8.98e-11,1.26e-32,3.62e-09,4.49e-11,4.4e-09,0.0739,0.062,8.36e-12,51400000.0,25.3,0.112,0.0627,0.186,0.00065,0.427,2.4e-15,43612,0.161,2.42,0.161,1.87e-20,1.48,0.062,0.0,-5.09
4.0,2.0,1.58e-08,1e-08,2e-08,2.0,1.0,50.0,50.0,500.0,500.0,0.186,0.618,1.58e-08,0.5,1.0,3.9,11.7,3.9,0.5,0.025,0.0125,5e-11,5e-11,2.11e-09,5e-09,3.14e-17,1.73e-18,1.4e-17,8.77e-09,8.98e-11,1.26e-32,3.52e-09,4.49e-11,4.4e-09,0.0739,0.062,8.36e-12,52800000.0,25.3,0.112,0.0627,0.186,0.000679,0.427,2.08e-15,43543,0.161,2.49,0.161,1.87e-20,1.48,0.062,0.0,-5.08
4.0,2.0,1.58e-08,4e-08,2e-08,2.0,1.0,50.0,50.0,500.0,500.0,0.186,0.618,1.58e-08,0.5,1.0,3.9,11.7,3.9,0.5,0.025,0.0125,5e-11,5e-11,2.11e-09,5e-09,3.14e-17,1.73e-18,1.4e-17,8.77e-09,8.98e-11,1.26e-32,3.68e-09,4.49e-11,4.4e-09,0.0739,0.062,8.36e-12,50600000.0,25.3,0.112,0.0627,0.186,0.000635,0.427,3.03e-15,43569,0.161,2.38,0.161,1.87e-20,1.48,0.062,0.0,-5.09
4.0,2.0,1.58e-08,4e-08,2e-08,2.0,1.0,50.0,50.0,500.0,500.0,0.186,0.618,1.58e-08,0.5,1.0,3.9,11.7,3.9,0.5,0.025,0.0125,5e-11,5e-11,2.11e-09,8.55e-09,3.14e-17,1.73e-18,1.4e-17,8.77e-09,9.34e-09,1.7599999999999998e-68,7.71e-08,4.67e-09,5.89e-09,0.0698,0.0491,8.69e-10,2410000.0,25.3,0.114,0.054,0.183,0.00494,0.328,3.03e-15,43571,0.244,0.114,0.244,1.87e-20,1.96,0.0491,0.0,-3.33
4.0,2.0,1.58e-08,4e-08,2e-08,2.0,1.0,50.0,50.0,500.0,500.0,0.186,0.618,1.58e-08,0.5,1.0,3.9,11.7,3.9,0.5,0.025,0.0125,5e-11,5e-11,4.47e-09,5e-09,1.85e-17,1.73e-18,1.4e-17,6.37e-09,2.38e-08,1.6999999999999999e-205,1.07e-07,1.19e-08,6.49e-09,0.0694,0.0382,2.21e-09,1740000.0,25.3,0.111,0.0498,0.18,0.0116,0.295,3.03e-15,43629,0.272,0.0596,0.272,3.96e-20,2.19,0.0382,0.0,-2.82
4.0,2.0,1.58e-08,1e-08,5e-09,2.0,1.0,50.0,50.0,500.0,500.0,0.186,0.618,1.58e-08,0.5,1.0,3.9,11.7,25.0,0.5,0.025,0.0125,5e-11,5e-11,4.47e-09,5e-09,1.02e-16,6.91e-18,1.4e-17,2.29e-08,4.09e-12,3.3e-55,3.93e-10,2.04e-12,3.69e-09,0.0761,0.067,3.81e-13,473000000.0,25.3,0.11,0.0672,0.186,0.000247,0.48,1.13e-15,43591,0.116,58.1,0.116,6.180000000000001e-21,1.3,0.067,0.0,-6.85
4.0,2.0,1.58e-08,1e-08,1e-08,2.0,1.0,50.0,50.0,500.0,500.0,0.186,0.618,1.58e-08,0.5,1.0,3.9,11.7,25.0,0.5,0.025,0.0125,5e-11,5e-11,4.47e-09,5e-09,8.81e-17,3.45e-18,1.4e-17,1.96e-08,4.09e-12,3.3e-55,3.93e-10,2.04e-12,3.69e-09,0.0761,0.067,3.81e-13,473000000.0,25.3,0.11,0.0672,0.186,0.000247,0.48,1.45e-15,43578,0.116,49.9,0.116,6.180000000000001e-21,1.3,0.067,0.0,-6.85
4.0,2.0,1.58e-08,2e-08,1e-08,2.0,1.0,50.0,50.0,500.0,500.0,0.186,0.618,1.58e-08,0.5,1.0,3.9,11.7,25.0,0.5,0.025,0.0125,5e-11,5e-11,4.47e-09,5e-09,8.81e-17,3.45e-18,1.4e-17,1.96e-08,4.09e-12,3.3e-55,3.95e-10,2.04e-12,3.69e-09,0.0761,0.067,3.81e-13,471000000.0,25.3,0.11,0.0672,0.186,0.000246,0.48,1.76e-15,43617,0.116,49.7,0.116,6.180000000000001e-21,1.3,0.067,0.0,-6.85
4.0,2.0,1.58e-08,2e-08,2e-08,2.0,1.0,50.0,50.0,500.0,500.0,0.186,0.618,1.58e-08,0.5,1.0,3.9,11.7,25.0,0.5,0.025,0.0125,5e-11,5e-11,4.47e-09,5e-09,8.11e-17,1.73e-18,1.4e-17,1.8e-08,4.09e-12,3.3e-55,3.95e-10,2.04e-12,3.69e-09,0.0761,0.067,3.81e-13,471000000.0,25.3,0.11,0.0672,0.186,0.000246,0.48,2.4e-15,43563,0.116,45.7,0.116,6.180000000000001e-21,1.3,0.067,0.0,-6.85
4.0,2.0,1.58e-08,1e-08,2e-08,2.0,1.0,50.0,50.0,500.0,500.0,0.186,0.618,1.58e-08,0.5,1.0,3.9,11.7,25.0,0.5,0.025,0.0125,5e-11,5e-11,4.47e-09,5e-09,8.11e-17,1.73e-18,1.4e-17,1.8e-08,4.09e-12,3.3e-55,3.93e-10,2.04e-12,3.69e-09,0.0761,0.067,3.81e-13,473000000.0,25.3,0.11,0.0672,0.186,0.000247,0.48,2.08e-15,43633,0.116,45.8,0.116,6.180000000000001e-21,1.3,0.067,0.0,-6.85
4.0,2.0,1.58e-08,4e-08,2e-08,2.0,1.0,50.0,50.0,500.0,500.0,0.186,0.618,1.58e-08,0.5,1.0,3.9,11.7,25.0,0.5,0.025,0.0125,5e-11,5e-11,4.47e-09,5e-09,8.11e-17,1.73e-18,1.4e-17,1.8e-08,4.09e-12,3.3e-55,3.96e-10,2.04e-12,3.69e-09,0.0761,0.067,3.81e-13,470000000.0,25.3,0.11,0.0672,0.186,0.000245,0.48,3.03e-15,43556,0.116,45.6,0.116,6.180000000000001e-21,1.3,0.067,0.0,-6.85
4.0,2.0,8.89e-09,1e-08,5e-09,2.0,1.0,50.0,50.0,500.0,500.0,0.186,0.618,8.89e-09,0.5,1.0,3.9,11.7,3.9,0.5,0.025,0.0125,5e-11,5e-11,1e-09,5e-09,2.51e-17,2.18e-18,7.87e-18,6.55e-09,3.4e-09,1.93e-25,2.84e-08,1.7e-09,3.15e-09,0.0655,0.0542,3.16e-10,6550000.0,45.0,0.116,0.0599,0.182,0.00574,0.345,5.14e-16,43610,0.23,0.23,0.23,8.85e-21,1.85,0.0542,0.0,-3.46
4.0,2.0,8.89e-09,1e-08,2e-08,2.0,1.0,50.0,50.0,500.0,500.0,0.186,0.618,8.89e-09,0.5,1.0,3.9,11.7,3.9,0.5,0.025,0.0125,5e-11,5e-11,1e-09,5e-09,1.86e-17,5.46e-19,7.87e-18,5.02e-09,3.4e-09,1.93e-25,2.84e-08,1.7e-09,3.15e-09,0.0655,0.0542,3.16e-10,6560000.0,45.0,0.116,0.0599,0.182,0.00574,0.345,1.05e-15,43602,0.23,0.177,0.23,8.85e-21,1.85,0.0542,0.0,-3.46
4.0,2.0,8.89e-09,2e-08,5e-09,2.0,1.0,50.0,50.0,500.0,500.0,0.186,0.618,8.89e-09,0.5,1.0,3.9,11.7,3.9,0.5,0.025,0.0125,5e-11,5e-11,1e-09,5e-09,2.51e-17,2.18e-18,7.87e-18,6.55e-09,3.38e-09,1.93e-25,3.58e-08,1.69e-09,3.15e-09,0.0668,0.0559,3.15e-10,5200000.0,45.0,0.117,0.0596,0.183,0.00373,0.345,6.92e-16,43582,0.23,0.183,0.23,8.85e-21,1.85,0.0559,0.0,-3.58
4.0,2.0,8.89e-09,2e-08,1e-08,2.0,1.0,50.0,50.0,500.0,500.0,0.186,0.618,8.89e-09,0.5,1.0,3.9,11.7,3.9,0.5,0.025,0.0125,5e-11,5e-11,1e-09,5e-09,2.07e-17,1.09e-18,7.87e-18,5.53e-09,3.38e-09,1.93e-25,3.58e-08,1.69e-09,3.15e-09,0.0668,0.0559,3.15e-10,5200000.0,45.0,0.117,0.0596,0.183,0.00374,0.345,8.69e-16,43597,0.23,0.154,0.23,8.85e-21,1.85,0.0559,0.0,-3.58
4.0,2.0,8.89e-09,4e-08,2e-08,2.0,2.0,50.0,50.0,500.0,500.0,0.186,0.618,8.89e-09,0.5,1.0,3.9,11.7,3.9,0.5,0.025,0.0125,5e-11,5e-11,1e-09,5e-09,3.71e-17,1.09e-18,7.87e-18,8.58e-09,6.75e-09,1.93e-25,8.37e-08,3.38e-09,3.15e-09,0.0674,0.0567,6.28e-10,2220000.0,45.0,0.117,0.0594,0.184,0.00275,0.345,1.58e-15,43542,0.23,0.102,0.23,8.85e-21,1.85,0.0567,0.0,-3.64
4.0,2.0,8.89e-09,1e-08,1e-08,2.0,1.0,50.0,50.0,500.0,500.0,0.186,0.618,8.89e-09,0.5,1.0,3.9,11.7,3.9,0.5,0.025,0.0125,5e-11,5e-11,1e-09,5e-09,2.07e-17,1.09e-18,7.87e-18,5.53e-09,3.4e-09,1.93e-25,2.84e-08,1.7e-09,3.15e-09,0.0655,0.0542,3.16e-10,6550000.0,45.0,0.116,0.0599,0.182,0.00574,0.345,6.92e-16,43601,0.23,0.195,0.23,8.85e-21,1.85,0.0542,0.0,-3.46
4.0,2.0,8.89e-09,4e-08,2e-08,2.0,1.0,50.0,50.0,500.0,500.0,0.186,0.618,8.89e-09,0.5,1.0,3.9,11.7,3.9,0.5,0.025,0.0125,5e-11,5e-11,1e-09,5e-09,1.86e-17,5.46e-19,7.87e-18,5.02e-09,3.38e-09,1.93e-25,4.19e-08,1.69e-09,3.15e-09,0.0674,0.0567,3.14e-10,4450000.0,45.0,0.117,0.0594,0.184,0.00275,0.345,1.58e-15,43626,0.23,0.12,0.23,8.85e-21,1.85,0.0567,0.0,-3.64
4.0,2.0,8.89e-09,4e-08,5e-09,2.0,1.0,50.0,50.0,500.0,500.0,0.186,0.618,8.89e-09,0.5,1.0,3.9,11.7,3.9,0.5,0.025,0.0125,5e-11,5e-11,1e-09,5e-09,2.51e-17,2.18e-18,7.87e-18,6.55e-09,3.38e-09,1.93e-25,4.19e-08,1.69e-09,3.15e-09,0.0674,0.0567,3.14e-10,4440000.0,45.0,0.117,0.0594,0.184,0.00275,0.345,1.05e-15,43589,0.23,0.156,0.23,8.85e-21,1.85,0.0567,0.0,-3.64
4.0,2.0,8.89e-09,4e-08,1e-08,2.0,2.0,50.0,50.0,500.0,500.0,0.186,0.618,8.89e-09,0.5,1.0,3.9,11.7,3.9,0.5,0.025,0.0125,5e-11,5e-11,1e-09,5e-09,4.15e-17,2.18e-18,7.87e-18,9.59e-09,6.75e-09,1.93e-25,8.38e-08,3.38e-09,3.15e-09,0.0674,0.0567,6.28e-10,2220000.0,45.0,0.117,0.0594,0.184,0.00275,0.345,1.23e-15,43617,0.23,0.114,0.23,8.85e-21,1.85,0.0567,0.0,-3.64
4.0,2.0,8.89e-09,4e-08,1e-08,2.0,1.0,50.0,50.0,500.0,500.0,0.186,0.618,8.89e-09,0.5,1.0,3.9,11.7,3.9,0.5,0.025,0.0125,5e-11,5e-11,1e-09,5e-09,2.07e-17,1.09e-18,7.87e-18,5.53e-09,3.38e-09,1.93e-25,4.19e-08,1.69e-09,3.15e-09,0.0674,0.0567,3.14e-10,4440000.0,45.0,0.117,0.0594,0.184,0.00275,0.345,1.23e-15,43569,0.23,0.132,0.23,8.85e-21,1.85,0.0567,0.0,-3.64
4.0,2.0,8.89e-09,2e-08,2e-08,2.0,1.0,50.0,50.0,500.0,500.0,0.186,0.618,8.89e-09,0.5,1.0,3.9,11.7,3.9,0.5,0.025,0.0125,5e-11,5e-11,1e-09,5e-09,1.86e-17,5.46e-19,7.87e-18,5.02e-09,3.38e-09,1.93e-25,3.58e-08,1.69e-09,3.15e-09,0.0668,0.0559,3.15e-10,5200000.0,45.0,0.117,0.0596,0.183,0.00374,0.345,1.23e-15,43579,0.23,0.14,0.23,8.85e-21,1.85,0.0559,0.0,-3.58
4.0,2.0,8.89e-09,1e-08,5e-09,2.0,1.0,50.0,50.0,500.0,500.0,0.186,0.618,8.89e-09,0.5,1.0,3.9,11.7,25.0,0.5,0.025,0.0125,5e-11,5e-11,2.11e-09,5e-09,5.84e-17,2.18e-18,7.87e-18,1.27e-08,3.12e-11,1.19e-30,1.66e-09,1.56e-11,2.38e-09,0.0723,0.0653,2.9e-12,112000000.0,45.0,0.113,0.0658,0.186,0.000462,0.439,5.14e-16,43568,0.151,7.67,0.151,2.92e-21,1.43,0.0653,0.0,-5.49
4.0,2.0,8.89e-09,1e-08,1e-08,2.0,1.0,50.0,50.0,500.0,500.0,0.186,0.618,8.89e-09,0.5,1.0,3.9,11.7,25.0,0.5,0.025,0.0125,5e-11,5e-11,2.11e-09,5e-09,5.4e-17,1.09e-18,7.87e-18,1.17e-08,3.12e-11,1.19e-30,1.66e-09,1.56e-11,2.38e-09,0.0723,0.0653,2.9e-12,112000000.0,45.0,0.113,0.0658,0.186,0.000462,0.439,6.92e-16,43550,0.151,7.06,0.151,2.92e-21,1.43,0.0653,0.0,-5.49
4.0,2.0,8.89e-09,2e-08,2e-08,2.0,1.0,50.0,50.0,500.0,500.0,0.186,0.618,8.89e-09,0.5,1.0,3.9,11.7,25.0,0.5,0.025,0.0125,5e-11,5e-11,2.11e-09,5e-09,5.18e-17,5.46e-19,7.87e-18,1.12e-08,3.12e-11,1.19e-30,1.71e-09,1.56e-11,2.38e-09,0.0724,0.0653,2.9e-12,109000000.0,45.0,0.113,0.0658,0.186,0.000444,0.439,1.23e-15,43614,0.151,6.57,0.151,2.92e-21,1.43,0.0653,0.0,-5.5
4.0,2.0,8.89e-09,1e-08,2e-08,2.0,1.0,50.0,50.0,500.0,500.0,0.186,0.618,8.89e-09,0.5,1.0,3.9,11.7,25.0,0.5,0.025,0.0125,5e-11,5e-11,2.11e-09,5e-09,5.18e-17,5.46e-19,7.87e-18,1.12e-08,3.12e-11,1.19e-30,1.66e-09,1.56e-11,2.38e-09,0.0723,0.0653,2.9e-12,112000000.0,45.0,0.113,0.0658,0.186,0.000462,0.439,1.05e-15,43590,0.151,6.75,0.151,2.92e-21,1.43,0.0653,0.0,-5.49
4.0,2.0,8.89e-09,4e-08,2e-08,2.0,1.0,50.0,50.0,500.0,500.0,0.186,0.618,8.89e-09,0.5,1.0,3.9,11.7,25.0,0.5,0.025,0.0125,5e-11,5e-11,2.11e-09,5e-09,5.18e-17,5.46e-19,7.87e-18,1.12e-08,3.12e-11,1.19e-30,1.73e-09,1.56e-11,2.38e-09,0.0724,0.0653,2.9e-12,108000000.0,45.0,0.113,0.0658,0.186,0.000436,0.439,1.58e-15,43638,0.151,6.48,0.151,2.92e-21,1.43,0.0653,0.0,-5.5
4.0,2.0,8.89e-09,2e-08,1e-08,2.0,1.0,50.0,50.0,500.0,500.0,0.186,0.618,8.89e-09,0.5,1.0,3.9,11.7,25.0,0.5,0.025,0.0125,5e-11,5e-11,2.11e-09,5e-09,5.4e-17,1.09e-18,7.87e-18,1.17e-08,3.12e-11,1.19e-30,1.71e-09,1.56e-11,2.38e-09,0.0724,0.0653,2.9e-12,109000000.0,45.0,0.113,0.0658,0.186,0.000444,0.439,8.69e-16,43565,0.151,6.87,0.151,2.92e-21,1.43,0.0653,0.0,-5.5
4.0,2.0,8.89e-09,2e-08,5e-09,2.0,1.0,50.0,50.0,500.0,500.0,0.186,0.618,8.89e-09,0.5,1.0,3.9,11.7,25.0,0.5,0.025,0.0125,5e-11,5e-11,4.47e-09,5e-09,3.22e-17,2.18e-18,7.87e-18,7.87e-09,2.92e-08,3.8999999999999996e-214,9.59e-08,1.46e-08,3.69e-09,0.0559,0.0382,2.71e-09,1940000.0,45.0,0.114,0.0599,0.17,0.0218,0.291,6.92e-16,43586,0.275,0.082,0.275,6.180000000000001e-21,2.22,0.0382,0.0,-2.44
4.0,2.0,8.89e-09,1e-08,5e-09,2.0,1.0,50.0,50.0,500.0,500.0,0.186,0.618,8.89e-09,0.5,1.0,3.9,11.7,25.0,0.5,0.025,0.0125,5e-11,5e-11,4.47e-09,5e-09,3.22e-17,2.18e-18,7.87e-18,7.87e-09,2.87e-08,3.8999999999999996e-214,6.26e-08,1.44e-08,3.69e-09,0.0454,0.0213,2.67e-09,2970000.0,45.0,0.11,0.0638,0.156,0.0424,0.291,5.14e-16,43604,0.275,0.126,0.275,6.180000000000001e-21,2.22,0.0213,0.0,-1.83
4.0,2.0,8.89e-09,1e-08,2e-08,2.0,1.0,50.0,50.0,500.0,500.0,0.186,0.618,8.89e-09,0.5,1.0,3.9,11.7,25.0,0.5,0.025,0.0125,5e-11,5e-11,4.47e-09,5e-09,2.57e-17,5.46e-19,7.87e-18,6.34e-09,2.87e-08,3.8999999999999996e-214,6.25e-08,1.44e-08,3.69e-09,0.0454,0.0213,2.67e-09,2980000.0,45.0,0.11,0.0638,0.156,0.0425,0.291,1.05e-15,43605,0.275,0.101,0.275,6.180000000000001e-21,2.22,0.0213,0.0,-1.83
4.0,2.0,8.89e-09,4e-08,2e-08,2.0,1.0,50.0,50.0,500.0,500.0,0.186,0.618,8.89e-09,0.5,1.0,3.9,11.7,25.0,0.5,0.025,0.0125,5e-11,5e-11,4.47e-09,5e-09,2.57e-17,5.46e-19,7.87e-18,6.34e-09,2.91e-08,3.8999999999999996e-214,1.33e-07,1.46e-08,3.69e-09,0.0609,0.0452,2.71e-09,1400000.0,45.0,0.116,0.0579,0.177,0.0127,0.291,1.58e-15,43612,0.275,0.0478,0.275,6.180000000000001e-21,2.22,0.0452,0.0,-2.76
4.0,2.0,8.89e-09,4e-08,5e-09,2.0,1.0,50.0,50.0,500.0,500.0,0.186,0.618,8.89e-09,0.5,1.0,3.9,11.7,25.0,0.5,0.025,0.0125,5e-11,5e-11,4.47e-09,5e-09,3.22e-17,2.18e-18,7.87e-18,7.87e-09,2.91e-08,3.8999999999999996e-214,1.33e-07,1.46e-08,3.69e-09,0.061,0.0452,2.71e-09,1400000.0,45.0,0.116,0.0578,0.177,0.0126,0.291,1.05e-15,43631,0.275,0.0591,0.275,6.180000000000001e-21,2.22,0.0452,0.0,-2.76
4.0,2.0,8.89e-09,2e-08,1e-08,2.0,1.0,50.0,50.0,500.0,500.0,0.186,0.618,8.89e-09,0.5,1.0,3.9,11.7,25.0,0.5,0.025,0.0125,5e-11,5e-11,4.47e-09,5e-09,2.78e-17,1.09e-18,7.87e-18,6.85e-09,2.92e-08,3.8999999999999996e-214,9.58e-08,1.46e-08,3.69e-09,0.0558,0.0381,2.71e-09,1940000.0,45.0,0.114,0.0599,0.17,0.0218,0.291,8.69e-16,43620,0.275,0.0715,0.275,6.180000000000001e-21,2.22,0.0381,0.0,-2.44
4.0,2.0,8.89e-09,2e-08,2e-08,2.0,1.0,50.0,50.0,500.0,500.0,0.186,0.618,8.89e-09,0.5,1.0,3.9,11.7,25.0,0.5,0.025,0.0125,5e-11,5e-11,4.47e-09,5e-09,2.57e-17,5.46e-19,7.87e-18,6.34e-09,2.92e-08,3.8999999999999996e-214,9.57e-08,1.46e-08,3.69e-09,0.0558,0.0381,2.71e-09,1940000.0,45.0,0.114,0.0599,0.17,0.0218,0.291,1.23e-15,43579,0.275,0.0663,0.275,6.180000000000001e-21,2.22,0.0381,0.0,-2.44
4.0,2.0,8.89e-09,1e-08,1e-08,2.0,1.0,50.0,50.0,500.0,500.0,0.186,0.618,8.89e-09,0.5,1.0,3.9,11.7,25.0,0.5,0.025,0.0125,5e-11,5e-11,4.47e-09,5e-09,2.78e-17,1.09e-18,7.87e-18,6.85e-09,2.87e-08,3.8999999999999996e-214,6.26e-08,1.44e-08,3.69e-09,0.0454,0.0213,2.67e-09,2970000.0,45.0,0.11,0.0638,0.156,0.0425,0.291,6.92e-16,43559,0.275,0.109,0.275,6.180000000000001e-21,2.22,0.0213,0.0,-1.83
4.0,2.0,8.89e-09,4e-08,1e-08,2.0,1.0,50.0,50.0,500.0,500.0,0.186,0.618,8.89e-09,0.5,1.0,3.9,11.7,25.0,0.5,0.025,0.0125,5e-11,5e-11,4.47e-09,5e-09,2.78e-17,1.09e-18,7.87e-18,6.85e-09,2.91e-08,3.8999999999999996e-214,1.33e-07,1.46e-08,3.69e-09,0.0609,0.0452,2.71e-09,1400000.0,45.0,0.116,0.0579,0.177,0.0126,0.291,1.23e-15,43572,0.275,0.0515,0.275,6.180000000000001e-21,2.22,0.0452,0.0,-2.76
4.0,2.0,8.89e-09,1e-08,5e-09,2.0,1.0,50.0,50.0,500.0,500.0,0.186,0.9,8.89e-09,0.5,1.0,3.9,11.7,3.9,0.5,0.025,0.0125,5e-11,5e-11,2.11e-09,5e-09,1.65e-17,2.18e-18,7.87e-18,4.94e-09,3.46e-09,1.53e-18,1.45e-08,1.73e-09,4.4e-09,0.0614,0.0422,3.22e-10,12900000.0,45.0,0.117,0.0534,0.179,0.0112,0.519,5.14e-16,43590,0.321,0.341,0.321,1.87e-20,2.8,0.0422,0.0,-2.5
4.0,2.0,8.89e-09,1e-08,1e-08,2.0,1.0,50.0,50.0,500.0,500.0,0.186,0.9,8.89e-09,0.5,1.0,3.9,11.7,3.9,0.5,0.025,0.0125,5e-11,5e-11,2.11e-09,5e-09,1.21e-17,1.09e-18,7.87e-18,3.92e-09,3.46e-09,1.53e-18,1.45e-08,1.73e-09,4.4e-09,0.0614,0.0422,3.22e-10,12900000.0,45.0,0.117,0.0534,0.179,0.0112,0.519,6.92e-16,43544,0.321,0.271,0.321,1.87e-20,2.8,0.0422,0.0,-2.5
4.0,2.0,8.89e-09,1e-08,2e-08,2.0,1.0,50.0,50.0,500.0,500.0,0.186,0.9,8.89e-09,0.5,1.0,3.9,11.7,3.9,0.5,0.025,0.0125,5e-11,5e-11,2.11e-09,5e-09,9.93e-18,5.46e-19,7.87e-18,3.41e-09,3.46e-09,1.53e-18,1.45e-08,1.73e-09,4.4e-09,0.0614,0.0422,3.22e-10,12900000.0,45.0,0.117,0.0534,0.179,0.0112,0.519,1.05e-15,43548,0.321,0.236,0.321,1.87e-20,2.8,0.0422,0.0,-2.5
4.0,2.0,8.89e-09,2e-08,2e-08,2.0,1.0,50.0,50.0,500.0,500.0,0.186,0.9,8.89e-09,0.5,1.0,3.9,11.7,3.9,0.5,0.025,0.0125,5e-11,5e-11,2.11e-09,5e-09,9.93e-18,5.46e-19,7.87e-18,3.41e-09,3.46e-09,1.53e-18,1.59e-08,1.73e-09,4.4e-09,0.0624,0.0438,3.22e-10,11700000.0,45.0,0.118,0.0528,0.18,0.00897,0.519,1.23e-15,43626,0.321,0.215,0.321,1.87e-20,2.8,0.0438,0.0,-2.55
4.0,2.0,8.89e-09,4e-08,2e-08,2.0,1.0,50.0,50.0,500.0,500.0,0.186,0.9,8.89e-09,0.5,1.0,3.9,11.7,3.9,0.5,0.025,0.0125,5e-11,5e-11,2.11e-09,5e-09,9.93e-18,5.46e-19,7.87e-18,3.41e-09,3.46e-09,1.53e-18,1.68e-08,1.73e-09,4.4e-09,0.0629,0.0446,3.22e-10,11100000.0,45.0,0.118,0.0524,0.181,0.00786,0.519,1.58e-15,43572,0.321,0.203,0.321,1.87e-20,2.8,0.0446,0.0,-2.58
4.0,2.0,8.89e-09,2e-08,1e-08,2.0,1.0,50.0,50.0,500.0,500.0,0.186,0.9,8.89e-09,0.5,1.0,3.9,11.7,3.9,0.5,0.025,0.0125,5e-11,5e-11,2.11e-09,5e-09,1.21e-17,1.09e-18,7.87e-18,3.92e-09,3.46e-09,1.53e-18,1.59e-08,1.73e-09,4.4e-09,0.0624,0.0438,3.22e-10,11700000.0,45.0,0.118,0.0528,0.18,0.00896,0.519,8.69e-16,43592,0.321,0.247,0.321,1.87e-20,2.8,0.0438,0.0,-2.55
4.0,2.0,8.89e-09,1e-08,5e-09,2.0,1.0,50.0,50.0,500.0,500.0,0.186,0.9,8.89e-09,0.5,1.0,3.9,11.7,25.0,0.5,0.025,0.0125,5e-11,5e-11,4.47e-09,5e-09,3.22e-17,2.18e-18,7.87e-18,7.87e-09,2.11e-10,9.01e-34,2.01e-09,1.05e-10,3.69e-09,0.065,0.053,1.96e-11,92500000.0,45.0,0.119,0.0565,0.184,0.00342,0.574,5.14e-16,43571,0.275,3.91,0.275,6.180000000000001e-21,2.22,0.053,0.0,-3.11
4.0,2.0,8.89e-09,1e-08,1e-08,2.0,1.0,50.0,50.0,500.0,500.0,0.186,0.9,8.89e-09,0.5,1.0,3.9,11.7,25.0,0.5,0.025,0.0125,5e-11,5e-11,4.47e-09,5e-09,2.78e-17,1.09e-18,7.87e-18,6.85e-09,2.11e-10,9.01e-34,2.01e-09,1.05e-10,3.69e-09,0.065,0.053,1.96e-11,92500000.0,45.0,0.119,0.0565,0.184,0.00342,0.574,6.92e-16,43595,0.275,3.41,0.275,6.180000000000001e-21,2.22,0.053,0.0,-3.11
4.0,2.0,8.89e-09,2e-08,1e-08,2.0,1.0,50.0,50.0,500.0,500.0,0.186,0.9,8.89e-09,0.5,1.0,3.9,11.7,25.0,0.5,0.025,0.0125,5e-11,5e-11,4.47e-09,5e-09,2.78e-17,1.09e-18,7.87e-18,6.85e-09,2.11e-10,9.01e-34,2.05e-09,1.05e-10,3.69e-09,0.0651,0.0531,1.96e-11,90700000.0,45.0,0.119,0.0564,0.184,0.0033,0.574,8.69e-16,43617,0.275,3.34,0.275,6.180000000000001e-21,2.22,0.0531,0.0,-3.11
4.0,2.0,8.89e-09,2e-08,2e-08,2.0,1.0,50.0,50.0,500.0,500.0,0.186,0.9,8.89e-09,0.5,1.0,3.9,11.7,25.0,0.5,0.025,0.0125,5e-11,5e-11,4.47e-09,5e-09,2.57e-17,5.46e-19,7.87e-18,6.34e-09,2.11e-10,9.01e-34,2.05e-09,1.05e-10,3.69e-09,0.0651,0.0531,1.96e-11,90700000.0,45.0,0.119,0.0564,0.184,0.0033,0.574,1.23e-15,43561,0.275,3.09,0.275,6.180000000000001e-21,2.22,0.0531,0.0,-3.11
4.0,2.0,8.89e-09,1e-08,2e-08,2.0,1.0,50.0,50.0,500.0,500.0,0.186,0.9,8.89e-09,0.5,1.0,3.9,11.7,25.0,0.5,0.025,0.0125,5e-11,5e-11,4.47e-09,5e-09,2.57e-17,5.46e-19,7.87e-18,6.34e-09,2.11e-10,9.01e-34,2.01e-09,1.05e-10,3.69e-09,0.065,0.053,1.96e-11,92500000.0,45.0,0.119,0.0565,0.184,0.00342,0.574,1.05e-15,43547,0.275,3.15,0.275,6.180000000000001e-21,2.22,0.053,0.0,-3.11
4.0,2.0,8.89e-09,4e-08,2e-08,2.0,1.0,50.0,50.0,500.0,500.0,0.186,0.9,8.89e-09,0.5,1.0,3.9,11.7,25.0,0.5,0.025,0.0125,5e-11,5e-11,4.47e-09,5e-09,2.57e-17,5.46e-19,7.87e-18,6.34e-09,2.11e-10,9.01e-34,2.07e-09,1.05e-10,3.69e-09,0.0651,0.0532,1.96e-11,89800000.0,45.0,0.119,0.0564,0.184,0.00324,0.574,1.58e-15,43637,0.275,3.06,0.275,6.180000000000001e-21,2.22,0.0532,0.0,-3.12
4.0,2.0,1.58e-08,4e-08,2e-08,2.0,1.0,50.0,50.0,500.0,500.0,0.1,0.291,1.58e-08,0.5,1.0,3.9,11.7,3.9,0.5,0.025,0.0125,5e-11,5e-11,1e-09,5e-09,5.87e-17,1.73e-18,1.4e-17,7.44e-09,8.94e-09,2.8199999999999996e-45,6.32e-08,4.47e-09,3.15e-09,0.0378,0.0251,4.47e-10,1580000.0,25.3,0.0598,0.0293,0.0977,0.00429,0.202,3.03e-15,43620,0.0809,0.118,0.0809,8.85e-21,1.19,0.0251,0.0,-3.6
4.0,2.0,1.58e-08,1e-08,1e-08,2.0,1.0,50.0,50.0,500.0,500.0,0.1,0.424,1.58e-08,0.5,1.0,3.9,11.7,3.9,0.5,0.025,0.0125,5e-11,5e-11,1e-09,5e-09,6.56e-17,3.45e-18,1.4e-17,8.31e-09,1.24e-10,1.08e-12,1.47e-09,6.25e-11,3.15e-09,0.039,0.0292,6.25e-12,67800000.0,25.3,0.06,0.0312,0.0989,0.00194,0.335,1.45e-15,43614,0.0809,5.63,0.0809,8.85e-21,1.19,0.0292,0.0,-4.54
4.0,2.0,1.58e-08,2e-08,1e-08,2.0,1.0,50.0,50.0,500.0,500.0,0.1,0.424,1.58e-08,0.5,1.0,3.9,11.7,3.9,0.5,0.025,0.0125,5e-11,5e-11,1e-09,5e-09,6.56e-17,3.45e-18,1.4e-17,8.31e-09,1.24e-10,1.08e-12,1.5e-09,6.25e-11,3.15e-09,0.039,0.0293,6.25e-12,66900000.0,25.3,0.06,0.0312,0.099,0.0019,0.335,1.76e-15,43585,0.0809,5.55,0.0809,8.85e-21,1.19,0.0293,0.0,-4.56
4.0,2.0,1.58e-08,4e-08,2e-08,2.0,1.0,50.0,50.0,500.0,500.0,0.1,0.424,1.58e-08,0.5,1.0,3.9,11.7,3.9,0.5,0.025,0.0125,5e-11,5e-11,1e-09,5e-09,5.87e-17,1.73e-18,1.4e-17,7.44e-09,1.24e-10,1.08e-12,1.51e-09,6.25e-11,3.15e-09,0.039,0.0293,6.25e-12,66400000.0,25.3,0.06,0.0312,0.099,0.00188,0.335,3.03e-15,43583,0.0809,4.94,0.0809,8.85e-21,1.19,0.0293,0.0,-4.57
4.0,2.0,1.58e-08,2e-08,2e-08,2.0,1.0,50.0,50.0,500.0,500.0,0.1,0.424,1.58e-08,0.5,1.0,3.9,11.7,3.9,0.5,0.025,0.0125,5e-11,5e-11,1e-09,5e-09,5.87e-17,1.73e-18,1.4e-17,7.44e-09,1.24e-10,1.08e-12,1.5e-09,6.25e-11,3.15e-09,0.039,0.0293,6.25e-12,66900000.0,25.3,0.06,0.0312,0.099,0.0019,0.335,2.4e-15,43568,0.0809,4.98,0.0809,8.85e-21,1.19,0.0293,0.0,-4.56
4.0,2.0,1.58e-08,1e-08,2e-08,2.0,1.0,50.0,50.0,500.0,500.0,0.1,0.424,1.58e-08,0.5,1.0,3.9,11.7,3.9,0.5,0.025,0.0125,5e-11,5e-11,1e-09,5e-09,5.87e-17,1.73e-18,1.4e-17,7.44e-09,1.24e-10,1.08e-12,1.47e-09,6.25e-11,3.15e-09,0.039,0.0292,6.25e-12,67800000.0,25.3,0.06,0.0312,0.0989,0.00194,0.335,2.08e-15,43589,0.0809,5.05,0.0809,8.85e-21,1.19,0.0292,0.0,-4.54
4.0,2.0,1.58e-08,2e-08,2e-08,2.0,1.0,50.0,50.0,500.0,500.0,0.1,0.424,1.58e-08,0.5,1.0,3.9,11.7,3.9,0.5,0.025,0.0125,5e-11,5e-11,2.11e-09,5e-09,3.14e-17,1.73e-18,1.4e-17,4.71e-09,8.86e-09,1.75e-65,3.4e-08,4.43e-09,4.4e-09,0.0356,0.0153,4.43e-10,2940000.0,25.3,0.0594,0.0262,0.095,0.0109,0.247,2.4e-15,43610,0.161,0.138,0.161,1.87e-20,1.48,0.0153,0.0,-2.4
4.0,2.0,1.58e-08,4e-08,2e-08,2.0,1.0,50.0,50.0,500.0,500.0,0.1,0.424,1.58e-08,0.5,1.0,3.9,11.7,3.9,0.5,0.025,0.0125,5e-11,5e-11,2.11e-09,5e-09,3.14e-17,1.73e-18,1.4e-17,4.71e-09,8.82e-09,1.75e-65,3.78e-08,4.41e-09,4.4e-09,0.0366,0.0174,4.41e-10,2640000.0,25.3,0.0595,0.0261,0.0961,0.0087,0.247,3.03e-15,43624,0.161,0.125,0.161,1.87e-20,1.48,0.0174,0.0,-2.58
4.0,2.0,1.58e-08,4e-08,2e-08,2.0,2.0,50.0,50.0,500.0,500.0,0.1,0.424,1.58e-08,0.5,1.0,3.9,11.7,3.9,0.5,0.025,0.0125,5e-11,5e-11,2.11e-09,5e-09,6.28e-17,3.45e-18,1.4e-17,8.03e-09,1.76e-08,1.75e-65,7.57e-08,8.82e-09,4.4e-09,0.0366,0.0174,8.82e-10,1320000.0,25.3,0.0595,0.0261,0.0961,0.0087,0.247,3.03e-15,43586,0.161,0.106,0.161,1.87e-20,1.48,0.0174,0.0,-2.58
4.0,2.0,1.58e-08,1e-08,2e-08,2.0,1.0,50.0,50.0,500.0,500.0,0.1,0.424,1.58e-08,0.5,1.0,3.9,11.7,3.9,0.5,0.025,0.0125,5e-11,5e-11,2.11e-09,5e-09,3.14e-17,1.73e-18,1.4e-17,4.71e-09,8.94e-09,1.75e-65,2.85e-08,4.47e-09,4.4e-09,0.0336,0.0107,4.47e-10,3510000.0,25.3,0.059,0.0267,0.0927,0.016,0.247,2.08e-15,43613,0.161,0.166,0.161,1.87e-20,1.48,0.0107,0.0,-2.01
4.0,2.0,1.58e-08,1e-08,5e-09,2.0,1.0,50.0,50.0,500.0,500.0,0.1,0.424,1.58e-08,0.5,1.0,3.9,11.7,25.0,0.5,0.025,0.0125,5e-11,5e-11,2.11e-09,5e-09,1.85e-16,6.91e-18,1.4e-17,2.06e-08,6.49e-12,1.52e-24,1.2e-10,3.25e-12,2.38e-09,0.0403,0.0322,3.25e-13,832000000.0,25.3,0.0591,0.0333,0.0994,0.00109,0.384,1.13e-15,43576,0.0362,171.0,0.0362,2.92e-21,1.08,0.0322,0.0,-6.15
4.0,2.0,1.58e-08,1e-08,1e-08,2.0,1.0,50.0,50.0,500.0,500.0,0.1,0.424,1.58e-08,0.5,1.0,3.9,11.7,25.0,0.5,0.025,0.0125,5e-11,5e-11,2.11e-09,5e-09,1.71e-16,3.45e-18,1.4e-17,1.88e-08,6.49e-12,1.52e-24,1.2e-10,3.25e-12,2.38e-09,0.0403,0.0322,3.25e-13,832000000.0,25.3,0.0591,0.0333,0.0994,0.00109,0.384,1.45e-15,43567,0.0362,157.0,0.0362,2.92e-21,1.08,0.0322,0.0,-6.15
4.0,2.0,1.58e-08,2e-08,1e-08,2.0,1.0,50.0,50.0,500.0,500.0,0.1,0.424,1.58e-08,0.5,1.0,3.9,11.7,25.0,0.5,0.025,0.0125,5e-11,5e-11,2.11e-09,5e-09,1.71e-16,3.45e-18,1.4e-17,1.88e-08,6.49e-12,1.52e-24,1.2e-10,3.25e-12,2.38e-09,0.0403,0.0322,3.25e-13,831000000.0,25.3,0.0591,0.0333,0.0994,0.00109,0.384,1.76e-15,43609,0.0362,156.0,0.0362,2.92e-21,1.08,0.0322,0.0,-6.15
4.0,2.0,1.58e-08,2e-08,5e-09,2.0,1.0,50.0,50.0,500.0,500.0,0.1,0.424,1.58e-08,0.5,1.0,3.9,11.7,25.0,0.5,0.025,0.0125,5e-11,5e-11,4.47e-09,5e-09,1.02e-16,6.91e-18,1.4e-17,1.23e-08,9.95e-10,1.7e-99,8.44e-09,4.97e-10,3.69e-09,0.0377,0.0267,4.97e-11,11900000.0,25.3,0.0606,0.0298,0.0983,0.00315,0.297,1.45e-15,43616,0.116,1.46,0.116,6.180000000000001e-21,1.3,0.0267,0.0,-3.68
4.0,2.0,1.58e-08,1e-08,5e-09,2.0,1.0,50.0,50.0,500.0,500.0,0.1,0.424,1.58e-08,0.5,1.0,3.9,11.7,25.0,0.5,0.025,0.0125,5e-11,5e-11,4.47e-09,5e-09,1.02e-16,6.91e-18,1.4e-17,1.23e-08,9.97e-10,1.7e-99,7.89e-09,4.98e-10,3.69e-09,0.0374,0.0262,4.98e-11,12700000.0,25.3,0.0607,0.0298,0.098,0.00353,0.297,1.13e-15,43572,0.116,1.56,0.116,6.180000000000001e-21,1.3,0.0262,0.0,-3.59
4.0,2.0,1.58e-08,2e-08,1e-08,2.0,1.0,50.0,50.0,500.0,500.0,0.1,0.424,1.58e-08,0.5,1.0,3.9,11.7,25.0,0.5,0.025,0.0125,5e-11,5e-11,4.47e-09,5e-09,8.81e-17,3.45e-18,1.4e-17,1.06e-08,9.95e-10,1.7e-99,8.44e-09,4.97e-10,3.69e-09,0.0377,0.0267,4.97e-11,11900000.0,25.3,0.0606,0.0298,0.0983,0.00315,0.297,1.76e-15,43614,0.116,1.25,0.116,6.180000000000001e-21,1.3,0.0267,0.0,-3.68
4.0,2.0,1.58e-08,1e-08,2e-08,2.0,1.0,50.0,50.0,500.0,500.0,0.1,0.424,1.58e-08,0.5,1.0,3.9,11.7,25.0,0.5,0.025,0.0125,5e-11,5e-11,4.47e-09,5e-09,8.11e-17,1.73e-18,1.4e-17,9.69e-09,9.97e-10,1.7e-99,7.89e-09,4.98e-10,3.69e-09,0.0374,0.0262,4.98e-11,12700000.0,25.3,0.0607,0.0298,0.098,0.00354,0.297,2.08e-15,43580,0.116,1.23,0.116,6.180000000000001e-21,1.3,0.0262,0.0,-3.59
4.0,2.0,1.58e-08,1e-08,1e-08,2.0,1.0,50.0,50.0,500.0,500.0,0.1,0.424,1.58e-08,0.5,1.0,3.9,11.7,25.0,0.5,0.025,0.0125,5e-11,5e-11,4.47e-09,5e-09,8.81e-17,3.45e-18,1.4e-17,1.06e-08,9.97e-10,1.7e-99,7.89e-09,4.98e-10,3.69e-09,0.0374,0.0262,4.98e-11,12700000.0,25.3,0.0607,0.0298,0.098,0.00353,0.297,1.45e-15,43602,0.116,1.34,0.116,6.180000000000001e-21,1.3,0.0262,0.0,-3.59
4.0,2.0,1.58e-08,4e-08,2e-08,2.0,1.0,50.0,50.0,500.0,500.0,0.1,0.424,1.58e-08,0.5,1.0,3.9,11.7,25.0,0.5,0.025,0.0125,5e-11,5e-11,4.47e-09,5e-09,8.11e-17,1.73e-18,1.4e-17,9.69e-09,9.94e-10,1.7e-99,8.75e-09,4.97e-10,3.69e-09,0.0378,0.0269,4.97e-11,11400000.0,25.3,0.0606,0.0298,0.0984,0.00296,0.297,3.03e-15,43582,0.116,1.11,0.116,6.180000000000001e-21,1.3,0.0269,0.0,-3.72
4.0,2.0,1.58e-08,2e-08,2e-08,2.0,1.0,50.0,50.0,500.0,500.0,0.1,0.424,1.58e-08,0.5,1.0,3.9,11.7,25.0,0.5,0.025,0.0125,5e-11,5e-11,4.47e-09,5e-09,8.11e-17,1.73e-18,1.4e-17,9.69e-09,9.95e-10,1.7e-99,8.44e-09,4.97e-10,3.69e-09,0.0377,0.0267,4.97e-11,11900000.0,25.3,0.0606,0.0298,0.0983,0.00315,0.297,2.4e-15,43626,0.116,1.15,0.116,6.180000000000001e-21,1.3,0.0267,0.0,-3.68
4.0,2.0,8.89e-09,1e-08,5e-09,2.0,2.0,50.0,50.0,500.0,500.0,0.346,0.9,8.89e-09,0.5,1.0,3.9,11.7,3.9,0.5,0.025,0.0125,5e-11,5e-11,1e-09,5e-09,5.02e-17,4.37e-18,7.87e-18,2.16e-08,3.91e-11,2.47e-12,1.03e-08,2.08e-11,3.15e-09,0.129,0.12,7.2e-12,33700000.0,45.0,0.217,0.12,0.346,0.000136,0.59,5.14e-16,43629,0.23,2.1,0.23,8.85e-21,1.85,0.12,0.0,-4.22
4.0,2.0,8.89e-09,1e-08,5e-09,2.0,1.0,50.0,50.0,500.0,500.0,0.346,0.9,8.89e-09,0.5,1.0,3.9,11.7,3.9,0.5,0.025,0.0125,5e-11,5e-11,1e-09,5e-09,2.51e-17,2.18e-18,7.87e-18,1.22e-08,1.95e-11,2.47e-12,5.14e-09,1.1e-11,3.15e-09,0.129,0.12,3.81e-12,67400000.0,45.0,0.217,0.12,0.346,0.000136,0.59,5.14e-16,43620,0.23,2.37,0.23,8.85e-21,1.85,0.12,0.0,-4.22
4.0,2.0,8.89e-09,2e-08,1e-08,2.0,1.0,50.0,50.0,500.0,500.0,0.346,0.9,8.89e-09,0.5,1.0,3.9,11.7,3.9,0.5,0.025,0.0125,5e-11,5e-11,1e-09,5e-09,2.07e-17,1.09e-18,7.87e-18,1.03e-08,1.95e-11,2.47e-12,5.52e-09,1.1e-11,3.15e-09,0.129,0.12,3.81e-12,62800000.0,45.0,0.217,0.12,0.346,0.000125,0.59,8.69e-16,43568,0.23,1.87,0.23,8.85e-21,1.85,0.12,0.0,-4.22
4.0,2.0,8.89e-09,1e-08,1e-08,2.0,2.0,50.0,50.0,500.0,500.0,0.346,0.9,8.89e-09,0.5,1.0,3.9,11.7,3.9,0.5,0.025,0.0125,5e-11,5e-11,1e-09,5e-09,4.15e-17,2.18e-18,7.87e-18,1.79e-08,3.91e-11,2.47e-12,1.03e-08,2.08e-11,3.15e-09,0.129,0.12,7.2e-12,33700000.0,45.0,0.217,0.12,0.346,0.000136,0.59,6.92e-16,43585,0.23,1.74,0.23,8.85e-21,1.85,0.12,0.0,-4.22
4.0,2.0,8.89e-09,1e-08,2e-08,2.0,2.0,50.0,50.0,500.0,500.0,0.346,0.9,8.89e-09,0.5,1.0,3.9,11.7,3.9,0.5,0.025,0.0125,5e-11,5e-11,1e-09,5e-09,3.71e-17,1.09e-18,7.87e-18,1.6e-08,3.91e-11,2.47e-12,1.03e-08,2.08e-11,3.15e-09,0.129,0.12,7.2e-12,33700000.0,45.0,0.217,0.12,0.346,0.000136,0.59,1.05e-15,43636,0.23,1.55,0.23,8.85e-21,1.85,0.12,0.0,-4.22
4.0,2.0,8.89e-09,1e-08,1e-08,2.0,1.0,50.0,50.0,500.0,500.0,0.346,0.9,8.89e-09,0.5,1.0,3.9,11.7,3.9,0.5,0.025,0.0125,5e-11,5e-11,1e-09,5e-09,2.07e-17,1.09e-18,7.87e-18,1.03e-08,1.95e-11,2.47e-12,5.14e-09,1.1e-11,3.15e-09,0.129,0.12,3.81e-12,67400000.0,45.0,0.217,0.12,0.346,0.000136,0.59,6.92e-16,43564,0.23,2.0,0.23,8.85e-21,1.85,0.12,0.0,-4.22
4.0,2.0,8.89e-09,2e-08,1e-08,2.0,2.0,50.0,50.0,500.0,500.0,0.346,0.9,8.89e-09,0.5,1.0,3.9,11.7,3.9,0.5,0.025,0.0125,5e-11,5e-11,1e-09,5e-09,4.15e-17,2.18e-18,7.87e-18,1.79e-08,3.91e-11,2.47e-12,1.1e-08,2.08e-11,3.15e-09,0.129,0.12,7.2e-12,31400000.0,45.0,0.217,0.12,0.346,0.000125,0.59,8.69e-16,43551,0.23,1.62,0.23,8.85e-21,1.85,0.12,0.0,-4.22
4.0,2.0,8.89e-09,1e-08,2e-08,2.0,1.0,50.0,50.0,500.0,500.0,0.346,0.9,8.89e-09,0.5,1.0,3.9,11.7,3.9,0.5,0.025,0.0125,5e-11,5e-11,1e-09,5e-09,1.86e-17,5.46e-19,7.87e-18,9.35e-09,1.95e-11,2.47e-12,5.14e-09,1.1e-11,3.15e-09,0.129,0.12,3.81e-12,67400000.0,45.0,0.217,0.12,0.346,0.000136,0.59,1.05e-15,43641,0.23,1.82,0.23,8.85e-21,1.85,0.12,0.0,-4.22
4.0,2.0,8.89e-09,2e-08,2e-08,2.0,1.0,50.0,50.0,500.0,500.0,0.346,0.9,8.89e-09,0.5,1.0,3.9,11.7,3.9,0.5,0.025,0.0125,5e-11,5e-11,1e-09,5e-09,1.86e-17,5.46e-19,7.87e-18,9.35e-09,1.95e-11,2.47e-12,5.51e-09,1.1e-11,3.15e-09,0.129,0.12,3.81e-12,62800000.0,45.0,0.217,0.12,0.346,0.000125,0.59,1.23e-15,43638,0.23,1.7,0.23,8.85e-21,1.85,0.12,0.0,-4.22
4.0,2.0,8.89e-09,2e-08,2e-08,2.0,2.0,50.0,50.0,500.0,500.0,0.346,0.9,8.89e-09,0.5,1.0,3.9,11.7,3.9,0.5,0.025,0.0125,5e-11,5e-11,1e-09,5e-09,3.71e-17,1.09e-18,7.87e-18,1.6e-08,3.91e-11,2.47e-12,1.1e-08,2.08e-11,3.15e-09,0.129,0.12,7.2e-12,31400000.0,45.0,0.217,0.12,0.346,0.000125,0.59,1.23e-15,43567,0.23,1.45,0.23,8.85e-21,1.85,0.12,0.0,-4.22
4.0,2.0,8.89e-09,4e-08,2e-08,2.0,2.0,50.0,50.0,500.0,500.0,0.346,0.9,8.89e-09,0.5,1.0,3.9,11.7,3.9,0.5,0.025,0.0125,5e-11,5e-11,1e-09,5e-09,3.71e-17,1.09e-18,7.87e-18,1.6e-08,3.91e-11,2.47e-12,1.15e-08,2.08e-11,3.15e-09,0.129,0.12,7.2e-12,30200000.0,45.0,0.217,0.12,0.346,0.000119,0.59,1.58e-15,43616,0.23,1.39,0.23,8.85e-21,1.85,0.12,0.0,-4.22
4.0,2.0,8.89e-09,4e-08,2e-08,2.0,1.0,50.0,50.0,500.0,500.0,0.346,0.9,8.89e-09,0.5,1.0,3.9,11.7,3.9,0.5,0.025,0.0125,5e-11,5e-11,1e-09,5e-09,1.86e-17,5.46e-19,7.87e-18,9.35e-09,1.95e-11,2.47e-12,5.73e-09,1.1e-11,3.15e-09,0.129,0.12,3.81e-12,60400000.0,45.0,0.217,0.12,0.346,0.000119,0.59,1.58e-15,43576,0.23,1.63,0.23,8.85e-21,1.85,0.12,0.0,-4.22
4.0,2.0,8.89e-09,1e-08,5e-09,2.0,1.0,50.0,50.0,500.0,500.0,0.346,0.9,8.89e-09,0.5,1.0,3.9,11.7,3.9,0.5,0.025,0.0125,5e-11,5e-11,2.11e-09,5e-09,1.65e-17,2.18e-18,7.87e-18,9.19e-09,6.66e-09,6.49e-84,6.27e-08,3.33e-09,4.4e-09,0.119,0.0998,1.15e-09,5530000.0,45.0,0.22,0.109,0.339,0.00921,0.467,5.14e-16,43593,0.321,0.147,0.321,1.87e-20,2.8,0.0998,0.0,-2.96
4.0,2.0,8.89e-09,4e-08,1e-08,2.0,1.0,50.0,50.0,500.0,500.0,0.346,0.9,8.89e-09,0.5,1.0,3.9,11.7,3.9,0.5,0.025,0.0125,5e-11,5e-11,2.11e-09,5e-09,1.21e-17,1.09e-18,7.87e-18,7.3e-09,6.66e-09,6.49e-84,1e-07,3.33e-09,4.4e-09,0.12,0.102,1.15e-09,3460000.0,45.0,0.223,0.106,0.344,0.0036,0.467,1.23e-15,43604,0.321,0.0729,0.321,1.87e-20,2.8,0.102,0.0,-3.0
4.0,2.0,8.89e-09,1e-08,2e-08,2.0,2.0,50.0,50.0,500.0,500.0,0.346,0.9,8.89e-09,0.5,1.0,3.9,11.7,3.9,0.5,0.025,0.0125,5e-11,5e-11,2.11e-09,5e-09,1.99e-17,1.09e-18,7.87e-18,9.98e-09,1.33e-08,6.49e-84,1.25e-07,6.66e-09,4.4e-09,0.119,0.0998,2.31e-09,2770000.0,45.0,0.22,0.109,0.339,0.00922,0.467,1.05e-15,43586,0.321,0.0797,0.321,1.87e-20,2.8,0.0998,0.0,-2.96
4.0,2.0,8.89e-09,2e-08,2e-08,2.0,1.0,50.0,50.0,500.0,500.0,0.346,0.9,8.89e-09,0.5,1.0,3.9,11.7,3.9,0.5,0.025,0.0125,5e-11,5e-11,2.11e-09,5e-09,9.93e-18,5.46e-19,7.87e-18,6.36e-09,6.66e-09,6.49e-84,8.22e-08,3.33e-09,4.4e-09,0.12,0.101,1.15e-09,4220000.0,45.0,0.222,0.107,0.342,0.00549,0.467,1.23e-15,43569,0.321,0.0774,0.321,1.87e-20,2.8,0.101,0.0,-2.99
4.0,2.0,8.89e-09,2e-08,1e-08,2.0,1.0,50.0,50.0,500.0,500.0,0.346,0.9,8.89e-09,0.5,1.0,3.9,11.7,3.9,0.5,0.025,0.0125,5e-11,5e-11,2.11e-09,5e-09,1.21e-17,1.09e-18,7.87e-18,7.3e-09,6.66e-09,6.49e-84,8.22e-08,3.33e-09,4.4e-09,0.12,0.101,1.15e-09,4210000.0,45.0,0.222,0.107,0.342,0.00548,0.467,8.69e-16,43558,0.321,0.0888,0.321,1.87e-20,2.8,0.101,0.0,-2.99
4.0,2.0,8.89e-09,1e-08,2e-08,2.0,1.0,50.0,50.0,500.0,500.0,0.346,0.9,8.89e-09,0.5,1.0,3.9,11.7,3.9,0.5,0.025,0.0125,5e-11,5e-11,2.11e-09,5e-09,9.93e-18,5.46e-19,7.87e-18,6.36e-09,6.66e-09,6.49e-84,6.26e-08,3.33e-09,4.4e-09,0.119,0.0998,1.15e-09,5530000.0,45.0,0.22,0.109,0.339,0.00922,0.467,1.05e-15,43580,0.321,0.101,0.321,1.87e-20,2.8,0.0998,0.0,-2.96
4.0,2.0,8.89e-09,1e-08,1e-08,2.0,2.0,50.0,50.0,500.0,500.0,0.346,0.9,8.89e-09,0.5,1.0,3.9,11.7,3.9,0.5,0.025,0.0125,5e-11,5e-11,2.11e-09,5e-09,2.42e-17,2.18e-18,7.87e-18,1.19e-08,1.33e-08,6.49e-84,1.25e-07,6.66e-09,4.4e-09,0.119,0.0998,2.31e-09,2760000.0,45.0,0.22,0.109,0.339,0.00921,0.467,6.92e-16,43590,0.321,0.0948,0.321,1.87e-20,2.8,0.0998,0.0,-2.96
4.0,2.0,8.89e-09,1e-08,1e-08,2.0,1.0,50.0,50.0,500.0,500.0,0.346,0.9,8.89e-09,0.5,1.0,3.9,11.7,3.9,0.5,0.025,0.0125,5e-11,5e-11,2.11e-09,5e-09,1.21e-17,1.09e-18,7.87e-18,7.3e-09,6.66e-09,6.49e-84,6.27e-08,3.33e-09,4.4e-09,0.119,0.0998,1.15e-09,5530000.0,45.0,0.22,0.109,0.339,0.00921,0.467,6.92e-16,43559,0.321,0.117,0.321,1.87e-20,2.8,0.0998,0.0,-2.96
4.0,2.0,8.89e-09,4e-08,2e-08,2.0,1.0,50.0,50.0,500.0,500.0,0.346,0.9,8.89e-09,0.5,1.0,3.9,11.7,3.9,0.5,0.025,0.0125,5e-11,5e-11,2.11e-09,5e-09,9.93e-18,5.46e-19,7.87e-18,6.36e-09,6.66e-09,6.49e-84,1e-07,3.33e-09,4.4e-09,0.12,0.102,1.15e-09,3460000.0,45.0,0.223,0.106,0.344,0.00361,0.467,1.58e-15,43612,0.321,0.0636,0.321,1.87e-20,2.8,0.102,0.0,-3.0
4.0,2.0,8.89e-09,2e-08,5e-09,2.0,1.0,50.0,50.0,500.0,500.0,0.346,0.9,8.89e-09,0.5,1.0,3.9,11.7,3.9,0.5,0.025,0.0125,5e-11,5e-11,2.11e-09,5e-09,1.65e-17,2.18e-18,7.87e-18,9.19e-09,6.66e-09,6.49e-84,8.22e-08,3.33e-09,4.4e-09,0.12,0.101,1.15e-09,4210000.0,45.0,0.222,0.107,0.342,0.00547,0.467,6.92e-16,43552,0.321,0.112,0.321,1.87e-20,2.8,0.101,0.0,-2.99
4.0,2.0,8.89e-09,1e-08,5e-09,2.0,1.0,50.0,50.0,500.0,500.0,0.346,0.9,8.89e-09,0.5,1.0,3.9,11.7,25.0,0.5,0.025,0.0125,5e-11,5e-11,2.11e-09,5e-09,5.84e-17,2.18e-18,7.87e-18,2.37e-08,2.82e-14,1.26e-16,8.3e-11,1.42e-14,2.38e-09,0.14,0.133,4.9e-15,4180000000.0,45.0,0.207,0.133,0.346,1.04e-05,0.696,5.14e-16,43621,0.151,286.0,0.151,2.92e-21,1.43,0.133,0.0,-6.37
4.0,2.0,8.89e-09,1e-08,5e-09,2.0,2.0,50.0,50.0,500.0,500.0,0.346,0.9,8.89e-09,0.5,1.0,3.9,11.7,25.0,0.5,0.025,0.0125,5e-11,5e-11,2.11e-09,5e-09,1.17e-16,4.37e-18,7.87e-18,4.47e-08,5.64e-14,1.26e-16,1.66e-10,2.82e-14,2.38e-09,0.14,0.133,9.78e-15,2090000000.0,45.0,0.207,0.133,0.346,1.04e-05,0.696,5.14e-16,43569,0.151,269.0,0.151,2.92e-21,1.43,0.133,0.0,-6.37
4.0,2.0,8.89e-09,1e-08,1e-08,2.0,1.0,50.0,50.0,500.0,500.0,0.346,0.9,8.89e-09,0.5,1.0,3.9,11.7,25.0,0.5,0.025,0.0125,5e-11,5e-11,2.11e-09,5e-09,5.4e-17,1.09e-18,7.87e-18,2.18e-08,2.82e-14,1.26e-16,8.3e-11,1.42e-14,2.38e-09,0.14,0.133,4.9e-15,4180000000.0,45.0,0.207,0.133,0.346,1.04e-05,0.696,6.92e-16,43612,0.151,263.0,0.151,2.92e-21,1.43,0.133,0.0,-6.37
4.0,2.0,8.89e-09,2e-08,2e-08,2.0,1.0,50.0,50.0,500.0,500.0,0.346,0.9,8.89e-09,0.5,1.0,3.9,11.7,25.0,0.5,0.025,0.0125,5e-11,5e-11,2.11e-09,5e-09,5.18e-17,5.46e-19,7.87e-18,2.09e-08,2.82e-14,1.26e-16,8.31e-11,1.42e-14,2.38e-09,0.14,0.133,4.9e-15,4170000000.0,45.0,0.207,0.133,0.346,1.04e-05,0.696,1.23e-15,43579,0.151,251.0,0.151,2.92e-21,1.43,0.133,0.0,-6.37
4.0,2.0,8.89e-09,1e-08,1e-08,2.0,2.0,50.0,50.0,500.0,500.0,0.346,0.9,8.89e-09,0.5,1.0,3.9,11.7,25.0,0.5,0.025,0.0125,5e-11,5e-11,2.11e-09,5e-09,1.08e-16,2.18e-18,7.87e-18,4.09e-08,5.64e-14,1.26e-16,1.66e-10,2.82e-14,2.38e-09,0.14,0.133,9.78e-15,2090000000.0,45.0,0.207,0.133,0.346,1.04e-05,0.696,6.92e-16,43547,0.151,247.0,0.151,2.92e-21,1.43,0.133,0.0,-6.37
4.0,2.0,8.89e-09,1e-08,5e-09,2.0,3.0,50.0,50.0,500.0,500.0,0.346,0.9,8.89e-09,0.5,1.0,3.9,11.7,25.0,0.5,0.025,0.0125,5e-11,5e-11,2.11e-09,5e-09,1.75e-16,6.55e-18,7.87e-18,6.57e-08,8.45e-14,1.26e-16,2.49e-10,4.23e-14,2.38e-09,0.14,0.133,1.47e-14,1390000000.0,45.0,0.207,0.133,0.346,1.04e-05,0.696,5.14e-16,43558,0.151,264.0,0.151,2.92e-21,1.43,0.133,0.0,-6.37
4.0,2.0,8.89e-09,1e-08,2e-08,2.0,3.0,50.0,50.0,500.0,500.0,0.346,0.9,8.89e-09,0.5,1.0,3.9,11.7,25.0,0.5,0.025,0.0125,5e-11,5e-11,2.11e-09,5e-09,1.55e-16,1.64e-18,7.87e-18,5.72e-08,8.45e-14,1.26e-16,2.49e-10,4.23e-14,2.38e-09,0.14,0.133,1.47e-14,1390000000.0,45.0,0.207,0.133,0.346,1.04e-05,0.696,1.05e-15,43591,0.151,230.0,0.151,2.92e-21,1.43,0.133,0.0,-6.37
4.0,2.0,8.89e-09,1e-08,1e-08,2.0,3.0,50.0,50.0,500.0,500.0,0.346,0.9,8.89e-09,0.5,1.0,3.9,11.7,25.0,0.5,0.025,0.0125,5e-11,5e-11,2.11e-09,5e-09,1.62e-16,3.28e-18,7.87e-18,6e-08,8.45e-14,1.26e-16,2.49e-10,4.23e-14,2.38e-09,0.14,0.133,1.47e-14,1390000000.0,45.0,0.207,0.133,0.346,1.04e-05,0.696,6.92e-16,43625,0.151,241.0,0.151,2.92e-21,1.43,0.133,0.0,-6.37
4.0,2.0,8.89e-09,1e-08,2e-08,2.0,2.0,50.0,50.0,500.0,500.0,0.346,0.9,8.89e-09,0.5,1.0,3.9,11.7,25.0,0.5,0.025,0.0125,5e-11,5e-11,2.11e-09,5e-09,1.04e-16,1.09e-18,7.87e-18,3.9e-08,5.64e-14,1.26e-16,1.66e-10,2.82e-14,2.38e-09,0.14,0.133,9.78e-15,2090000000.0,45.0,0.207,0.133,0.346,1.04e-05,0.696,1.05e-15,43633,0.151,235.0,0.151,2.92e-21,1.43,0.133,0.0,-6.37
4.0,2.0,8.89e-09,2e-08,1e-08,2.0,2.0,50.0,50.0,500.0,500.0,0.346,0.9,8.89e-09,0.5,1.0,3.9,11.7,25.0,0.5,0.025,0.0125,5e-11,5e-11,2.11e-09,5e-09,1.08e-16,2.18e-18,7.87e-18,4.09e-08,5.64e-14,1.26e-16,1.66e-10,2.82e-14,2.38e-09,0.14,0.133,9.78e-15,2080000000.0,45.0,0.207,0.133,0.346,1.04e-05,0.696,8.69e-16,43575,0.151,246.0,0.151,2.92e-21,1.43,0.133,0.0,-6.37
4.0,2.0,8.89e-09,2e-08,2e-08,2.0,3.0,50.0,50.0,500.0,500.0,0.346,0.9,8.89e-09,0.5,1.0,3.9,11.7,25.0,0.5,0.025,0.0125,5e-11,5e-11,2.11e-09,5e-09,1.55e-16,1.64e-18,7.87e-18,5.72e-08,8.45e-14,1.26e-16,2.49e-10,4.23e-14,2.38e-09,0.14,0.133,1.47e-14,1390000000.0,45.0,0.207,0.133,0.346,1.04e-05,0.696,1.23e-15,43634,0.151,229.0,0.151,2.92e-21,1.43,0.133,0.0,-6.37
4.0,2.0,8.89e-09,1e-08,2e-08,2.0,1.0,50.0,50.0,500.0,500.0,0.346,0.9,8.89e-09,0.5,1.0,3.9,11.7,25.0,0.5,0.025,0.0125,5e-11,5e-11,2.11e-09,5e-09,5.18e-17,5.46e-19,7.87e-18,2.09e-08,2.82e-14,1.26e-16,8.3e-11,1.42e-14,2.38e-09,0.14,0.133,4.9e-15,4180000000.0,45.0,0.207,0.133,0.346,1.04e-05,0.696,1.05e-15,43568,0.151,252.0,0.151,2.92e-21,1.43,0.133,0.0,-6.37
4.0,2.0,8.89e-09,1e-08,5e-09,2.0,1.0,50.0,50.0,500.0,500.0,0.346,0.9,8.89e-09,0.5,1.0,3.9,11.7,25.0,0.5,0.025,0.0125,5e-11,5e-11,4.47e-09,5e-09,3.22e-17,2.18e-18,7.87e-18,1.46e-08,4.44e-10,6.29e-110,2.44e-08,2.22e-10,3.69e-09,0.124,0.113,7.69e-11,14200000.0,45.0,0.221,0.114,0.346,0.000883,0.529,5.14e-16,43563,0.275,0.6,0.275,6.180000000000001e-21,2.22,0.113,0.0,-3.53
4.0,2.0,8.89e-09,1e-08,1e-08,2.0,1.0,50.0,50.0,500.0,500.0,0.346,0.9,8.89e-09,0.5,1.0,3.9,11.7,25.0,0.5,0.025,0.0125,5e-11,5e-11,4.47e-09,5e-09,2.78e-17,1.09e-18,7.87e-18,1.28e-08,4.44e-10,6.29e-110,2.44e-08,2.22e-10,3.69e-09,0.124,0.113,7.69e-11,14200000.0,45.0,0.221,0.114,0.346,0.000883,0.529,6.92e-16,43590,0.275,0.523,0.275,6.180000000000001e-21,2.22,0.113,0.0,-3.53
4.0,2.0,8.89e-09,4e-08,5e-09,2.0,1.0,50.0,50.0,500.0,500.0,0.346,0.9,8.89e-09,0.5,1.0,3.9,11.7,25.0,0.5,0.025,0.0125,5e-11,5e-11,4.47e-09,5e-09,3.22e-17,2.18e-18,7.87e-18,1.46e-08,4.44e-10,6.29e-110,3.44e-08,2.22e-10,3.69e-09,0.124,0.113,7.69e-11,10100000.0,45.0,0.222,0.113,0.346,0.000511,0.529,1.05e-15,43567,0.275,0.426,0.275,6.180000000000001e-21,2.22,0.113,0.0,-3.54
4.0,2.0,8.89e-09,2e-08,1e-08,2.0,1.0,50.0,50.0,500.0,500.0,0.346,0.9,8.89e-09,0.5,1.0,3.9,11.7,25.0,0.5,0.025,0.0125,5e-11,5e-11,4.47e-09,5e-09,2.78e-17,1.09e-18,7.87e-18,1.28e-08,4.44e-10,6.29e-110,2.98e-08,2.22e-10,3.69e-09,0.124,0.113,7.69e-11,11600000.0,45.0,0.222,0.114,0.346,0.000635,0.529,8.69e-16,43587,0.275,0.427,0.275,6.180000000000001e-21,2.22,0.113,0.0,-3.53
4.0,2.0,8.89e-09,2e-08,5e-09,2.0,1.0,50.0,50.0,500.0,500.0,0.346,0.9,8.89e-09,0.5,1.0,3.9,11.7,25.0,0.5,0.025,0.0125,5e-11,5e-11,4.47e-09,5e-09,3.22e-17,2.18e-18,7.87e-18,1.46e-08,4.44e-10,6.29e-110,2.99e-08,2.22e-10,3.69e-09,0.124,0.113,7.69e-11,11600000.0,45.0,0.222,0.114,0.346,0.000635,0.529,6.92e-16,43560,0.275,0.49,0.275,6.180000000000001e-21,2.22,0.113,0.0,-3.53
4.0,2.0,8.89e-09,4e-08,2e-08,2.0,1.0,50.0,50.0,500.0,500.0,0.346,0.9,8.89e-09,0.5,1.0,3.9,11.7,25.0,0.5,0.025,0.0125,5e-11,5e-11,4.47e-09,5e-09,2.57e-17,5.46e-19,7.87e-18,1.18e-08,4.44e-10,6.29e-110,3.43e-08,2.22e-10,3.69e-09,0.124,0.113,7.69e-11,10100000.0,45.0,0.222,0.113,0.346,0.000512,0.529,1.58e-15,43618,0.275,0.344,0.275,6.180000000000001e-21,2.22,0.113,0.0,-3.54
4.0,2.0,8.89e-09,1e-08,2e-08,2.0,1.0,50.0,50.0,500.0,500.0,0.346,0.9,8.89e-09,0.5,1.0,3.9,11.7,25.0,0.5,0.025,0.0125,5e-11,5e-11,4.47e-09,5e-09,2.57e-17,5.46e-19,7.87e-18,1.18e-08,4.44e-10,6.29e-110,2.44e-08,2.22e-10,3.69e-09,0.124,0.113,7.69e-11,14200000.0,45.0,0.221,0.114,0.346,0.000884,0.529,1.05e-15,43572,0.275,0.484,0.275,6.180000000000001e-21,2.22,0.113,0.0,-3.53
4.0,2.0,8.89e-09,4e-08,1e-08,2.0,1.0,50.0,50.0,500.0,500.0,0.346,0.9,8.89e-09,0.5,1.0,3.9,11.7,25.0,0.5,0.025,0.0125,5e-11,5e-11,4.47e-09,5e-09,2.78e-17,1.09e-18,7.87e-18,1.28e-08,4.44e-10,6.29e-110,3.43e-08,2.22e-10,3.69e-09,0.124,0.113,7.69e-11,10100000.0,45.0,0.222,0.113,0.346,0.000511,0.529,1.23e-15,43550,0.275,0.371,0.275,6.180000000000001e-21,2.22,0.113,0.0,-3.54
4.0,2.0,8.89e-09,2e-08,2e-08,2.0,1.0,50.0,50.0,500.0,500.0,0.346,0.9,8.89e-09,0.5,1.0,3.9,11.7,25.0,0.5,0.025,0.0125,5e-11,5e-11,4.47e-09,5e-09,2.57e-17,5.46e-19,7.87e-18,1.18e-08,4.44e-10,6.29e-110,2.98e-08,2.22e-10,3.69e-09,0.124,0.113,7.69e-11,11600000.0,45.0,0.222,0.114,0.346,0.000636,0.529,1.23e-15,43617,0.275,0.396,0.275,6.180000000000001e-21,2.22,0.113,0.0,-3.53
4.0,2.0,1.58e-08,1e-08,5e-09,2.0,1.0,50.0,50.0,500.0,500.0,0.1,0.618,1.58e-08,0.5,1.0,3.9,11.7,3.9,0.5,0.025,0.0125,5e-11,5e-11,2.11e-09,5e-09,5.21e-17,6.91e-18,1.4e-17,7.3e-09,6.36e-11,3.73e-17,4.02e-10,3.18e-11,4.4e-09,0.0368,0.0233,3.18e-12,249000000.0,25.3,0.0609,0.028,0.0977,0.00471,0.441,1.13e-15,43576,0.161,18.2,0.161,1.87e-20,1.48,0.0233,0.0,-2.99
4.0,2.0,1.58e-08,1e-08,1e-08,2.0,1.0,50.0,50.0,500.0,500.0,0.1,0.618,1.58e-08,0.5,1.0,3.9,11.7,3.9,0.5,0.025,0.0125,5e-11,5e-11,2.11e-09,5e-09,3.83e-17,3.45e-18,1.4e-17,5.58e-09,6.36e-11,3.73e-17,4.02e-10,3.18e-11,4.4e-09,0.0368,0.0233,3.18e-12,249000000.0,25.3,0.0609,0.028,0.0977,0.00471,0.441,1.45e-15,43607,0.161,13.9,0.161,1.87e-20,1.48,0.0233,0.0,-2.99
4.0,2.0,1.58e-08,1e-08,2e-08,2.0,1.0,50.0,50.0,500.0,500.0,0.1,0.618,1.58e-08,0.5,1.0,3.9,11.7,3.9,0.5,0.025,0.0125,5e-11,5e-11,2.11e-09,5e-09,3.14e-17,1.73e-18,1.4e-17,4.71e-09,6.36e-11,3.73e-17,4.02e-10,3.18e-11,4.4e-09,0.0368,0.0233,3.18e-12,249000000.0,25.3,0.0609,0.028,0.0977,0.00471,0.441,2.08e-15,43624,0.161,11.7,0.161,1.87e-20,1.48,0.0233,0.0,-2.99
4.0,2.0,1.58e-08,2e-08,1e-08,2.0,1.0,50.0,50.0,500.0,500.0,0.1,0.618,1.58e-08,0.5,1.0,3.9,11.7,3.9,0.5,0.025,0.0125,5e-11,5e-11,2.11e-09,5e-09,3.83e-17,3.45e-18,1.4e-17,5.58e-09,6.36e-11,3.73e-17,4.03e-10,3.18e-11,4.4e-09,0.0368,0.0233,3.18e-12,248000000.0,25.3,0.0609,0.028,0.0977,0.00468,0.441,1.76e-15,43601,0.161,13.8,0.161,1.87e-20,1.48,0.0233,0.0,-2.99
4.0,2.0,1.58e-08,1e-08,1e-08,2.0,1.0,50.0,50.0,500.0,500.0,0.1,0.618,1.58e-08,0.5,1.0,3.9,11.7,25.0,0.5,0.025,0.0125,5e-11,5e-11,4.47e-09,5e-09,8.81e-17,3.45e-18,1.4e-17,1.06e-08,3.05e-12,9.81e-33,2.89e-11,1.52e-12,3.69e-09,0.0378,0.0274,1.52e-13,3470000000.0,25.3,0.0607,0.0301,0.0985,0.00271,0.49,1.45e-15,43570,0.116,366.0,0.116,6.180000000000001e-21,1.3,0.0274,0.0,-3.82
4.0,2.0,1.58e-08,1e-08,2e-08,2.0,1.0,50.0,50.0,500.0,500.0,0.1,0.618,1.58e-08,0.5,1.0,3.9,11.7,25.0,0.5,0.025,0.0125,5e-11,5e-11,4.47e-09,5e-09,8.11e-17,1.73e-18,1.4e-17,9.69e-09,3.05e-12,9.81e-33,2.89e-11,1.52e-12,3.69e-09,0.0378,0.0274,1.52e-13,3470000000.0,25.3,0.0607,0.0301,0.0985,0.00271,0.49,2.08e-15,43625,0.116,336.0,0.116,6.180000000000001e-21,1.3,0.0274,0.0,-3.82
4.0,2.0,1.58e-08,1e-08,5e-09,2.0,1.0,50.0,50.0,500.0,500.0,0.1,0.618,1.58e-08,0.5,1.0,3.9,11.7,25.0,0.5,0.025,0.0125,5e-11,5e-11,4.47e-09,5e-09,1.02e-16,6.91e-18,1.4e-17,1.23e-08,3.05e-12,9.81e-33,2.89e-11,1.52e-12,3.69e-09,0.0378,0.0274,1.52e-13,3470000000.0,25.3,0.0607,0.0301,0.0985,0.00271,0.49,1.13e-15,43619,0.116,426.0,0.116,6.180000000000001e-21,1.3,0.0274,0.0,-3.82
4.0,2.0,1.58e-08,4e-08,2e-08,2.0,1.0,50.0,50.0,500.0,500.0,0.1,0.618,1.58e-08,0.5,1.5,3.9,11.7,3.9,0.5,0.025,0.0125,5e-11,5e-11,4.47e-09,5e-09,2.31e-17,2.16e-18,1.4e-17,3.93e-09,1.84e-08,3.0100000000000002e-86,3.69e-08,9.2e-09,6.49e-09,0.0115,0.0233,9.2e-10,2710000.0,25.3,0.0688,0.0368,0.0803,0.0135,0.319,3.79e-15,43614,0.272,0.106,0.272,3.96e-20,2.19,0.0115,0.0,-1.57
4.0,2.0,1.58e-08,4e-08,1e-08,2.0,1.0,50.0,50.0,500.0,500.0,0.1,0.618,1.58e-08,0.5,1.5,3.9,11.7,3.9,0.5,0.025,0.0125,5e-11,5e-11,4.47e-09,5e-09,3.17e-17,4.32e-18,1.4e-17,5.01e-09,1.84e-08,3.0100000000000002e-86,3.69e-08,9.2e-09,6.49e-09,0.0115,0.0233,9.2e-10,2710000.0,25.3,0.0688,0.0368,0.0803,0.0135,0.319,3e-15,43613,0.272,0.136,0.272,3.96e-20,2.19,0.0115,0.0,-1.57
4.0,2.0,1.58e-08,1e-08,2e-08,2.0,2.0,50.0,50.0,500.0,500.0,0.1,0.9,1.58e-08,0.5,1.5,3.9,11.7,3.9,0.5,0.025,0.0125,5e-11,5e-11,4.47e-09,5e-09,4.62e-17,4.32e-18,1.4e-17,6.45e-09,3.53e-10,3.98e-17,9.46e-10,1.76e-10,6.49e-09,0.0175,0.0275,1.76e-11,106000000.0,25.3,0.0706,0.0358,0.0881,0.00837,0.601,2.6e-15,43545,0.272,6.82,0.272,3.96e-20,2.19,0.0175,0.0,-1.89
4.0,2.0,1.58e-08,2e-08,2e-08,2.0,2.0,50.0,50.0,500.0,500.0,0.1,0.9,1.58e-08,0.5,1.5,3.9,11.7,3.9,0.5,0.025,0.0125,5e-11,5e-11,4.47e-09,5e-09,4.62e-17,4.32e-18,1.4e-17,6.45e-09,3.52e-10,3.98e-17,9.49e-10,1.76e-10,6.49e-09,0.0176,0.0275,1.76e-11,105000000.0,25.3,0.0706,0.0358,0.0882,0.00833,0.601,3e-15,43613,0.272,6.8,0.272,3.96e-20,2.19,0.0176,0.0,-1.9
4.0,2.0,1.58e-08,4e-08,2e-08,2.0,2.0,50.0,50.0,500.0,500.0,0.1,0.9,1.58e-08,0.5,1.5,3.9,11.7,3.9,0.5,0.025,0.0125,5e-11,5e-11,4.47e-09,5e-09,4.62e-17,4.32e-18,1.4e-17,6.45e-09,3.52e-10,3.98e-17,9.5e-10,1.76e-10,6.49e-09,0.0176,0.0275,1.76e-11,105000000.0,25.3,0.0706,0.0358,0.0882,0.00831,0.601,3.79e-15,43542,0.272,6.79,0.272,3.96e-20,2.19,0.0176,0.0,-1.9
4.0,2.0,1.58e-08,2e-08,1e-08,2.0,1.0,50.0,50.0,500.0,500.0,0.1,0.9,1.58e-08,0.5,1.5,3.9,11.7,25.0,0.5,0.025,0.0125,5e-11,5e-11,9.46e-09,8.55e-09,6.11e-17,4.32e-18,1.4e-17,7.95e-09,1.83e-09,1.9199999999999997e-52,3.95e-09,9.15e-10,7.42e-09,0.0107,0.0265,9.15e-11,25300000.0,25.3,0.0711,0.0375,0.0817,0.011,0.561,2.21e-15,43597,0.308,2.01,0.308,1.31e-20,2.6,0.0107,0.0,-1.64
4.0,2.0,1.58e-08,4e-08,2e-08,2.0,1.0,50.0,50.0,500.0,500.0,0.1,0.9,1.58e-08,0.5,1.5,3.9,11.7,25.0,0.5,0.025,0.0125,5e-11,5e-11,9.46e-09,8.55e-09,5.25e-17,2.16e-18,1.4e-17,6.87e-09,1.83e-09,1.9199999999999997e-52,3.99e-09,9.15e-10,7.42e-09,0.0113,0.0265,9.15e-11,25100000.0,25.3,0.0711,0.0373,0.0824,0.0108,0.561,3.79e-15,43566,0.308,1.72,0.308,1.31e-20,2.6,0.0113,0.0,-1.65
4.0,2.0,1.58e-08,2e-08,2e-08,2.0,1.0,50.0,50.0,500.0,500.0,0.1,0.9,1.58e-08,0.5,1.5,3.9,11.7,25.0,0.5,0.025,0.0125,5e-11,5e-11,9.46e-09,8.55e-09,5.25e-17,2.16e-18,1.4e-17,6.87e-09,1.83e-09,1.9199999999999997e-52,3.95e-09,9.15e-10,7.42e-09,0.0107,0.0265,9.15e-11,25300000.0,25.3,0.0711,0.0375,0.0817,0.011,0.561,3e-15,43564,0.308,1.74,0.308,1.31e-20,2.6,0.0107,0.0,-1.64
4.0,2.0,1.58e-08,2e-08,2e-08,2.0,1.0,50.0,50.0,500.0,500.0,0.186,0.9,1.58e-08,0.5,1.0,3.9,11.7,3.9,0.5,0.025,0.0125,5e-11,5e-11,4.47e-09,5e-09,1.85e-17,1.73e-18,1.4e-17,6.37e-09,2.41e-10,1.2800000000000002e-32,2.16e-09,1.21e-10,6.49e-09,0.0689,0.0489,2.25e-11,86200000.0,25.3,0.115,0.0528,0.184,0.00394,0.577,2.4e-15,43544,0.272,2.95,0.272,3.96e-20,2.19,0.0489,0.0,-3.11
4.0,2.0,1.58e-08,1e-08,2e-08,2.0,1.0,50.0,50.0,500.0,500.0,0.186,0.9,1.58e-08,0.5,1.0,3.9,11.7,3.9,0.5,0.025,0.0125,5e-11,5e-11,4.47e-09,5e-09,1.85e-17,1.73e-18,1.4e-17,6.37e-09,2.41e-10,1.2800000000000002e-32,2.14e-09,1.21e-10,6.49e-09,0.0688,0.0488,2.25e-11,87100000.0,25.3,0.115,0.0529,0.184,0.00403,0.577,2.08e-15,43580,0.272,2.98,0.272,3.96e-20,2.19,0.0488,0.0,-3.11
4.0,2.0,1.58e-08,4e-08,2e-08,2.0,1.0,50.0,50.0,500.0,500.0,0.186,0.9,1.58e-08,0.5,1.0,3.9,11.7,3.9,0.5,0.025,0.0125,5e-11,5e-11,4.47e-09,5e-09,1.85e-17,1.73e-18,1.4e-17,6.37e-09,2.41e-10,1.2800000000000002e-32,2.17e-09,1.21e-10,6.49e-09,0.0689,0.0489,2.25e-11,85700000.0,25.3,0.115,0.0528,0.184,0.0039,0.577,3.03e-15,43601,0.272,2.93,0.272,3.96e-20,2.19,0.0489,0.0,-3.11
4.0,2.0,1.58e-08,1e-08,1e-08,2.0,1.0,50.0,50.0,500.0,500.0,0.186,0.9,1.58e-08,0.5,1.0,3.9,11.7,25.0,0.5,0.025,0.0125,5e-11,5e-11,4.47e-09,8.55e-09,8.81e-17,3.45e-18,1.4e-17,1.96e-08,9.65e-14,1.41e-15,4.23e-12,4.89e-14,4.51e-09,0.0731,0.0623,9.11e-15,44000000000.0,25.3,0.113,0.0629,0.186,0.000627,0.701,1.45e-15,43600,0.168,4640.0,0.168,6.180000000000001e-21,1.51,0.0623,0.0,-4.98
4.0,2.0,1.58e-08,1e-08,2e-08,2.0,1.0,50.0,50.0,500.0,500.0,0.186,0.9,1.58e-08,0.5,1.0,3.9,11.7,25.0,0.5,0.025,0.0125,5e-11,5e-11,4.47e-09,8.55e-09,8.11e-17,1.73e-18,1.4e-17,1.8e-08,9.65e-14,1.41e-15,4.23e-12,4.89e-14,4.51e-09,0.0731,0.0623,9.11e-15,44000000000.0,25.3,0.113,0.0629,0.186,0.000627,0.701,2.08e-15,43576,0.168,4260.0,0.168,6.180000000000001e-21,1.51,0.0623,0.0,-4.98
4.0,2.0,1.58e-08,4e-08,2e-08,2.0,1.0,50.0,50.0,500.0,500.0,0.346,0.291,1.58e-08,0.5,1.0,3.9,11.7,3.9,0.5,0.025,0.0125,5e-11,5e-11,1e-09,5e-09,5.87e-17,1.73e-18,1.4e-17,2.58e-08,1.66e-08,8.92e-35,7.39e-07,8.31e-09,3.15e-09,0.147,0.127,2.88e-09,468000.0,25.3,0.198,0.13,0.344,0.00283,0.182,3.03e-15,43557,0.0809,0.0349,0.0809,8.85e-21,1.19,0.127,0.0,-8.54
4.0,2.0,1.58e-08,1e-08,5e-09,2.0,1.0,50.0,50.0,500.0,500.0,0.346,0.618,1.58e-08,0.5,1.0,3.9,11.7,3.9,0.5,0.025,0.0125,5e-11,5e-11,1e-09,5e-09,7.94e-17,6.91e-18,1.4e-17,3.48e-08,4.33e-13,5.05e-24,8e-09,2.16e-13,3.15e-09,0.151,0.142,7.49e-14,43300000.0,25.3,0.195,0.142,0.346,1.36e-06,0.509,1.13e-15,3764096,0.0809,4.34,0.0809,8.85e-21,1.19,0.142,0.0,-11.3
4.0,2.0,1.58e-08,2e-08,1e-08,2.0,1.0,50.0,50.0,500.0,500.0,0.346,0.618,1.58e-08,0.5,1.0,3.9,11.7,3.9,0.5,0.025,0.0125,5e-11,5e-11,1e-09,5e-09,6.56e-17,3.45e-18,1.4e-17,2.88e-08,4.33e-13,5.05e-24,8.68e-09,2.16e-13,3.15e-09,0.151,0.142,7.49e-14,39900000.0,25.3,0.195,0.142,0.346,1.22e-06,0.509,1.76e-15,3764103,0.0809,3.31,0.0809,8.85e-21,1.19,0.142,0.0,-11.3
4.0,2.0,1.58e-08,2e-08,2e-08,2.0,1.0,50.0,50.0,500.0,500.0,0.346,0.618,1.58e-08,0.5,1.0,3.9,11.7,3.9,0.5,0.025,0.0125,5e-11,5e-11,1e-09,5e-09,5.87e-17,1.73e-18,1.4e-17,2.58e-08,4.33e-13,5.05e-24,8.68e-09,2.16e-13,3.15e-09,0.151,0.142,7.49e-14,39900000.0,25.3,0.195,0.142,0.346,1.23e-06,0.509,2.4e-15,3764135,0.0809,2.97,0.0809,8.85e-21,1.19,0.142,0.0,-11.3
4.0,2.0,1.58e-08,1e-08,2e-08,2.0,1.0,50.0,50.0,500.0,500.0,0.346,0.618,1.58e-08,0.5,1.0,3.9,11.7,3.9,0.5,0.025,0.0125,5e-11,5e-11,1e-09,5e-09,5.87e-17,1.73e-18,1.4e-17,2.58e-08,4.33e-13,5.05e-24,8e-09,2.16e-13,3.15e-09,0.151,0.142,7.49e-14,43300000.0,25.3,0.195,0.142,0.346,1.36e-06,0.509,2.08e-15,3764076,0.0809,3.22,0.0809,8.85e-21,1.19,0.142,0.0,-11.3
4.0,2.0,1.58e-08,1e-08,1e-08,2.0,1.0,50.0,50.0,500.0,500.0,0.346,0.618,1.58e-08,0.5,1.0,3.9,11.7,3.9,0.5,0.025,0.0125,5e-11,5e-11,1e-09,5e-09,6.56e-17,3.45e-18,1.4e-17,2.88e-08,4.33e-13,5.05e-24,8e-09,2.16e-13,3.15e-09,0.151,0.142,7.49e-14,43300000.0,25.3,0.195,0.142,0.346,1.36e-06,0.509,1.45e-15,3764084,0.0809,3.6,0.0809,8.85e-21,1.19,0.142,0.0,-11.3
4.0,2.0,1.58e-08,4e-08,2e-08,2.0,1.0,50.0,50.0,500.0,500.0,0.346,0.618,1.58e-08,0.5,1.0,3.9,11.7,3.9,0.5,0.025,0.0125,5e-11,5e-11,1e-09,5e-09,5.87e-17,1.73e-18,1.4e-17,2.58e-08,4.33e-13,5.05e-24,9.09e-09,2.16e-13,3.15e-09,0.151,0.142,7.49e-14,38100000.0,25.3,0.195,0.142,0.346,1.16e-06,0.509,3.03e-15,3764169,0.0809,2.84,0.0809,8.85e-21,1.19,0.142,0.0,-11.3
4.0,2.0,1.58e-08,4e-08,2e-08,2.0,1.0,50.0,50.0,500.0,500.0,0.346,0.618,1.58e-08,0.5,1.0,3.9,11.7,3.9,0.5,0.025,0.0125,5e-11,5e-11,2.11e-09,5e-09,3.14e-17,1.73e-18,1.4e-17,1.63e-08,1.75e-10,1.3300000000000001e-206,9.88e-08,8.76e-11,4.4e-09,0.14,0.127,3.04e-11,3510000.0,25.3,0.206,0.127,0.346,6.39e-05,0.401,3.03e-15,3764143,0.161,0.165,0.161,1.87e-20,1.48,0.127,0.0,-5.97
4.0,2.0,1.58e-08,2e-08,2e-08,2.0,1.0,50.0,50.0,500.0,500.0,0.346,0.618,1.58e-08,0.5,1.0,3.9,11.7,3.9,0.5,0.025,0.0125,5e-11,5e-11,2.11e-09,5e-09,3.14e-17,1.73e-18,1.4e-17,1.63e-08,1.75e-10,1.3300000000000001e-206,8.04e-08,8.77e-11,4.4e-09,0.14,0.127,3.04e-11,4310000.0,25.3,0.206,0.127,0.346,9.12e-05,0.401,2.4e-15,3764129,0.161,0.203,0.161,1.87e-20,1.48,0.127,0.0,-5.97
4.0,2.0,1.58e-08,1e-08,2e-08,2.0,1.0,50.0,50.0,500.0,500.0,0.346,0.618,1.58e-08,0.5,1.0,3.9,11.7,3.9,0.5,0.025,0.0125,5e-11,5e-11,2.11e-09,5e-09,3.14e-17,1.73e-18,1.4e-17,1.63e-08,1.75e-10,1.3300000000000001e-206,6.1e-08,8.77e-11,4.4e-09,0.14,0.127,3.04e-11,5670000.0,25.3,0.206,0.127,0.346,0.000146,0.401,2.08e-15,3764144,0.161,0.267,0.161,1.87e-20,1.48,0.127,0.0,-5.96
4.0,2.0,1.58e-08,1e-08,1e-08,2.0,2.0,50.0,50.0,500.0,500.0,0.346,0.9,1.58e-08,0.5,1.0,3.9,11.7,3.9,0.5,0.025,0.0125,5e-11,5e-11,2.11e-09,5e-09,7.66e-17,6.91e-18,1.4e-17,3.38e-08,2.13e-13,1.3e-17,4.41e-10,1.07e-13,4.4e-09,0.14,0.129,3.69e-14,785000000.0,25.3,0.207,0.129,0.346,1.6e-05,0.683,1.45e-15,3764098,0.161,76.6,0.161,1.87e-20,1.48,0.129,0.0,-6.0
4.0,2.0,1.58e-08,1e-08,1e-08,2.0,1.0,50.0,50.0,500.0,500.0,0.346,0.9,1.58e-08,0.5,1.0,3.9,11.7,3.9,0.5,0.025,0.0125,5e-11,5e-11,2.11e-09,5e-09,3.83e-17,3.45e-18,1.4e-17,1.93e-08,1.07e-13,1.3e-17,2.21e-10,5.33e-14,4.4e-09,0.14,0.129,1.85e-14,1570000000.0,25.3,0.207,0.129,0.346,1.6e-05,0.683,1.45e-15,3764112,0.161,87.6,0.161,1.87e-20,1.48,0.129,0.0,-6.0
4.0,2.0,1.58e-08,1e-08,5e-09,2.0,1.0,50.0,50.0,500.0,500.0,0.346,0.9,1.58e-08,0.5,1.0,3.9,11.7,3.9,0.5,0.025,0.0125,5e-11,5e-11,2.11e-09,5e-09,5.21e-17,6.91e-18,1.4e-17,2.53e-08,1.07e-13,1.3e-17,2.21e-10,5.33e-14,4.4e-09,0.14,0.129,1.85e-14,1570000000.0,25.3,0.207,0.129,0.346,1.6e-05,0.683,1.13e-15,3764155,0.161,115.0,0.161,1.87e-20,1.48,0.129,0.0,-6.0
4.0,2.0,1.58e-08,2e-08,1e-08,2.0,1.0,50.0,50.0,500.0,500.0,0.346,0.9,1.58e-08,0.5,1.0,3.9,11.7,3.9,0.5,0.025,0.0125,5e-11,5e-11,2.11e-09,5e-09,3.83e-17,3.45e-18,1.4e-17,1.93e-08,1.07e-13,1.3e-17,2.21e-10,5.33e-14,4.4e-09,0.14,0.129,1.85e-14,1570000000.0,25.3,0.207,0.129,0.346,1.59e-05,0.683,1.76e-15,3764083,0.161,87.4,0.161,1.87e-20,1.48,0.129,0.0,-6.0
4.0,2.0,1.58e-08,2e-08,1e-08,2.0,2.0,50.0,50.0,500.0,500.0,0.346,0.9,1.58e-08,0.5,1.0,3.9,11.7,3.9,0.5,0.025,0.0125,5e-11,5e-11,2.11e-09,5e-09,7.66e-17,6.91e-18,1.4e-17,3.38e-08,2.13e-13,1.3e-17,4.42e-10,1.07e-13,4.4e-09,0.14,0.129,3.69e-14,784000000.0,25.3,0.207,0.129,0.346,1.59e-05,0.683,1.76e-15,3764089,0.161,76.4,0.161,1.87e-20,1.48,0.129,0.0,-6.0
4.0,2.0,1.58e-08,1e-08,2e-08,2.0,1.0,50.0,50.0,500.0,500.0,0.346,0.9,1.58e-08,0.5,1.0,3.9,11.7,3.9,0.5,0.025,0.0125,5e-11,5e-11,2.11e-09,5e-09,3.14e-17,1.73e-18,1.4e-17,1.63e-08,1.07e-13,1.3e-17,2.21e-10,5.33e-14,4.4e-09,0.14,0.129,1.85e-14,1570000000.0,25.3,0.207,0.129,0.346,1.6e-05,0.683,2.08e-15,3764128,0.161,74.0,0.161,1.87e-20,1.48,0.129,0.0,-6.0
4.0,2.0,1.58e-08,1e-08,2e-08,2.0,2.0,50.0,50.0,500.0,500.0,0.346,0.9,1.58e-08,0.5,1.0,3.9,11.7,3.9,0.5,0.025,0.0125,5e-11,5e-11,2.11e-09,5e-09,6.28e-17,3.45e-18,1.4e-17,2.78e-08,2.13e-13,1.3e-17,4.41e-10,1.07e-13,4.4e-09,0.14,0.129,3.69e-14,785000000.0,25.3,0.207,0.129,0.346,1.6e-05,0.683,2.08e-15,3764163,0.161,63.0,0.161,1.87e-20,1.48,0.129,0.0,-6.0
4.0,2.0,1.58e-08,2e-08,2e-08,2.0,2.0,50.0,50.0,500.0,500.0,0.346,0.9,1.58e-08,0.5,1.0,3.9,11.7,3.9,0.5,0.025,0.0125,5e-11,5e-11,2.11e-09,5e-09,6.28e-17,3.45e-18,1.4e-17,2.78e-08,2.13e-13,1.3e-17,4.42e-10,1.07e-13,4.4e-09,0.14,0.129,3.69e-14,784000000.0,25.3,0.207,0.129,0.346,1.59e-05,0.683,2.4e-15,3764157,0.161,62.9,0.161,1.87e-20,1.48,0.129,0.0,-6.0
4.0,2.0,1.58e-08,2e-08,2e-08,2.0,1.0,50.0,50.0,500.0,500.0,0.346,0.9,1.58e-08,0.5,1.0,3.9,11.7,3.9,0.5,0.025,0.0125,5e-11,5e-11,2.11e-09,5e-09,3.14e-17,1.73e-18,1.4e-17,1.63e-08,1.07e-13,1.3e-17,2.21e-10,5.33e-14,4.4e-09,0.14,0.129,1.85e-14,1570000000.0,25.3,0.207,0.129,0.346,1.59e-05,0.683,2.4e-15,3764116,0.161,73.8,0.161,1.87e-20,1.48,0.129,0.0,-6.0
4.0,2.0,1.58e-08,4e-08,2e-08,2.0,2.0,50.0,50.0,500.0,500.0,0.346,0.9,1.58e-08,0.5,1.0,3.9,11.7,3.9,0.5,0.025,0.0125,5e-11,5e-11,2.11e-09,5e-09,6.28e-17,3.45e-18,1.4e-17,2.78e-08,2.13e-13,1.3e-17,4.43e-10,1.07e-13,4.4e-09,0.14,0.129,3.69e-14,783000000.0,25.3,0.207,0.129,0.346,1.59e-05,0.683,3.03e-15,3764149,0.161,62.8,0.161,1.87e-20,1.48,0.129,0.0,-6.0
4.0,2.0,1.58e-08,1e-08,2e-08,2.0,1.0,50.0,50.0,500.0,500.0,0.346,0.9,1.58e-08,0.5,1.0,3.9,11.7,3.9,0.5,0.025,0.0125,5e-11,5e-11,2.11e-09,8.55e-09,3.14e-17,1.73e-18,1.4e-17,1.63e-08,8.24e-11,2.29e-36,1.22e-08,4.12e-11,5.89e-09,0.13,0.115,1.43e-11,28400000.0,25.3,0.216,0.115,0.346,0.000263,0.571,2.08e-15,3764173,0.244,1.34,0.244,1.87e-20,1.96,0.115,0.0,-3.98
4.0,2.0,1.58e-08,4e-08,2e-08,2.0,1.0,50.0,50.0,500.0,500.0,0.346,0.9,1.58e-08,0.5,1.0,3.9,11.7,3.9,0.5,0.025,0.0125,5e-11,5e-11,2.11e-09,8.55e-09,3.14e-17,1.73e-18,1.4e-17,1.63e-08,8.24e-11,2.29e-36,1.38e-08,4.12e-11,5.89e-09,0.13,0.115,1.43e-11,25100000.0,25.3,0.216,0.115,0.346,0.000224,0.571,3.03e-15,3764153,0.244,1.18,0.244,1.87e-20,1.96,0.115,0.0,-3.98
4.0,2.0,1.58e-08,2e-08,2e-08,2.0,1.0,50.0,50.0,500.0,500.0,0.346,0.9,1.58e-08,0.5,1.0,3.9,11.7,3.9,0.5,0.025,0.0125,5e-11,5e-11,2.11e-09,8.55e-09,3.14e-17,1.73e-18,1.4e-17,1.63e-08,8.24e-11,2.29e-36,1.32e-08,4.12e-11,5.89e-09,0.13,0.115,1.43e-11,26200000.0,25.3,0.216,0.115,0.346,0.000237,0.571,2.4e-15,3764166,0.244,1.24,0.244,1.87e-20,1.96,0.115,0.0,-3.98
4.0,2.0,1.58e-08,1e-08,5e-09,2.0,1.0,50.0,50.0,500.0,500.0,0.346,0.9,1.58e-08,0.5,1.0,3.9,11.7,25.0,0.5,0.025,0.0125,5e-11,5e-11,4.47e-09,5e-09,1.02e-16,6.91e-18,1.4e-17,4.25e-08,1.55e-15,1.73e-31,1.31e-11,7.73e-16,3.69e-09,0.146,0.137,2.68e-16,26400000000.0,25.3,0.2,0.137,0.346,3.51e-06,0.744,1.13e-15,3764163,0.116,3240.0,0.116,6.180000000000001e-21,1.3,0.137,0.0,-8.22
4.0,2.0,1.58e-08,1e-08,1e-08,2.0,1.0,50.0,50.0,500.0,500.0,0.346,0.9,1.58e-08,0.5,1.0,3.9,11.7,25.0,0.5,0.025,0.0125,5e-11,5e-11,4.47e-09,5e-09,8.81e-17,3.45e-18,1.4e-17,3.65e-08,1.55e-15,1.73e-31,1.31e-11,7.73e-16,3.69e-09,0.146,0.137,2.68e-16,26400000000.0,25.3,0.2,0.137,0.346,3.51e-06,0.744,1.45e-15,3764085,0.116,2780.0,0.116,6.180000000000001e-21,1.3,0.137,0.0,-8.22
4.0,2.0,1.58e-08,1e-08,2e-08,2.0,1.0,50.0,50.0,500.0,500.0,0.346,0.9,1.58e-08,0.5,1.0,3.9,11.7,25.0,0.5,0.025,0.0125,5e-11,5e-11,4.47e-09,5e-09,8.11e-17,1.73e-18,1.4e-17,3.36e-08,1.55e-15,1.73e-31,1.31e-11,7.73e-16,3.69e-09,0.146,0.137,2.68e-16,26400000000.0,25.3,0.2,0.137,0.346,3.51e-06,0.744,2.08e-15,3764075,0.116,2560.0,0.116,6.180000000000001e-21,1.3,0.137,0.0,-8.22
4.0,2.0,1.58e-08,4e-08,5e-09,2.0,1.0,50.0,50.0,500.0,500.0,0.645,0.424,1.58e-08,0.5,1.0,3.9,11.7,3.9,0.5,0.025,0.0125,5e-11,5e-11,1e-09,5e-09,7.94e-17,6.91e-18,1.4e-17,6.47e-08,5.1e-10,4.23e-15,1.33e-06,2.55e-10,3.15e-09,0.283,0.261,1.64e-10,486000.0,25.3,0.361,0.262,0.645,8.42e-05,0.291,2.08e-15,3764163,0.0809,0.0488,0.0809,8.85e-21,1.19,0.261,0.0,-11.5
4.0,2.0,1.58e-08,4e-08,1e-08,2.0,1.0,50.0,50.0,500.0,500.0,0.645,0.424,1.58e-08,0.5,1.0,3.9,11.7,3.9,0.5,0.025,0.0125,5e-11,5e-11,1e-09,5e-09,6.56e-17,3.45e-18,1.4e-17,5.36e-08,5.1e-10,4.23e-15,1.32e-06,2.55e-10,3.15e-09,0.283,0.261,1.64e-10,487000.0,25.3,0.361,0.262,0.645,8.43e-05,0.291,2.4e-15,3764136,0.0809,0.0404,0.0809,8.85e-21,1.19,0.261,0.0,-11.5
4.0,2.0,1.58e-08,4e-08,2e-08,2.0,1.0,50.0,50.0,500.0,500.0,0.645,0.424,1.58e-08,0.5,1.0,3.9,11.7,3.9,0.5,0.025,0.0125,5e-11,5e-11,1e-09,5e-09,5.87e-17,1.73e-18,1.4e-17,4.8e-08,5.1e-10,4.23e-15,1.32e-06,2.55e-10,3.15e-09,0.283,0.261,1.64e-10,489000.0,25.3,0.361,0.261,0.645,8.47e-05,0.291,3.03e-15,3764080,0.0809,0.0364,0.0809,8.85e-21,1.19,0.261,0.0,-11.5
4.0,2.0,1.58e-08,1e-08,5e-09,2.0,1.0,50.0,50.0,500.0,500.0,0.645,0.618,1.58e-08,0.5,1.0,3.9,11.7,3.9,0.5,0.025,0.0125,5e-11,5e-11,1e-09,5e-09,7.94e-17,6.91e-18,1.4e-17,6.47e-08,9.32e-13,1.03e-35,2.48e-07,4.66e-13,3.15e-09,0.286,0.276,3e-13,2600000.0,25.3,0.359,0.276,0.645,6.07e-07,0.485,1.13e-15,3764105,0.0809,0.261,0.0809,8.85e-21,1.19,0.276,0.0,-12.2
4.0,2.0,1.58e-08,4e-08,5e-09,2.0,1.0,50.0,50.0,500.0,500.0,0.645,0.618,1.58e-08,0.5,1.0,3.9,11.7,3.9,0.5,0.025,0.0125,5e-11,5e-11,1e-09,5e-09,7.94e-17,6.91e-18,1.4e-17,6.47e-08,9.32e-13,1.03e-35,6.95e-07,4.66e-13,3.15e-09,0.286,0.276,3e-13,928000.0,25.3,0.359,0.276,0.645,1.6e-07,0.485,2.08e-15,3764098,0.0809,0.0931,0.0809,8.85e-21,1.19,0.276,0.0,-12.2
4.0,2.0,1.58e-08,2e-08,1e-08,2.0,1.0,50.0,50.0,500.0,500.0,0.645,0.618,1.58e-08,0.5,1.0,3.9,11.7,3.9,0.5,0.025,0.0125,5e-11,5e-11,1e-09,5e-09,6.56e-17,3.45e-18,1.4e-17,5.36e-08,9.32e-13,1.03e-35,4.35e-07,4.66e-13,3.15e-09,0.286,0.276,3e-13,1480000.0,25.3,0.359,0.276,0.645,3.09e-07,0.485,1.76e-15,3764077,0.0809,0.123,0.0809,8.85e-21,1.19,0.276,0.0,-12.2
4.0,2.0,1.58e-08,1e-08,1e-08,2.0,1.0,50.0,50.0,500.0,500.0,0.645,0.618,1.58e-08,0.5,1.0,3.9,11.7,3.9,0.5,0.025,0.0125,5e-11,5e-11,1e-09,5e-09,6.56e-17,3.45e-18,1.4e-17,5.36e-08,9.32e-13,1.03e-35,2.48e-07,4.66e-13,3.15e-09,0.286,0.276,3e-13,2600000.0,25.3,0.359,0.276,0.645,6.07e-07,0.485,1.45e-15,3764108,0.0809,0.216,0.0809,8.85e-21,1.19,0.276,0.0,-12.2
4.0,2.0,1.58e-08,2e-08,5e-09,2.0,1.0,50.0,50.0,500.0,500.0,0.645,0.618,1.58e-08,0.5,1.0,3.9,11.7,3.9,0.5,0.025,0.0125,5e-11,5e-11,1e-09,5e-09,7.94e-17,6.91e-18,1.4e-17,6.47e-08,9.32e-13,1.03e-35,4.35e-07,4.66e-13,3.15e-09,0.286,0.276,3e-13,1480000.0,25.3,0.359,0.276,0.645,3.09e-07,0.485,1.45e-15,3764109,0.0809,0.149,0.0809,8.85e-21,1.19,0.276,0.0,-12.2
4.0,2.0,1.58e-08,4e-08,1e-08,2.0,1.0,50.0,50.0,500.0,500.0,0.645,0.618,1.58e-08,0.5,1.0,3.9,11.7,3.9,0.5,0.025,0.0125,5e-11,5e-11,1e-09,5e-09,6.56e-17,3.45e-18,1.4e-17,5.36e-08,9.32e-13,1.03e-35,6.94e-07,4.66e-13,3.15e-09,0.286,0.276,3e-13,929000.0,25.3,0.359,0.276,0.645,1.6e-07,0.485,2.4e-15,3764127,0.0809,0.0772,0.0809,8.85e-21,1.19,0.276,0.0,-12.2
4.0,2.0,1.58e-08,1e-08,2e-08,2.0,1.0,50.0,50.0,500.0,500.0,0.645,0.618,1.58e-08,0.5,1.0,3.9,11.7,3.9,0.5,0.025,0.0125,5e-11,5e-11,1e-09,5e-09,5.87e-17,1.73e-18,1.4e-17,4.8e-08,9.32e-13,1.03e-35,2.48e-07,4.66e-13,3.15e-09,0.286,0.276,3e-13,2600000.0,25.3,0.359,0.276,0.645,6.08e-07,0.485,2.08e-15,3764130,0.0809,0.194,0.0809,8.85e-21,1.19,0.276,0.0,-12.2
4.0,2.0,1.58e-08,4e-08,2e-08,2.0,1.0,50.0,50.0,500.0,500.0,0.645,0.618,1.58e-08,0.5,1.0,3.9,11.7,3.9,0.5,0.025,0.0125,5e-11,5e-11,1e-09,5e-09,5.87e-17,1.73e-18,1.4e-17,4.8e-08,9.32e-13,1.03e-35,6.92e-07,4.66e-13,3.15e-09,0.286,0.276,3e-13,931000.0,25.3,0.359,0.276,0.645,1.6e-07,0.485,3.03e-15,3764154,0.0809,0.0693,0.0809,8.85e-21,1.19,0.276,0.0,-12.2
4.0,2.0,1.58e-08,2e-08,2e-08,2.0,1.0,50.0,50.0,500.0,500.0,0.645,0.618,1.58e-08,0.5,1.0,3.9,11.7,3.9,0.5,0.025,0.0125,5e-11,5e-11,1e-09,5e-09,5.87e-17,1.73e-18,1.4e-17,4.8e-08,9.32e-13,1.03e-35,4.34e-07,4.66e-13,3.15e-09,0.286,0.276,3e-13,1490000.0,25.3,0.359,0.276,0.645,3.1e-07,0.485,2.4e-15,3764087,0.0809,0.111,0.0809,8.85e-21,1.19,0.276,0.0,-12.2
4.0,2.0,1.58e-08,1e-08,5e-09,2.0,1.0,50.0,50.0,500.0,500.0,0.645,0.618,1.58e-08,0.5,1.0,3.9,11.7,25.0,0.5,0.025,0.0125,5e-11,5e-11,1e-09,5e-09,3.6e-16,6.91e-18,1.4e-17,2.45e-07,1.45e-15,1.03e-108,1.92e-07,7.26e-16,1.91e-09,0.305,0.298,4.68e-16,3360000.0,25.3,0.34,0.298,0.645,9.3e-10,0.592,1.13e-15,3764109,0.016,1.28,0.016,1.38e-21,1.03,0.298,0.0,-29.8
4.0,2.0,1.58e-08,4e-08,5e-09,2.0,3.0,50.0,50.0,500.0,500.0,0.645,0.618,1.58e-08,0.5,1.0,3.9,11.7,3.9,0.5,0.025,0.0125,5e-11,5e-11,2.11e-09,5e-09,1.56e-16,2.07e-17,1.4e-17,1.23e-07,1.76e-09,7.04e-47,2.93e-06,8.8e-10,4.4e-09,0.267,0.247,5.68e-10,220000.0,25.3,0.377,0.247,0.645,0.000103,0.353,2.08e-15,3764142,0.161,0.042,0.161,1.87e-20,1.48,0.247,0.0,-6.13
4.0,2.0,1.58e-08,4e-08,5e-09,2.0,2.0,50.0,50.0,500.0,500.0,0.645,0.618,1.58e-08,0.5,1.0,3.9,11.7,3.9,0.5,0.025,0.0125,5e-11,5e-11,2.11e-09,5e-09,1.04e-16,1.38e-17,1.4e-17,8.51e-08,1.17e-09,7.04e-47,1.95e-06,5.87e-10,4.4e-09,0.267,0.247,3.78e-10,330000.0,25.3,0.377,0.247,0.645,0.000103,0.353,2.08e-15,3764168,0.161,0.0436,0.161,1.87e-20,1.48,0.247,0.0,-6.13
4.0,2.0,1.58e-08,4e-08,5e-09,2.0,1.0,50.0,50.0,500.0,500.0,0.645,0.618,1.58e-08,0.5,1.0,3.9,11.7,3.9,0.5,0.025,0.0125,5e-11,5e-11,2.11e-09,5e-09,5.21e-17,6.91e-18,1.4e-17,4.71e-08,5.87e-10,7.04e-47,9.77e-07,2.93e-10,4.4e-09,0.267,0.247,1.89e-10,660000.0,25.3,0.377,0.247,0.645,0.000103,0.353,2.08e-15,3764122,0.161,0.0482,0.161,1.87e-20,1.48,0.247,0.0,-6.13
4.0,2.0,1.58e-08,4e-08,1e-08,2.0,1.0,50.0,50.0,500.0,500.0,0.645,0.618,1.58e-08,0.5,1.0,3.9,11.7,3.9,0.5,0.025,0.0125,5e-11,5e-11,2.11e-09,5e-09,3.83e-17,3.45e-18,1.4e-17,3.59e-08,5.87e-10,7.04e-47,9.76e-07,2.93e-10,4.4e-09,0.267,0.247,1.89e-10,661000.0,25.3,0.377,0.247,0.645,0.000103,0.353,2.4e-15,3764092,0.161,0.0368,0.161,1.87e-20,1.48,0.247,0.0,-6.13
4.0,2.0,1.58e-08,4e-08,1e-08,2.0,2.0,50.0,50.0,500.0,500.0,0.645,0.618,1.58e-08,0.5,1.0,3.9,11.7,3.9,0.5,0.025,0.0125,5e-11,5e-11,2.11e-09,5e-09,7.66e-17,6.91e-18,1.4e-17,6.29e-08,1.17e-09,7.04e-47,1.95e-06,5.87e-10,4.4e-09,0.267,0.247,3.78e-10,330000.0,25.3,0.377,0.247,0.645,0.000103,0.353,2.4e-15,3764101,0.161,0.0322,0.161,1.87e-20,1.48,0.247,0.0,-6.13
4.0,2.0,1.58e-08,2e-08,2e-08,2.0,1.0,50.0,50.0,500.0,500.0,0.645,0.618,1.58e-08,0.5,1.0,3.9,11.7,3.9,0.5,0.025,0.0125,5e-11,5e-11,2.11e-09,5e-09,3.14e-17,1.73e-18,1.4e-17,3.04e-08,5.87e-10,7.04e-47,5.95e-07,2.94e-10,4.4e-09,0.267,0.248,1.89e-10,1080000.0,25.3,0.378,0.248,0.645,0.000198,0.353,2.4e-15,3764112,0.161,0.051,0.161,1.87e-20,1.48,0.248,0.0,-6.12
4.0,2.0,1.58e-08,4e-08,1e-08,2.0,3.0,50.0,50.0,500.0,500.0,0.645,0.618,1.58e-08,0.5,1.0,3.9,11.7,3.9,0.5,0.025,0.0125,5e-11,5e-11,2.11e-09,5e-09,1.15e-16,1.04e-17,1.4e-17,8.98e-08,1.76e-09,7.04e-47,2.93e-06,8.8e-10,4.4e-09,0.267,0.247,5.68e-10,220000.0,25.3,0.377,0.247,0.645,0.000103,0.353,2.4e-15,3764159,0.161,0.0307,0.161,1.87e-20,1.48,0.247,0.0,-6.13
4.0,2.0,1.58e-08,4e-08,2e-08,2.0,2.0,50.0,50.0,500.0,500.0,0.645,0.618,1.58e-08,0.5,1.0,3.9,11.7,3.9,0.5,0.025,0.0125,5e-11,5e-11,2.11e-09,5e-09,6.28e-17,3.45e-18,1.4e-17,5.17e-08,1.17e-09,7.04e-47,1.95e-06,5.87e-10,4.4e-09,0.267,0.247,3.78e-10,331000.0,25.3,0.377,0.247,0.645,0.000103,0.353,3.03e-15,3764110,0.161,0.0266,0.161,1.87e-20,1.48,0.247,0.0,-6.13
4.0,2.0,1.58e-08,4e-08,2e-08,2.0,1.0,50.0,50.0,500.0,500.0,0.645,0.618,1.58e-08,0.5,1.0,3.9,11.7,3.9,0.5,0.025,0.0125,5e-11,5e-11,2.11e-09,5e-09,3.14e-17,1.73e-18,1.4e-17,3.04e-08,5.87e-10,7.04e-47,9.74e-07,2.93e-10,4.4e-09,0.267,0.247,1.89e-10,662000.0,25.3,0.377,0.247,0.645,0.000103,0.353,3.03e-15,3764107,0.161,0.0312,0.161,1.87e-20,1.48,0.247,0.0,-6.13
4.0,2.0,1.58e-08,4e-08,2e-08,2.0,3.0,50.0,50.0,500.0,500.0,0.645,0.618,1.58e-08,0.5,1.0,3.9,11.7,3.9,0.5,0.025,0.0125,5e-11,5e-11,2.11e-09,5e-09,9.42e-17,5.18e-18,1.4e-17,7.31e-08,1.76e-09,7.04e-47,2.92e-06,8.8e-10,4.4e-09,0.267,0.247,5.68e-10,221000.0,25.3,0.377,0.247,0.645,0.000103,0.353,3.03e-15,3764166,0.161,0.025,0.161,1.87e-20,1.48,0.247,0.0,-6.13
4.0,2.0,1.58e-08,1e-08,5e-09,2.0,1.0,50.0,50.0,500.0,500.0,0.645,0.618,1.58e-08,0.5,1.0,3.9,11.7,25.0,0.5,0.025,0.0125,5e-11,5e-11,2.11e-09,5e-09,1.85e-16,6.91e-18,1.4e-17,1.33e-07,1.21e-14,2.05e-147,2.18e-07,6.07e-15,2.38e-09,0.297,0.291,3.91e-15,2960000.0,25.3,0.347,0.291,0.645,7.81e-09,0.558,1.13e-15,3764171,0.0362,0.608,0.0362,2.92e-21,1.08,0.291,0.0,-24.8
4.0,2.0,1.58e-08,2e-08,5e-09,2.0,1.0,50.0,50.0,500.0,500.0,0.645,0.618,1.58e-08,0.5,1.0,3.9,11.7,25.0,0.5,0.025,0.0125,5e-11,5e-11,2.11e-09,5e-09,1.85e-16,6.91e-18,1.4e-17,1.33e-07,1.21e-14,2.05e-147,3.73e-07,6.07e-15,2.38e-09,0.297,0.291,3.91e-15,1730000.0,25.3,0.347,0.291,0.645,3.95e-09,0.558,1.45e-15,3764086,0.0362,0.355,0.0362,2.92e-21,1.08,0.291,0.0,-24.8
4.0,2.0,1.58e-08,1e-08,1e-08,2.0,1.0,50.0,50.0,500.0,500.0,0.645,0.618,1.58e-08,0.5,1.0,3.9,11.7,25.0,0.5,0.025,0.0125,5e-11,5e-11,2.11e-09,5e-09,1.71e-16,3.45e-18,1.4e-17,1.21e-07,1.21e-14,2.05e-147,2.18e-07,6.07e-15,2.38e-09,0.297,0.291,3.91e-15,2960000.0,25.3,0.347,0.291,0.645,7.82e-09,0.558,1.45e-15,3764076,0.0362,0.557,0.0362,2.92e-21,1.08,0.291,0.0,-24.8
4.0,2.0,1.58e-08,2e-08,1e-08,2.0,1.0,50.0,50.0,500.0,500.0,0.645,0.618,1.58e-08,0.5,1.0,3.9,11.7,25.0,0.5,0.025,0.0125,5e-11,5e-11,2.11e-09,5e-09,1.71e-16,3.45e-18,1.4e-17,1.21e-07,1.21e-14,2.05e-147,3.73e-07,6.07e-15,2.38e-09,0.297,0.291,3.91e-15,1730000.0,25.3,0.347,0.291,0.645,3.95e-09,0.558,1.76e-15,3764093,0.0362,0.326,0.0362,2.92e-21,1.08,0.291,0.0,-24.8
4.0,2.0,1.58e-08,1e-08,2e-08,2.0,1.0,50.0,50.0,500.0,500.0,0.645,0.618,1.58e-08,0.5,1.0,3.9,11.7,25.0,0.5,0.025,0.0125,5e-11,5e-11,2.11e-09,5e-09,1.64e-16,1.73e-18,1.4e-17,1.16e-07,1.21e-14,2.05e-147,2.18e-07,6.07e-15,2.38e-09,0.297,0.291,3.91e-15,2960000.0,25.3,0.347,0.291,0.645,7.83e-09,0.558,2.08e-15,3764166,0.0362,0.532,0.0362,2.92e-21,1.08,0.291,0.0,-24.8
4.0,2.0,1.58e-08,4e-08,1e-08,2.0,1.0,50.0,50.0,500.0,500.0,0.645,0.618,1.58e-08,0.5,1.0,3.9,11.7,25.0,0.5,0.025,0.0125,5e-11,5e-11,2.11e-09,5e-09,1.71e-16,3.45e-18,1.4e-17,1.21e-07,1.21e-14,2.05e-147,6.13e-07,6.07e-15,2.38e-09,0.297,0.291,3.91e-15,1050000.0,25.3,0.347,0.291,0.645,2.02e-09,0.558,2.4e-15,3764104,0.0362,0.198,0.0362,2.92e-21,1.08,0.291,0.0,-24.8
4.0,2.0,1.58e-08,2e-08,2e-08,2.0,1.0,50.0,50.0,500.0,500.0,0.645,0.618,1.58e-08,0.5,1.0,3.9,11.7,25.0,0.5,0.025,0.0125,5e-11,5e-11,2.11e-09,5e-09,1.64e-16,1.73e-18,1.4e-17,1.16e-07,1.21e-14,2.05e-147,3.72e-07,6.07e-15,2.38e-09,0.297,0.291,3.91e-15,1730000.0,25.3,0.347,0.291,0.645,3.96e-09,0.558,2.4e-15,3764173,0.0362,0.311,0.0362,2.92e-21,1.08,0.291,0.0,-24.8
4.0,2.0,1.58e-08,4e-08,5e-09,2.0,1.0,50.0,50.0,500.0,500.0,0.645,0.618,1.58e-08,0.5,1.0,3.9,11.7,25.0,0.5,0.025,0.0125,5e-11,5e-11,2.11e-09,5e-09,1.85e-16,6.91e-18,1.4e-17,1.33e-07,1.21e-14,2.05e-147,6.13e-07,6.07e-15,2.38e-09,0.297,0.291,3.91e-15,1050000.0,25.3,0.347,0.291,0.645,2.02e-09,0.558,2.08e-15,3764145,0.0362,0.216,0.0362,2.92e-21,1.08,0.291,0.0,-24.8
4.0,2.0,1.58e-08,4e-08,2e-08,2.0,1.0,50.0,50.0,500.0,500.0,0.645,0.618,1.58e-08,0.5,1.0,3.9,11.7,25.0,0.5,0.025,0.0125,5e-11,5e-11,2.11e-09,5e-09,1.64e-16,1.73e-18,1.4e-17,1.16e-07,1.21e-14,2.05e-147,6.11e-07,6.07e-15,2.38e-09,0.297,0.291,3.91e-15,1060000.0,25.3,0.347,0.291,0.645,2.03e-09,0.558,3.03e-15,3764109,0.0362,0.19,0.0362,2.92e-21,1.08,0.291,0.0,-24.8
4.0,2.0,1.58e-08,1e-08,1e-08,2.0,2.0,50.0,50.0,500.0,500.0,0.645,0.9,1.58e-08,0.5,1.0,3.9,11.7,3.9,0.5,0.025,0.0125,5e-11,5e-11,1e-09,5e-09,1.31e-16,6.91e-18,1.4e-17,9.81e-08,1.87e-16,5.5500000000000004e-36,3.14e-08,9.36e-17,3.15e-09,0.286,0.278,6.03e-17,20500000.0,25.3,0.359,0.278,0.645,2.06e-10,0.767,1.45e-15,3764145,0.0809,3.12,0.0809,8.85e-21,1.19,0.278,0.0,-12.2
4.0,2.0,1.58e-08,1e-08,1e-08,2.0,3.0,50.0,50.0,500.0,500.0,0.645,0.9,1.58e-08,0.5,1.0,3.9,11.7,3.9,0.5,0.025,0.0125,5e-11,5e-11,1e-09,5e-09,1.97e-16,1.04e-17,1.4e-17,1.43e-07,2.81e-16,5.5500000000000004e-36,4.71e-08,1.4e-16,3.15e-09,0.286,0.278,9.05e-17,13700000.0,25.3,0.359,0.278,0.645,2.06e-10,0.767,1.45e-15,3764126,0.0809,3.03,0.0809,8.85e-21,1.19,0.278,0.0,-12.2
4.0,2.0,1.58e-08,2e-08,1e-08,2.0,3.0,50.0,50.0,500.0,500.0,0.645,0.9,1.58e-08,0.5,1.0,3.9,11.7,3.9,0.5,0.025,0.0125,5e-11,5e-11,1e-09,5e-09,1.97e-16,1.04e-17,1.4e-17,1.43e-07,2.81e-16,5.5500000000000004e-36,5.43e-08,1.4e-16,3.15e-09,0.286,0.278,9.05e-17,11900000.0,25.3,0.359,0.278,0.645,1.76e-10,0.767,1.76e-15,3764119,0.0809,2.63,0.0809,8.85e-21,1.19,0.278,0.0,-12.2
4.0,2.0,1.58e-08,1e-08,5e-09,2.0,1.0,50.0,50.0,500.0,500.0,0.645,0.9,1.58e-08,0.5,1.0,3.9,11.7,3.9,0.5,0.025,0.0125,5e-11,5e-11,1e-09,5e-09,7.94e-17,6.91e-18,1.4e-17,6.47e-08,9.36e-17,5.5500000000000004e-36,1.57e-08,4.68e-17,3.15e-09,0.286,0.278,3.02e-17,41100000.0,25.3,0.359,0.278,0.645,2.06e-10,0.767,1.13e-15,3764160,0.0809,4.12,0.0809,8.85e-21,1.19,0.278,0.0,-12.2
4.0,2.0,1.58e-08,2e-08,1e-08,2.0,2.0,50.0,50.0,500.0,500.0,0.645,0.9,1.58e-08,0.5,1.0,3.9,11.7,3.9,0.5,0.025,0.0125,5e-11,5e-11,1e-09,5e-09,1.31e-16,6.91e-18,1.4e-17,9.81e-08,1.87e-16,5.5500000000000004e-36,3.62e-08,9.36e-17,3.15e-09,0.286,0.278,6.03e-17,17800000.0,25.3,0.359,0.278,0.645,1.76e-10,0.767,1.76e-15,3764121,0.0809,2.71,0.0809,8.85e-21,1.19,0.278,0.0,-12.2
4.0,2.0,1.58e-08,1e-08,5e-09,2.0,3.0,50.0,50.0,500.0,500.0,0.645,0.9,1.58e-08,0.5,1.0,3.9,11.7,3.9,0.5,0.025,0.0125,5e-11,5e-11,1e-09,5e-09,2.38e-16,2.07e-17,1.4e-17,1.76e-07,2.81e-16,5.5500000000000004e-36,4.71e-08,1.4e-16,3.15e-09,0.286,0.278,9.05e-17,13700000.0,25.3,0.359,0.278,0.645,2.06e-10,0.767,1.13e-15,3764150,0.0809,3.74,0.0809,8.85e-21,1.19,0.278,0.0,-12.2
4.0,2.0,1.58e-08,1e-08,1e-08,2.0,1.0,50.0,50.0,500.0,500.0,0.645,0.9,1.58e-08,0.5,1.0,3.9,11.7,3.9,0.5,0.025,0.0125,5e-11,5e-11,1e-09,5e-09,6.56e-17,3.45e-18,1.4e-17,5.36e-08,9.36e-17,5.5500000000000004e-36,1.57e-08,4.68e-17,3.15e-09,0.286,0.278,3.02e-17,41100000.0,25.3,0.359,0.278,0.645,2.06e-10,0.767,1.45e-15,3764169,0.0809,3.41,0.0809,8.85e-21,1.19,0.278,0.0,-12.2
4.0,2.0,1.58e-08,1e-08,5e-09,2.0,2.0,50.0,50.0,500.0,500.0,0.645,0.9,1.58e-08,0.5,1.0,3.9,11.7,3.9,0.5,0.025,0.0125,5e-11,5e-11,1e-09,5e-09,1.59e-16,1.38e-17,1.4e-17,1.2e-07,1.87e-16,5.5500000000000004e-36,3.14e-08,9.36e-17,3.15e-09,0.286,0.278,6.03e-17,20500000.0,25.3,0.359,0.278,0.645,2.06e-10,0.767,1.13e-15,3764110,0.0809,3.83,0.0809,8.85e-21,1.19,0.278,0.0,-12.2
4.0,2.0,1.58e-08,2e-08,1e-08,2.0,1.0,50.0,50.0,500.0,500.0,0.645,0.9,1.58e-08,0.5,1.0,3.9,11.7,3.9,0.5,0.025,0.0125,5e-11,5e-11,1e-09,5e-09,6.56e-17,3.45e-18,1.4e-17,5.36e-08,9.36e-17,5.5500000000000004e-36,1.81e-08,4.68e-17,3.15e-09,0.286,0.278,3.02e-17,35600000.0,25.3,0.359,0.278,0.645,1.76e-10,0.767,1.76e-15,3764105,0.0809,2.96,0.0809,8.85e-21,1.19,0.278,0.0,-12.2
4.0,2.0,1.58e-08,4e-08,2e-08,2.0,1.0,50.0,50.0,500.0,500.0,0.645,0.9,1.58e-08,0.5,1.0,3.9,11.7,3.9,0.5,0.025,0.0125,5e-11,5e-11,1e-09,5e-09,5.87e-17,1.73e-18,1.4e-17,4.8e-08,9.36e-17,5.5500000000000004e-36,1.97e-08,4.68e-17,3.15e-09,0.286,0.278,3.02e-17,32700000.0,25.3,0.359,0.278,0.645,1.62e-10,0.767,3.03e-15,3764090,0.0809,2.43,0.0809,8.85e-21,1.19,0.278,0.0,-12.2
4.0,2.0,1.58e-08,1e-08,2e-08,2.0,2.0,50.0,50.0,500.0,500.0,0.645,0.9,1.58e-08,0.5,1.0,3.9,11.7,3.9,0.5,0.025,0.0125,5e-11,5e-11,1e-09,5e-09,1.17e-16,3.45e-18,1.4e-17,8.69e-08,1.87e-16,5.5500000000000004e-36,3.14e-08,9.36e-17,3.15e-09,0.286,0.278,6.03e-17,20500000.0,25.3,0.359,0.278,0.645,2.06e-10,0.767,2.08e-15,3764161,0.0809,2.77,0.0809,8.85e-21,1.19,0.278,0.0,-12.2
4.0,2.0,1.58e-08,1e-08,2e-08,2.0,1.0,50.0,50.0,500.0,500.0,0.645,0.9,1.58e-08,0.5,1.0,3.9,11.7,3.9,0.5,0.025,0.0125,5e-11,5e-11,1e-09,5e-09,5.87e-17,1.73e-18,1.4e-17,4.8e-08,9.36e-17,5.5500000000000004e-36,1.57e-08,4.68e-17,3.15e-09,0.286,0.278,3.02e-17,41100000.0,25.3,0.359,0.278,0.645,2.06e-10,0.767,2.08e-15,3764117,0.0809,3.06,0.0809,8.85e-21,1.19,0.278,0.0,-12.2
4.0,2.0,1.58e-08,2e-08,2e-08,2.0,2.0,50.0,50.0,500.0,500.0,0.645,0.9,1.58e-08,0.5,1.0,3.9,11.7,3.9,0.5,0.025,0.0125,5e-11,5e-11,1e-09,5e-09,1.17e-16,3.45e-18,1.4e-17,8.69e-08,1.87e-16,5.5500000000000004e-36,3.62e-08,9.36e-17,3.15e-09,0.286,0.278,6.03e-17,17800000.0,25.3,0.359,0.278,0.645,1.76e-10,0.767,2.4e-15,3764168,0.0809,2.4,0.0809,8.85e-21,1.19,0.278,0.0,-12.2
4.0,2.0,1.58e-08,1e-08,2e-08,2.0,3.0,50.0,50.0,500.0,500.0,0.645,0.9,1.58e-08,0.5,1.0,3.9,11.7,3.9,0.5,0.025,0.0125,5e-11,5e-11,1e-09,5e-09,1.76e-16,5.18e-18,1.4e-17,1.26e-07,2.81e-16,5.5500000000000004e-36,4.71e-08,1.4e-16,3.15e-09,0.286,0.278,9.05e-17,13700000.0,25.3,0.359,0.278,0.645,2.06e-10,0.767,2.08e-15,3764075,0.0809,2.67,0.0809,8.85e-21,1.19,0.278,0.0,-12.2
4.0,2.0,1.58e-08,2e-08,2e-08,2.0,3.0,50.0,50.0,500.0,500.0,0.645,0.9,1.58e-08,0.5,1.0,3.9,11.7,3.9,0.5,0.025,0.0125,5e-11,5e-11,1e-09,5e-09,1.76e-16,5.18e-18,1.4e-17,1.26e-07,2.81e-16,5.5500000000000004e-36,5.43e-08,1.4e-16,3.15e-09,0.286,0.278,9.05e-17,11900000.0,25.3,0.359,0.278,0.645,1.76e-10,0.767,2.4e-15,3764109,0.0809,2.32,0.0809,8.85e-21,1.19,0.278,0.0,-12.2
4.0,2.0,1.58e-08,2e-08,2e-08,2.0,1.0,50.0,50.0,500.0,500.0,0.645,0.9,1.58e-08,0.5,1.0,3.9,11.7,3.9,0.5,0.025,0.0125,5e-11,5e-11,1e-09,5e-09,5.87e-17,1.73e-18,1.4e-17,4.8e-08,9.36e-17,5.5500000000000004e-36,1.81e-08,4.68e-17,3.15e-09,0.286,0.278,3.02e-17,35600000.0,25.3,0.359,0.278,0.645,1.76e-10,0.767,2.4e-15,3764107,0.0809,2.65,0.0809,8.85e-21,1.19,0.278,0.0,-12.2
4.0,2.0,1.58e-08,4e-08,2e-08,2.0,2.0,50.0,50.0,500.0,500.0,0.645,0.9,1.58e-08,0.5,1.0,3.9,11.7,3.9,0.5,0.025,0.0125,5e-11,5e-11,1e-09,5e-09,1.17e-16,3.45e-18,1.4e-17,8.69e-08,1.87e-16,5.5500000000000004e-36,3.95e-08,9.36e-17,3.15e-09,0.286,0.278,6.03e-17,16300000.0,25.3,0.359,0.278,0.645,1.62e-10,0.767,3.03e-15,3764108,0.0809,2.2,0.0809,8.85e-21,1.19,0.278,0.0,-12.2
4.0,2.0,1.58e-08,4e-08,2e-08,2.0,3.0,50.0,50.0,500.0,500.0,0.645,0.9,1.58e-08,0.5,1.0,3.9,11.7,3.9,0.5,0.025,0.0125,5e-11,5e-11,1e-09,5e-09,1.76e-16,5.18e-18,1.4e-17,1.26e-07,2.81e-16,5.5500000000000004e-36,5.92e-08,1.4e-16,3.15e-09,0.286,0.278,9.05e-17,10900000.0,25.3,0.359,0.278,0.645,1.62e-10,0.767,3.03e-15,3764103,0.0809,2.13,0.0809,8.85e-21,1.19,0.278,0.0,-12.2
4.0,2.0,1.58e-08,1e-08,5e-09,2.0,1.0,50.0,50.0,500.0,500.0,0.645,0.9,1.58e-08,0.5,1.0,3.9,11.7,25.0,0.5,0.025,0.0125,5e-11,5e-11,1e-09,8.55e-09,3.6e-16,6.91e-18,1.4e-17,2.45e-07,3.82e-17,2.12e-31,1.29e-08,1.91e-17,3.03e-09,0.287,0.281,1.23e-17,50000000.0,25.3,0.357,0.281,0.645,1.03e-10,0.78,1.13e-15,3764107,0.0731,19.0,0.0731,1.38e-21,1.17,0.281,0.0,-13.5
4.0,2.0,1.58e-08,4e-08,1e-08,2.0,2.0,50.0,50.0,500.0,500.0,0.645,0.9,1.58e-08,0.5,1.0,3.9,11.7,3.9,0.5,0.025,0.0125,5e-11,5e-11,2.11e-09,5e-09,7.66e-17,6.91e-18,1.4e-17,6.29e-08,7.33e-13,0.0,3.04e-07,3.66e-13,4.4e-09,0.265,0.252,2.36e-13,2120000.0,25.3,0.38,0.252,0.645,1.19e-07,0.635,2.4e-15,3764159,0.161,0.207,0.161,1.87e-20,1.48,0.252,0.0,-6.17
4.0,2.0,1.58e-08,1e-08,1e-08,2.0,1.0,50.0,50.0,500.0,500.0,0.645,0.9,1.58e-08,0.5,1.0,3.9,11.7,3.9,0.5,0.025,0.0125,5e-11,5e-11,2.11e-09,5e-09,3.83e-17,3.45e-18,1.4e-17,3.59e-08,3.66e-13,0.0,8.16e-08,1.83e-13,4.4e-09,0.265,0.252,1.18e-13,7900000.0,25.3,0.38,0.252,0.645,2.96e-07,0.635,1.45e-15,3764111,0.161,0.44,0.161,1.87e-20,1.48,0.252,0.0,-6.17
4.0,2.0,1.58e-08,2e-08,1e-08,2.0,1.0,50.0,50.0,500.0,500.0,0.645,0.9,1.58e-08,0.5,1.0,3.9,11.7,3.9,0.5,0.025,0.0125,5e-11,5e-11,2.11e-09,5e-09,3.83e-17,3.45e-18,1.4e-17,3.59e-08,3.66e-13,0.0,1.16e-07,1.83e-13,4.4e-09,0.265,0.252,1.18e-13,5580000.0,25.3,0.38,0.252,0.645,1.78e-07,0.635,1.76e-15,3764078,0.161,0.311,0.161,1.87e-20,1.48,0.252,0.0,-6.17
4.0,2.0,1.58e-08,2e-08,1e-08,2.0,2.0,50.0,50.0,500.0,500.0,0.645,0.9,1.58e-08,0.5,1.0,3.9,11.7,3.9,0.5,0.025,0.0125,5e-11,5e-11,2.11e-09,5e-09,7.66e-17,6.91e-18,1.4e-17,6.29e-08,7.33e-13,0.0,2.31e-07,3.66e-13,4.4e-09,0.265,0.252,2.36e-13,2790000.0,25.3,0.38,0.252,0.645,1.78e-07,0.635,1.76e-15,3764102,0.161,0.272,0.161,1.87e-20,1.48,0.252,0.0,-6.17
4.0,2.0,1.58e-08,2e-08,2e-08,2.0,1.0,50.0,50.0,500.0,500.0,0.645,0.9,1.58e-08,0.5,1.0,3.9,11.7,3.9,0.5,0.025,0.0125,5e-11,5e-11,2.11e-09,5e-09,3.14e-17,1.73e-18,1.4e-17,3.04e-08,3.66e-13,0.0,1.15e-07,1.83e-13,4.4e-09,0.265,0.252,1.18e-13,5580000.0,25.3,0.38,0.252,0.645,1.78e-07,0.635,2.4e-15,3764163,0.161,0.263,0.161,1.87e-20,1.48,0.252,0.0,-6.17
4.0,2.0,1.58e-08,4e-08,1e-08,2.0,1.0,50.0,50.0,500.0,500.0,0.645,0.9,1.58e-08,0.5,1.0,3.9,11.7,3.9,0.5,0.025,0.0125,5e-11,5e-11,2.11e-09,5e-09,3.83e-17,3.45e-18,1.4e-17,3.59e-08,3.66e-13,0.0,1.52e-07,1.83e-13,4.4e-09,0.265,0.252,1.18e-13,4250000.0,25.3,0.38,0.252,0.645,1.19e-07,0.635,2.4e-15,3764082,0.161,0.237,0.161,1.87e-20,1.48,0.252,0.0,-6.17
4.0,2.0,1.58e-08,1e-08,2e-08,2.0,1.0,50.0,50.0,500.0,500.0,0.645,0.9,1.58e-08,0.5,1.0,3.9,11.7,3.9,0.5,0.025,0.0125,5e-11,5e-11,2.11e-09,5e-09,3.14e-17,1.73e-18,1.4e-17,3.04e-08,3.66e-13,0.0,8.16e-08,1.83e-13,4.4e-09,0.265,0.252,1.18e-13,7900000.0,25.3,0.38,0.252,0.645,2.96e-07,0.635,2.08e-15,3764166,0.161,0.372,0.161,1.87e-20,1.48,0.252,0.0,-6.17
4.0,2.0,1.58e-08,4e-08,2e-08,2.0,2.0,50.0,50.0,500.0,500.0,0.645,0.9,1.58e-08,0.5,1.0,3.9,11.7,3.9,0.5,0.025,0.0125,5e-11,5e-11,2.11e-09,5e-09,6.28e-17,3.45e-18,1.4e-17,5.17e-08,7.33e-13,0.0,3.03e-07,3.66e-13,4.4e-09,0.265,0.252,2.36e-13,2130000.0,25.3,0.38,0.252,0.645,1.19e-07,0.635,3.03e-15,3764153,0.161,0.171,0.161,1.87e-20,1.48,0.252,0.0,-6.17
4.0,2.0,1.58e-08,2e-08,2e-08,2.0,2.0,50.0,50.0,500.0,500.0,0.645,0.9,1.58e-08,0.5,1.0,3.9,11.7,3.9,0.5,0.025,0.0125,5e-11,5e-11,2.11e-09,5e-09,6.28e-17,3.45e-18,1.4e-17,5.17e-08,7.33e-13,0.0,2.31e-07,3.66e-13,4.4e-09,0.265,0.252,2.36e-13,2790000.0,25.3,0.38,0.252,0.645,1.78e-07,0.635,2.4e-15,3764136,0.161,0.224,0.161,1.87e-20,1.48,0.252,0.0,-6.17
4.0,2.0,1.58e-08,4e-08,2e-08,2.0,1.0,50.0,50.0,500.0,500.0,0.645,0.9,1.58e-08,0.5,1.0,3.9,11.7,3.9,0.5,0.025,0.0125,5e-11,5e-11,2.11e-09,5e-09,3.14e-17,1.73e-18,1.4e-17,3.04e-08,3.66e-13,0.0,1.52e-07,1.83e-13,4.4e-09,0.265,0.252,1.18e-13,4250000.0,25.3,0.38,0.252,0.645,1.19e-07,0.635,3.03e-15,3764077,0.161,0.2,0.161,1.87e-20,1.48,0.252,0.0,-6.17
4.0,2.0,1.58e-08,1e-08,5e-09,2.0,1.0,50.0,50.0,500.0,500.0,0.645,0.9,1.58e-08,0.5,1.0,3.9,11.7,25.0,0.5,0.025,0.0125,5e-11,5e-11,2.11e-09,5e-09,1.85e-16,6.91e-18,1.4e-17,1.33e-07,4.56e-19,1.71e-44,1.82e-09,2.28e-19,2.38e-09,0.298,0.291,1.47e-19,354000000.0,25.3,0.347,0.291,0.645,0.0,0.84,1.13e-15,3764085,0.0362,72.7,0.0362,2.92e-21,1.08,0.291,0.0,-24.8
4.0,2.0,1.58e-08,2e-08,1e-08,2.0,1.0,50.0,50.0,500.0,500.0,0.645,0.9,1.58e-08,0.5,1.0,3.9,11.7,25.0,0.5,0.025,0.0125,5e-11,5e-11,2.11e-09,5e-09,1.71e-16,3.45e-18,1.4e-17,1.21e-07,4.56e-19,1.71e-44,1.86e-09,2.28e-19,2.38e-09,0.298,0.291,1.47e-19,346000000.0,25.3,0.347,0.291,0.645,0.0,0.84,1.76e-15,3764082,0.0362,65.2,0.0362,2.92e-21,1.08,0.291,0.0,-24.8
4.0,2.0,1.58e-08,1e-08,1e-08,2.0,3.0,50.0,50.0,500.0,500.0,0.645,0.9,1.58e-08,0.5,1.0,3.9,11.7,25.0,0.5,0.025,0.0125,5e-11,5e-11,2.11e-09,5e-09,5.12e-16,1.04e-17,1.4e-17,3.46e-07,1.37e-18,1.71e-44,5.47e-09,6.84e-19,2.38e-09,0.298,0.291,4.41e-19,118000000.0,25.3,0.347,0.291,0.645,0.0,0.84,1.45e-15,3764157,0.0362,63.3,0.0362,2.92e-21,1.08,0.291,0.0,-24.8
4.0,2.0,1.58e-08,1e-08,5e-09,2.0,3.0,50.0,50.0,500.0,500.0,0.645,0.9,1.58e-08,0.5,1.0,3.9,11.7,25.0,0.5,0.025,0.0125,5e-11,5e-11,2.11e-09,5e-09,5.54e-16,2.07e-17,1.4e-17,3.8e-07,1.37e-18,1.71e-44,5.47e-09,6.84e-19,2.38e-09,0.298,0.291,4.41e-19,118000000.0,25.3,0.347,0.291,0.645,0.0,0.84,1.13e-15,3764099,0.0362,69.4,0.0362,2.92e-21,1.08,0.291,0.0,-24.8
4.0,2.0,1.58e-08,1e-08,1e-08,2.0,1.0,50.0,50.0,500.0,500.0,0.645,0.9,1.58e-08,0.5,1.0,3.9,11.7,25.0,0.5,0.025,0.0125,5e-11,5e-11,2.11e-09,5e-09,1.71e-16,3.45e-18,1.4e-17,1.21e-07,4.56e-19,1.71e-44,1.82e-09,2.28e-19,2.38e-09,0.298,0.291,1.47e-19,354000000.0,25.3,0.347,0.291,0.645,0.0,0.84,1.45e-15,3764116,0.0362,66.6,0.0362,2.92e-21,1.08,0.291,0.0,-24.8
4.0,2.0,1.58e-08,2e-08,1e-08,2.0,2.0,50.0,50.0,500.0,500.0,0.645,0.9,1.58e-08,0.5,1.0,3.9,11.7,25.0,0.5,0.025,0.0125,5e-11,5e-11,2.11e-09,5e-09,3.42e-16,6.91e-18,1.4e-17,2.34e-07,9.12e-19,1.71e-44,3.72e-09,4.56e-19,2.38e-09,0.298,0.291,2.94e-19,173000000.0,25.3,0.347,0.291,0.645,0.0,0.84,1.76e-15,3764166,0.0362,62.8,0.0362,2.92e-21,1.08,0.291,0.0,-24.8
4.0,2.0,1.58e-08,2e-08,1e-08,2.0,3.0,50.0,50.0,500.0,500.0,0.645,0.9,1.58e-08,0.5,1.0,3.9,11.7,25.0,0.5,0.025,0.0125,5e-11,5e-11,2.11e-09,5e-09,5.12e-16,1.04e-17,1.4e-17,3.46e-07,1.37e-18,1.71e-44,5.58e-09,6.84e-19,2.38e-09,0.298,0.291,4.41e-19,115000000.0,25.3,0.347,0.291,0.645,0.0,0.84,1.76e-15,3764153,0.0362,62.0,0.0362,2.92e-21,1.08,0.291,0.0,-24.8
4.0,2.0,1.58e-08,1e-08,1e-08,2.0,2.0,50.0,50.0,500.0,500.0,0.645,0.9,1.58e-08,0.5,1.0,3.9,11.7,25.0,0.5,0.025,0.0125,5e-11,5e-11,2.11e-09,5e-09,3.42e-16,6.91e-18,1.4e-17,2.34e-07,9.13e-19,1.71e-44,3.64e-09,4.56e-19,2.38e-09,0.298,0.291,2.94e-19,177000000.0,25.3,0.347,0.291,0.645,0.0,0.84,1.45e-15,3764151,0.0362,64.1,0.0362,2.92e-21,1.08,0.291,0.0,-24.8
4.0,2.0,1.58e-08,2e-08,2e-08,2.0,1.0,50.0,50.0,500.0,500.0,0.645,0.9,1.58e-08,0.5,1.0,3.9,11.7,25.0,0.5,0.025,0.0125,5e-11,5e-11,2.11e-09,5e-09,1.64e-16,1.73e-18,1.4e-17,1.16e-07,4.56e-19,1.71e-44,1.86e-09,2.28e-19,2.38e-09,0.298,0.291,1.47e-19,346000000.0,25.3,0.347,0.291,0.645,0.0,0.84,2.4e-15,3764158,0.0362,62.2,0.0362,2.92e-21,1.08,0.291,0.0,-24.8
4.0,2.0,1.58e-08,1e-08,2e-08,2.0,3.0,50.0,50.0,500.0,500.0,0.645,0.9,1.58e-08,0.5,1.0,3.9,11.7,25.0,0.5,0.025,0.0125,5e-11,5e-11,2.11e-09,5e-09,4.92e-16,5.18e-18,1.4e-17,3.29e-07,1.37e-18,1.71e-44,5.47e-09,6.84e-19,2.38e-09,0.298,0.291,4.41e-19,118000000.0,25.3,0.347,0.291,0.645,0.0,0.84,2.08e-15,3764175,0.0362,60.3,0.0362,2.92e-21,1.08,0.291,0.0,-24.8
4.0,2.0,1.58e-08,1e-08,5e-09,2.0,2.0,50.0,50.0,500.0,500.0,0.645,0.9,1.58e-08,0.5,1.0,3.9,11.7,25.0,0.5,0.025,0.0125,5e-11,5e-11,2.11e-09,5e-09,3.69e-16,1.38e-17,1.4e-17,2.56e-07,9.12e-19,1.71e-44,3.64e-09,4.56e-19,2.38e-09,0.298,0.291,2.94e-19,177000000.0,25.3,0.347,0.291,0.645,0.0,0.84,1.13e-15,3764172,0.0362,70.2,0.0362,2.92e-21,1.08,0.291,0.0,-24.8
4.0,2.0,1.58e-08,1e-08,2e-08,2.0,2.0,50.0,50.0,500.0,500.0,0.645,0.9,1.58e-08,0.5,1.0,3.9,11.7,25.0,0.5,0.025,0.0125,5e-11,5e-11,2.11e-09,5e-09,3.28e-16,3.45e-18,1.4e-17,2.23e-07,9.12e-19,1.71e-44,3.64e-09,4.56e-19,2.38e-09,0.298,0.291,2.94e-19,177000000.0,25.3,0.347,0.291,0.645,0.0,0.84,2.08e-15,3764146,0.0362,61.1,0.0362,2.92e-21,1.08,0.291,0.0,-24.8
4.0,2.0,1.58e-08,1e-08,2e-08,2.0,1.0,50.0,50.0,500.0,500.0,0.645,0.9,1.58e-08,0.5,1.0,3.9,11.7,25.0,0.5,0.025,0.0125,5e-11,5e-11,2.11e-09,5e-09,1.64e-16,1.73e-18,1.4e-17,1.16e-07,4.56e-19,1.71e-44,1.82e-09,2.28e-19,2.38e-09,0.298,0.291,1.47e-19,354000000.0,25.3,0.347,0.291,0.645,0.0,0.84,2.08e-15,3764136,0.0362,63.6,0.0362,2.92e-21,1.08,0.291,0.0,-24.8
4.0,2.0,1.58e-08,4e-08,2e-08,2.0,2.0,50.0,50.0,500.0,500.0,0.645,0.9,1.58e-08,0.5,1.0,3.9,11.7,25.0,0.5,0.025,0.0125,5e-11,5e-11,2.11e-09,5e-09,3.28e-16,3.45e-18,1.4e-17,2.23e-07,9.13e-19,1.71e-44,3.76e-09,4.57e-19,2.38e-09,0.298,0.291,2.94e-19,171000000.0,25.3,0.347,0.291,0.645,0.0,0.84,3.03e-15,3764091,0.0362,59.2,0.0362,2.92e-21,1.08,0.291,0.0,-24.8
4.0,2.0,1.58e-08,2e-08,2e-08,2.0,3.0,50.0,50.0,500.0,500.0,0.645,0.9,1.58e-08,0.5,1.0,3.9,11.7,25.0,0.5,0.025,0.0125,5e-11,5e-11,2.11e-09,5e-09,4.92e-16,5.18e-18,1.4e-17,3.29e-07,1.37e-18,1.71e-44,5.58e-09,6.84e-19,2.38e-09,0.298,0.291,4.41e-19,115000000.0,25.3,0.347,0.291,0.645,0.0,0.84,2.4e-15,3764106,0.0362,59.0,0.0362,2.92e-21,1.08,0.291,0.0,-24.8
4.0,2.0,1.58e-08,4e-08,2e-08,2.0,1.0,50.0,50.0,500.0,500.0,0.645,0.9,1.58e-08,0.5,1.0,3.9,11.7,25.0,0.5,0.025,0.0125,5e-11,5e-11,2.11e-09,5e-09,1.64e-16,1.73e-18,1.4e-17,1.16e-07,4.57e-19,1.71e-44,1.88e-09,2.28e-19,2.38e-09,0.298,0.291,1.47e-19,343000000.0,25.3,0.347,0.291,0.645,0.0,0.84,3.03e-15,3764118,0.0362,61.6,0.0362,2.92e-21,1.08,0.291,0.0,-24.8
4.0,2.0,1.58e-08,4e-08,1e-08,2.0,1.0,50.0,50.0,500.0,500.0,0.645,0.9,1.58e-08,0.5,1.0,3.9,11.7,25.0,0.5,0.025,0.0125,5e-11,5e-11,2.11e-09,8.55e-09,1.71e-16,3.45e-18,1.4e-17,1.21e-07,6.41e-16,7.21e-113,4.9e-08,3.2e-16,3.42e-09,0.281,0.272,2.07e-16,13200000.0,25.3,0.364,0.272,0.645,5.21e-10,0.738,2.4e-15,3764142,0.0982,2.48,0.0982,2.92e-21,1.24,0.272,0.0,-10.1
4.0,2.0,1.58e-08,2e-08,2e-08,2.0,2.0,50.0,50.0,500.0,500.0,0.645,0.9,1.58e-08,0.5,1.0,3.9,11.7,25.0,0.5,0.025,0.0125,5e-11,5e-11,2.11e-09,5e-09,3.28e-16,3.45e-18,1.4e-17,2.23e-07,9.12e-19,1.71e-44,3.72e-09,4.56e-19,2.38e-09,0.298,0.291,2.94e-19,173000000.0,25.3,0.347,0.291,0.645,0.0,0.84,2.4e-15,3764077,0.0362,59.8,0.0362,2.92e-21,1.08,0.291,0.0,-24.8
4.0,2.0,1.58e-08,4e-08,2e-08,2.0,1.0,50.0,50.0,500.0,500.0,0.645,0.9,1.58e-08,0.5,1.0,3.9,11.7,25.0,0.5,0.025,0.0125,5e-11,5e-11,2.11e-09,8.55e-09,1.64e-16,1.73e-18,1.4e-17,1.16e-07,6.41e-16,7.21e-113,4.89e-08,3.2e-16,3.42e-09,0.281,0.272,2.07e-16,13200000.0,25.3,0.364,0.272,0.645,5.22e-10,0.738,3.03e-15,3764090,0.0982,2.37,0.0982,2.92e-21,1.24,0.272,0.0,-10.1
4.0,2.0,1.58e-08,1e-08,5e-09,2.0,1.0,50.0,50.0,500.0,500.0,0.645,0.9,1.58e-08,0.5,1.0,3.9,11.7,25.0,0.5,0.025,0.0125,5e-11,5e-11,4.47e-09,5e-09,1.02e-16,6.91e-18,1.4e-17,7.92e-08,4.24e-15,0.0,4.68e-08,2.12e-15,3.69e-09,0.276,0.267,1.37e-15,13800000.0,25.3,0.369,0.267,0.645,4.22e-09,0.709,1.13e-15,3764149,0.116,1.69,0.116,6.180000000000001e-21,1.3,0.267,0.0,-8.57
4.0,2.0,1.58e-08,2e-08,5e-09,2.0,2.0,50.0,50.0,500.0,500.0,0.645,0.9,1.58e-08,0.5,1.0,3.9,11.7,25.0,0.5,0.025,0.0125,5e-11,5e-11,4.47e-09,5e-09,2.04e-16,1.38e-17,1.4e-17,1.49e-07,8.47e-15,0.0,1.27e-07,4.24e-15,3.69e-09,0.276,0.267,2.73e-15,5070000.0,25.3,0.369,0.267,0.645,2.86e-09,0.709,1.45e-15,3764105,0.116,1.17,0.116,6.180000000000001e-21,1.3,0.267,0.0,-8.57
4.0,2.0,1.58e-08,2e-08,1e-08,2.0,1.0,50.0,50.0,500.0,500.0,0.645,0.9,1.58e-08,0.5,1.0,3.9,11.7,25.0,0.5,0.025,0.0125,5e-11,5e-11,4.47e-09,5e-09,8.81e-17,3.45e-18,1.4e-17,6.8e-08,4.24e-15,0.0,6.36e-08,2.12e-15,3.69e-09,0.276,0.267,1.37e-15,10100000.0,25.3,0.369,0.267,0.645,2.86e-09,0.709,1.76e-15,3764097,0.116,1.07,0.116,6.180000000000001e-21,1.3,0.267,0.0,-8.57
4.0,2.0,1.58e-08,4e-08,5e-09,2.0,1.0,50.0,50.0,500.0,500.0,0.645,0.9,1.58e-08,0.5,1.0,3.9,11.7,25.0,0.5,0.025,0.0125,5e-11,5e-11,4.47e-09,5e-09,1.02e-16,6.91e-18,1.4e-17,7.92e-08,4.24e-15,0.0,8.02e-08,2.12e-15,3.69e-09,0.276,0.267,1.37e-15,8040000.0,25.3,0.369,0.267,0.645,2.18e-09,0.709,2.08e-15,3764112,0.116,0.987,0.116,6.180000000000001e-21,1.3,0.267,0.0,-8.57
4.0,2.0,1.58e-08,1e-08,1e-08,2.0,1.0,50.0,50.0,500.0,500.0,0.645,0.9,1.58e-08,0.5,1.0,3.9,11.7,25.0,0.5,0.025,0.0125,5e-11,5e-11,4.47e-09,5e-09,8.81e-17,3.45e-18,1.4e-17,6.8e-08,4.24e-15,0.0,4.68e-08,2.12e-15,3.69e-09,0.276,0.267,1.37e-15,13800000.0,25.3,0.369,0.267,0.645,4.22e-09,0.709,1.45e-15,3764114,0.116,1.45,0.116,6.180000000000001e-21,1.3,0.267,0.0,-8.57
4.0,2.0,1.58e-08,2e-08,5e-09,2.0,1.0,50.0,50.0,500.0,500.0,0.645,0.9,1.58e-08,0.5,1.0,3.9,11.7,25.0,0.5,0.025,0.0125,5e-11,5e-11,4.47e-09,5e-09,1.02e-16,6.91e-18,1.4e-17,7.92e-08,4.24e-15,0.0,6.36e-08,2.12e-15,3.69e-09,0.276,0.267,1.37e-15,10100000.0,25.3,0.369,0.267,0.645,2.86e-09,0.709,1.45e-15,3764084,0.116,1.25,0.116,6.180000000000001e-21,1.3,0.267,0.0,-8.57
4.0,2.0,1.58e-08,4e-08,5e-09,2.0,2.0,50.0,50.0,500.0,500.0,0.645,0.9,1.58e-08,0.5,1.0,3.9,11.7,25.0,0.5,0.025,0.0125,5e-11,5e-11,4.47e-09,5e-09,2.04e-16,1.38e-17,1.4e-17,1.49e-07,8.47e-15,0.0,1.6e-07,4.24e-15,3.69e-09,0.276,0.267,2.73e-15,4020000.0,25.3,0.369,0.267,0.645,2.18e-09,0.709,2.08e-15,3764170,0.116,0.931,0.116,6.180000000000001e-21,1.3,0.267,0.0,-8.57
4.0,2.0,1.58e-08,1e-08,5e-09,2.0,2.0,50.0,50.0,500.0,500.0,0.645,0.9,1.58e-08,0.5,1.0,3.9,11.7,25.0,0.5,0.025,0.0125,5e-11,5e-11,4.47e-09,5e-09,2.04e-16,1.38e-17,1.4e-17,1.49e-07,8.47e-15,0.0,9.36e-08,4.24e-15,3.69e-09,0.276,0.267,2.73e-15,6890000.0,25.3,0.369,0.267,0.645,4.22e-09,0.709,1.13e-15,3764154,0.116,1.59,0.116,6.180000000000001e-21,1.3,0.267,0.0,-8.57
4.0,2.0,1.58e-08,4e-08,1e-08,2.0,2.0,50.0,50.0,500.0,500.0,0.645,0.9,1.58e-08,0.5,1.0,3.9,11.7,25.0,0.5,0.025,0.0125,5e-11,5e-11,4.47e-09,5e-09,1.76e-16,6.91e-18,1.4e-17,1.27e-07,8.47e-15,0.0,1.6e-07,4.24e-15,3.69e-09,0.276,0.267,2.73e-15,4020000.0,25.3,0.369,0.267,0.645,2.18e-09,0.709,2.4e-15,3764103,0.116,0.793,0.116,6.180000000000001e-21,1.3,0.267,0.0,-8.57
4.0,2.0,1.58e-08,2e-08,1e-08,2.0,2.0,50.0,50.0,500.0,500.0,0.645,0.9,1.58e-08,0.5,1.0,3.9,11.7,25.0,0.5,0.025,0.0125,5e-11,5e-11,4.47e-09,5e-09,1.76e-16,6.91e-18,1.4e-17,1.27e-07,8.47e-15,0.0,1.27e-07,4.24e-15,3.69e-09,0.276,0.267,2.73e-15,5070000.0,25.3,0.369,0.267,0.645,2.86e-09,0.709,1.76e-15,3764108,0.116,0.999,0.116,6.180000000000001e-21,1.3,0.267,0.0,-8.57
4.0,2.0,1.58e-08,1e-08,2e-08,2.0,1.0,50.0,50.0,500.0,500.0,0.645,0.9,1.58e-08,0.5,1.0,3.9,11.7,25.0,0.5,0.025,0.0125,5e-11,5e-11,4.47e-09,5e-09,8.11e-17,1.73e-18,1.4e-17,6.25e-08,4.24e-15,0.0,4.68e-08,2.12e-15,3.69e-09,0.276,0.267,1.37e-15,13800000.0,25.3,0.369,0.267,0.645,4.22e-09,0.709,2.08e-15,3764104,0.116,1.34,0.116,6.180000000000001e-21,1.3,0.267,0.0,-8.57
4.0,2.0,1.58e-08,4e-08,1e-08,2.0,1.0,50.0,50.0,500.0,500.0,0.645,0.9,1.58e-08,0.5,1.0,3.9,11.7,25.0,0.5,0.025,0.0125,5e-11,5e-11,4.47e-09,5e-09,8.81e-17,3.45e-18,1.4e-17,6.8e-08,4.24e-15,0.0,8.01e-08,2.12e-15,3.69e-09,0.276,0.267,1.37e-15,8050000.0,25.3,0.369,0.267,0.645,2.18e-09,0.709,2.4e-15,3764167,0.116,0.849,0.116,6.180000000000001e-21,1.3,0.267,0.0,-8.57
4.0,2.0,1.58e-08,2e-08,2e-08,2.0,1.0,50.0,50.0,500.0,500.0,0.645,0.9,1.58e-08,0.5,1.0,3.9,11.7,25.0,0.5,0.025,0.0125,5e-11,5e-11,4.47e-09,5e-09,8.11e-17,1.73e-18,1.4e-17,6.25e-08,4.24e-15,0.0,6.35e-08,2.12e-15,3.69e-09,0.276,0.267,1.37e-15,10200000.0,25.3,0.369,0.267,0.645,2.86e-09,0.709,2.4e-15,3764125,0.116,0.984,0.116,6.180000000000001e-21,1.3,0.267,0.0,-8.57
4.0,2.0,1.58e-08,4e-08,2e-08,2.0,1.0,50.0,50.0,500.0,500.0,0.645,0.9,1.58e-08,0.5,1.0,3.9,11.7,25.0,0.5,0.025,0.0125,5e-11,5e-11,4.47e-09,5e-09,8.11e-17,1.73e-18,1.4e-17,6.25e-08,4.24e-15,0.0,8e-08,2.12e-15,3.69e-09,0.276,0.267,1.37e-15,8050000.0,25.3,0.369,0.267,0.645,2.18e-09,0.709,3.03e-15,3764076,0.116,0.78,0.116,6.180000000000001e-21,1.3,0.267,0.0,-8.57
4.0,2.0,1.58e-08,4e-08,2e-08,2.0,2.0,50.0,50.0,500.0,500.0,0.645,0.9,1.58e-08,0.5,1.0,3.9,11.7,25.0,0.5,0.025,0.0125,5e-11,5e-11,4.47e-09,5e-09,1.62e-16,3.45e-18,1.4e-17,1.16e-07,8.47e-15,0.0,1.6e-07,4.24e-15,3.69e-09,0.276,0.267,2.73e-15,4030000.0,25.3,0.369,0.267,0.645,2.18e-09,0.709,3.03e-15,3764123,0.116,0.724,0.116,6.180000000000001e-21,1.3,0.267,0.0,-8.57
4.0,2.0,1.58e-08,4e-08,5e-09,2.0,1.0,50.0,50.0,500.0,500.0,1.2,0.618,1.58e-08,0.5,1.0,3.9,11.7,3.9,0.5,0.025,0.0125,5e-11,5e-11,2.11e-09,5e-09,5.21e-17,6.91e-18,1.4e-17,8.76e-08,5.74e-09,3.1e-15,2.95e-06,2.87e-09,4.4e-09,0.532,0.47,3.44e-09,407000.0,25.3,0.668,0.471,1.2,0.000927,0.263,2.08e-15,3764174,0.161,0.0297,0.161,1.87e-20,1.48,0.47,0.0,-6.09
4.0,2.0,1.58e-08,4e-08,1e-08,2.0,1.0,50.0,50.0,500.0,500.0,1.2,0.618,1.58e-08,0.5,1.0,3.9,11.7,3.9,0.5,0.025,0.0125,5e-11,5e-11,2.11e-09,5e-09,3.83e-17,3.45e-18,1.4e-17,6.69e-08,5.74e-09,3.1e-15,2.95e-06,2.87e-09,4.4e-09,0.532,0.47,3.44e-09,407000.0,25.3,0.668,0.471,1.2,0.000928,0.263,2.4e-15,3764161,0.161,0.0227,0.161,1.87e-20,1.48,0.47,0.0,-6.09
4.0,2.0,1.58e-08,4e-08,1e-08,2.0,2.0,50.0,50.0,500.0,500.0,1.2,0.618,1.58e-08,0.5,1.0,3.9,11.7,3.9,0.5,0.025,0.0125,5e-11,5e-11,2.11e-09,5e-09,7.66e-17,6.91e-18,1.4e-17,1.17e-07,1.15e-08,3.1e-15,5.89e-06,5.74e-09,4.4e-09,0.532,0.47,6.89e-09,204000.0,25.3,0.668,0.471,1.2,0.000928,0.263,2.4e-15,3764084,0.161,0.0199,0.161,1.87e-20,1.48,0.47,0.0,-6.09
4.0,2.0,1.58e-08,4e-08,2e-08,2.0,3.0,50.0,50.0,500.0,500.0,1.2,0.618,1.58e-08,0.5,1.0,3.9,11.7,3.9,0.5,0.025,0.0125,5e-11,5e-11,2.11e-09,5e-09,9.42e-17,5.18e-18,1.4e-17,1.36e-07,1.72e-08,3.1e-15,8.81e-06,8.61e-09,4.4e-09,0.532,0.47,1.03e-08,136000.0,25.3,0.668,0.471,1.2,0.000932,0.263,3.03e-15,3764115,0.161,0.0155,0.161,1.87e-20,1.48,0.47,0.0,-6.09
4.0,2.0,1.58e-08,4e-08,2e-08,2.0,2.0,50.0,50.0,500.0,500.0,1.2,0.618,1.58e-08,0.5,1.0,3.9,11.7,3.9,0.5,0.025,0.0125,5e-11,5e-11,2.11e-09,5e-09,6.28e-17,3.45e-18,1.4e-17,9.63e-08,1.15e-08,3.1e-15,5.87e-06,5.74e-09,4.4e-09,0.532,0.47,6.89e-09,204000.0,25.3,0.668,0.471,1.2,0.000932,0.263,3.03e-15,3764121,0.161,0.0164,0.161,1.87e-20,1.48,0.47,0.0,-6.09
4.0,2.0,1.58e-08,4e-08,2e-08,2.0,1.0,50.0,50.0,500.0,500.0,1.2,0.618,1.58e-08,0.5,1.0,3.9,11.7,3.9,0.5,0.025,0.0125,5e-11,5e-11,2.11e-09,5e-09,3.14e-17,1.73e-18,1.4e-17,5.66e-08,5.74e-09,3.1e-15,2.94e-06,2.87e-09,4.4e-09,0.532,0.47,3.44e-09,409000.0,25.3,0.668,0.471,1.2,0.000932,0.263,3.03e-15,3764083,0.161,0.0193,0.161,1.87e-20,1.48,0.47,0.0,-6.09
4.0,2.0,1.58e-08,4e-08,1e-08,2.0,3.0,50.0,50.0,500.0,500.0,1.2,0.618,1.58e-08,0.5,1.0,3.9,11.7,3.9,0.5,0.025,0.0125,5e-11,5e-11,2.11e-09,5e-09,1.15e-16,1.04e-17,1.4e-17,1.67e-07,1.72e-08,3.1e-15,8.84e-06,8.61e-09,4.4e-09,0.532,0.47,1.03e-08,136000.0,25.3,0.668,0.471,1.2,0.000928,0.263,2.4e-15,3764151,0.161,0.0189,0.161,1.87e-20,1.48,0.47,0.0,-6.09
4.0,2.0,1.58e-08,1e-08,1e-08,2.0,1.0,50.0,50.0,500.0,500.0,1.2,0.618,1.58e-08,0.5,1.0,3.9,11.7,25.0,0.5,0.025,0.0125,5e-11,5e-11,2.11e-09,5e-09,1.71e-16,3.45e-18,1.4e-17,2.26e-07,2.58e-14,9.09e-22,6.72e-07,1.29e-14,2.38e-09,0.474,0.462,1.55e-14,1790000.0,25.3,0.726,0.462,1.2,1.6e-08,0.538,1.45e-15,3764166,0.0362,0.336,0.0362,2.92e-21,1.08,0.462,0.0,-25.3
4.0,2.0,1.58e-08,2e-08,1e-08,2.0,1.0,50.0,50.0,500.0,500.0,1.2,0.618,1.58e-08,0.5,1.0,3.9,11.7,25.0,0.5,0.025,0.0125,5e-11,5e-11,2.11e-09,5e-09,1.71e-16,3.45e-18,1.4e-17,2.26e-07,2.58e-14,9.09e-22,1.28e-06,1.29e-14,2.38e-09,0.5,0.484,1.55e-14,934000.0,25.3,0.7,0.484,1.2,8.03e-09,0.538,1.76e-15,3764162,0.0362,0.176,0.0362,2.92e-21,1.08,0.484,0.0,-26.9
4.0,2.0,1.58e-08,4e-08,5e-09,2.0,1.0,50.0,50.0,500.0,500.0,1.2,0.618,1.58e-08,0.5,1.0,3.9,11.7,25.0,0.5,0.025,0.0125,5e-11,5e-11,2.11e-09,5e-09,1.85e-16,6.91e-18,1.4e-17,2.47e-07,2.58e-14,9.09e-22,2.44e-06,1.29e-14,2.38e-09,0.528,0.507,1.55e-14,492000.0,25.3,0.672,0.507,1.2,4.03e-09,0.538,2.08e-15,3764125,0.0362,0.101,0.0362,2.92e-21,1.08,0.507,0.0,-27.1
4.0,2.0,1.58e-08,2e-08,5e-09,2.0,1.0,50.0,50.0,500.0,500.0,1.2,0.618,1.58e-08,0.5,1.0,3.9,11.7,25.0,0.5,0.025,0.0125,5e-11,5e-11,2.11e-09,5e-09,1.85e-16,6.91e-18,1.4e-17,2.47e-07,2.58e-14,9.09e-22,1.29e-06,1.29e-14,2.38e-09,0.5,0.484,1.55e-14,933000.0,25.3,0.7,0.484,1.2,8.02e-09,0.538,1.45e-15,3764091,0.0362,0.192,0.0362,2.92e-21,1.08,0.484,0.0,-26.9
4.0,2.0,1.58e-08,1e-08,5e-09,2.0,1.0,50.0,50.0,500.0,500.0,1.2,0.618,1.58e-08,0.5,1.0,3.9,11.7,25.0,0.5,0.025,0.0125,5e-11,5e-11,2.11e-09,5e-09,1.85e-16,6.91e-18,1.4e-17,2.47e-07,2.58e-14,9.09e-22,6.72e-07,1.29e-14,2.38e-09,0.474,0.462,1.55e-14,1780000.0,25.3,0.726,0.462,1.2,1.6e-08,0.538,1.13e-15,3764159,0.0362,0.367,0.0362,2.92e-21,1.08,0.462,0.0,-25.3
4.0,2.0,1.58e-08,2e-08,2e-08,2.0,1.0,50.0,50.0,500.0,500.0,1.2,0.618,1.58e-08,0.5,1.0,3.9,11.7,25.0,0.5,0.025,0.0125,5e-11,5e-11,2.11e-09,5e-09,1.64e-16,1.73e-18,1.4e-17,2.16e-07,2.58e-14,9.09e-22,1.28e-06,1.29e-14,2.38e-09,0.5,0.484,1.55e-14,936000.0,25.3,0.7,0.484,1.2,8.04e-09,0.538,2.4e-15,3764169,0.0362,0.168,0.0362,2.92e-21,1.08,0.484,0.0,-26.9
4.0,2.0,1.58e-08,4e-08,2e-08,2.0,1.0,50.0,50.0,500.0,500.0,1.2,0.618,1.58e-08,0.5,1.0,3.9,11.7,25.0,0.5,0.025,0.0125,5e-11,5e-11,2.11e-09,5e-09,1.64e-16,1.73e-18,1.4e-17,2.16e-07,2.58e-14,9.09e-22,2.43e-06,1.29e-14,2.38e-09,0.528,0.507,1.55e-14,494000.0,25.3,0.672,0.507,1.2,4.05e-09,0.538,3.03e-15,3764136,0.0362,0.0888,0.0362,2.92e-21,1.08,0.507,0.0,-27.1
4.0,2.0,1.58e-08,4e-08,1e-08,2.0,1.0,50.0,50.0,500.0,500.0,1.2,0.618,1.58e-08,0.5,1.0,3.9,11.7,25.0,0.5,0.025,0.0125,5e-11,5e-11,2.11e-09,5e-09,1.71e-16,3.45e-18,1.4e-17,2.26e-07,2.58e-14,9.09e-22,2.44e-06,1.29e-14,2.38e-09,0.528,0.507,1.55e-14,493000.0,25.3,0.672,0.507,1.2,4.03e-09,0.538,2.4e-15,3764083,0.0362,0.0927,0.0362,2.92e-21,1.08,0.507,0.0,-27.1
4.0,2.0,1.58e-08,4e-08,5e-09,2.0,1.0,50.0,50.0,500.0,500.0,1.2,0.9,1.58e-08,0.5,1.0,3.9,11.7,3.9,0.5,0.025,0.0125,5e-11,5e-11,2.11e-09,5e-09,5.21e-17,6.91e-18,1.4e-17,8.76e-08,4e-12,5.41e-22,2.06e-06,2e-12,4.4e-09,0.502,0.48,2.4e-12,583000.0,25.3,0.698,0.48,1.2,6.49e-07,0.545,2.08e-15,3764118,0.161,0.0426,0.161,1.87e-20,1.48,0.48,0.0,-6.19
4.0,2.0,1.58e-08,2e-08,1e-08,2.0,2.0,50.0,50.0,500.0,500.0,1.2,0.9,1.58e-08,0.5,1.0,3.9,11.7,3.9,0.5,0.025,0.0125,5e-11,5e-11,2.11e-09,5e-09,7.66e-17,6.91e-18,1.4e-17,1.17e-07,7.99e-12,5.41e-22,2.31e-06,4e-12,4.4e-09,0.502,0.48,4.79e-12,519000.0,25.3,0.698,0.48,1.2,1.27e-06,0.545,1.76e-15,3764108,0.161,0.0506,0.161,1.87e-20,1.48,0.48,0.0,-6.19
4.0,2.0,1.58e-08,4e-08,5e-09,2.0,2.0,50.0,50.0,500.0,500.0,1.2,0.9,1.58e-08,0.5,1.0,3.9,11.7,3.9,0.5,0.025,0.0125,5e-11,5e-11,2.11e-09,5e-09,1.04e-16,1.38e-17,1.4e-17,1.58e-07,7.99e-12,5.41e-22,4.12e-06,4e-12,4.4e-09,0.502,0.48,4.79e-12,292000.0,25.3,0.698,0.48,1.2,6.49e-07,0.545,2.08e-15,3764094,0.161,0.0385,0.161,1.87e-20,1.48,0.48,0.0,-6.19
4.0,2.0,1.58e-08,2e-08,1e-08,2.0,1.0,50.0,50.0,500.0,500.0,1.2,0.9,1.58e-08,0.5,1.0,3.9,11.7,3.9,0.5,0.025,0.0125,5e-11,5e-11,2.11e-09,5e-09,3.83e-17,3.45e-18,1.4e-17,6.69e-08,4e-12,5.41e-22,1.16e-06,2e-12,4.4e-09,0.502,0.48,2.4e-12,1040000.0,25.3,0.698,0.48,1.2,1.27e-06,0.545,1.76e-15,3764156,0.161,0.0579,0.161,1.87e-20,1.48,0.48,0.0,-6.19
4.0,2.0,1.58e-08,2e-08,1e-08,2.0,3.0,50.0,50.0,500.0,500.0,1.2,0.9,1.58e-08,0.5,1.0,3.9,11.7,3.9,0.5,0.025,0.0125,5e-11,5e-11,2.11e-09,5e-09,1.15e-16,1.04e-17,1.4e-17,1.67e-07,1.2e-11,5.41e-22,3.47e-06,5.99e-12,4.4e-09,0.502,0.48,7.19e-12,346000.0,25.3,0.698,0.48,1.2,1.27e-06,0.545,1.76e-15,3764139,0.161,0.0482,0.161,1.87e-20,1.48,0.48,0.0,-6.19
4.0,2.0,1.58e-08,4e-08,2e-08,2.0,2.0,50.0,50.0,500.0,500.0,1.2,0.9,1.58e-08,0.5,1.0,3.9,11.7,3.9,0.5,0.025,0.0125,5e-11,5e-11,2.11e-09,5e-09,6.28e-17,3.45e-18,1.4e-17,9.63e-08,7.99e-12,5.41e-22,4.1e-06,4e-12,4.4e-09,0.502,0.48,4.79e-12,293000.0,25.3,0.698,0.48,1.2,6.53e-07,0.545,3.03e-15,3764151,0.161,0.0235,0.161,1.87e-20,1.48,0.48,0.0,-6.19
4.0,2.0,1.58e-08,4e-08,1e-08,2.0,1.0,50.0,50.0,500.0,500.0,1.2,0.9,1.58e-08,0.5,1.0,3.9,11.7,3.9,0.5,0.025,0.0125,5e-11,5e-11,2.11e-09,5e-09,3.83e-17,3.45e-18,1.4e-17,6.69e-08,4e-12,5.41e-22,2.06e-06,2e-12,4.4e-09,0.502,0.48,2.4e-12,584000.0,25.3,0.698,0.48,1.2,6.5e-07,0.545,2.4e-15,3764086,0.161,0.0326,0.161,1.87e-20,1.48,0.48,0.0,-6.19
4.0,2.0,1.58e-08,2e-08,2e-08,2.0,1.0,50.0,50.0,500.0,500.0,1.2,0.9,1.58e-08,0.5,1.0,3.9,11.7,3.9,0.5,0.025,0.0125,5e-11,5e-11,2.11e-09,5e-09,3.14e-17,1.73e-18,1.4e-17,5.66e-08,4e-12,5.41e-22,1.15e-06,2e-12,4.4e-09,0.502,0.48,2.4e-12,1040000.0,25.3,0.698,0.48,1.2,1.28e-06,0.545,2.4e-15,3764153,0.161,0.049,0.161,1.87e-20,1.48,0.48,0.0,-6.19
4.0,2.0,1.58e-08,4e-08,1e-08,2.0,3.0,50.0,50.0,500.0,500.0,1.2,0.9,1.58e-08,0.5,1.0,3.9,11.7,3.9,0.5,0.025,0.0125,5e-11,5e-11,2.11e-09,5e-09,1.15e-16,1.04e-17,1.4e-17,1.67e-07,1.2e-11,5.41e-22,6.17e-06,5.99e-12,4.4e-09,0.502,0.48,7.19e-12,195000.0,25.3,0.698,0.48,1.2,6.5e-07,0.545,2.4e-15,3764125,0.161,0.0271,0.161,1.87e-20,1.48,0.48,0.0,-6.19
4.0,2.0,1.58e-08,4e-08,5e-09,2.0,3.0,50.0,50.0,500.0,500.0,1.2,0.9,1.58e-08,0.5,1.0,3.9,11.7,3.9,0.5,0.025,0.0125,5e-11,5e-11,2.11e-09,5e-09,1.56e-16,2.07e-17,1.4e-17,2.29e-07,1.2e-11,5.41e-22,6.17e-06,5.99e-12,4.4e-09,0.502,0.48,7.19e-12,194000.0,25.3,0.698,0.48,1.2,6.49e-07,0.545,2.08e-15,3764101,0.161,0.0371,0.161,1.87e-20,1.48,0.48,0.0,-6.19
4.0,2.0,1.58e-08,4e-08,1e-08,2.0,2.0,50.0,50.0,500.0,500.0,1.2,0.9,1.58e-08,0.5,1.0,3.9,11.7,3.9,0.5,0.025,0.0125,5e-11,5e-11,2.11e-09,5e-09,7.66e-17,6.91e-18,1.4e-17,1.17e-07,7.99e-12,5.41e-22,4.11e-06,4e-12,4.4e-09,0.502,0.48,4.79e-12,292000.0,25.3,0.698,0.48,1.2,6.5e-07,0.545,2.4e-15,3764104,0.161,0.0285,0.161,1.87e-20,1.48,0.48,0.0,-6.19
4.0,2.0,1.58e-08,1e-08,1e-08,2.0,1.0,50.0,50.0,500.0,500.0,1.2,0.9,1.58e-08,0.5,1.0,3.9,11.7,3.9,0.5,0.025,0.0125,5e-11,5e-11,2.11e-09,5e-09,3.83e-17,3.45e-18,1.4e-17,6.69e-08,4e-12,5.41e-22,6.21e-07,2e-12,4.4e-09,0.501,0.48,2.4e-12,1930000.0,25.3,0.699,0.48,1.2,2.52e-06,0.545,1.45e-15,3764173,0.161,0.108,0.161,1.87e-20,1.48,0.48,0.0,-6.19
4.0,2.0,1.58e-08,1e-08,2e-08,2.0,1.0,50.0,50.0,500.0,500.0,1.2,0.9,1.58e-08,0.5,1.0,3.9,11.7,3.9,0.5,0.025,0.0125,5e-11,5e-11,2.11e-09,5e-09,3.14e-17,1.73e-18,1.4e-17,5.66e-08,4e-12,5.41e-22,6.2e-07,2e-12,4.4e-09,0.501,0.48,2.4e-12,1940000.0,25.3,0.699,0.48,1.2,2.53e-06,0.545,2.08e-15,3764162,0.161,0.0912,0.161,1.87e-20,1.48,0.48,0.0,-6.19
4.0,2.0,1.58e-08,4e-08,2e-08,2.0,1.0,50.0,50.0,500.0,500.0,1.2,0.9,1.58e-08,0.5,1.0,3.9,11.7,3.9,0.5,0.025,0.0125,5e-11,5e-11,2.11e-09,5e-09,3.14e-17,1.73e-18,1.4e-17,5.66e-08,4e-12,5.41e-22,2.05e-06,2e-12,4.4e-09,0.502,0.48,2.4e-12,586000.0,25.3,0.698,0.48,1.2,6.53e-07,0.545,3.03e-15,3764092,0.161,0.0276,0.161,1.87e-20,1.48,0.48,0.0,-6.19
4.0,2.0,1.58e-08,4e-08,2e-08,2.0,3.0,50.0,50.0,500.0,500.0,1.2,0.9,1.58e-08,0.5,1.0,3.9,11.7,3.9,0.5,0.025,0.0125,5e-11,5e-11,2.11e-09,5e-09,9.42e-17,5.18e-18,1.4e-17,1.36e-07,1.2e-11,5.41e-22,6.15e-06,5.99e-12,4.4e-09,0.502,0.48,7.19e-12,195000.0,25.3,0.698,0.48,1.2,6.53e-07,0.545,3.03e-15,3764138,0.161,0.0221,0.161,1.87e-20,1.48,0.48,0.0,-6.19
4.0,2.0,1.58e-08,4e-08,1e-08,2.0,1.0,50.0,50.0,500.0,500.0,1.2,0.9,1.58e-08,0.5,1.0,3.9,11.7,3.9,0.5,0.025,0.0125,5e-11,5e-11,2.11e-09,8.55e-09,3.83e-17,3.45e-18,1.4e-17,6.69e-08,4.75e-09,3.69e-17,2.58e-06,2.37e-09,5.89e-09,0.484,0.441,2.85e-09,465000.0,25.3,0.716,0.442,1.2,0.000775,0.362,2.4e-15,3764089,0.244,0.0259,0.244,1.87e-20,1.96,0.441,0.0,-4.07
4.0,2.0,1.58e-08,4e-08,2e-08,2.0,2.0,50.0,50.0,500.0,500.0,1.2,0.9,1.58e-08,0.5,1.0,3.9,11.7,3.9,0.5,0.025,0.0125,5e-11,5e-11,2.11e-09,8.55e-09,6.28e-17,3.45e-18,1.4e-17,9.63e-08,9.5e-09,3.69e-17,5.15e-06,4.75e-09,5.89e-09,0.484,0.442,5.7e-09,233000.0,25.3,0.716,0.442,1.2,0.000778,0.362,3.03e-15,3764105,0.244,0.0187,0.244,1.87e-20,1.96,0.442,0.0,-4.07
4.0,2.0,1.58e-08,4e-08,2e-08,2.0,1.0,50.0,50.0,500.0,500.0,1.2,0.9,1.58e-08,0.5,1.0,3.9,11.7,3.9,0.5,0.025,0.0125,5e-11,5e-11,2.11e-09,8.55e-09,3.14e-17,1.73e-18,1.4e-17,5.66e-08,4.75e-09,3.69e-17,2.57e-06,2.37e-09,5.89e-09,0.484,0.442,2.85e-09,466000.0,25.3,0.716,0.442,1.2,0.000778,0.362,3.03e-15,3764165,0.244,0.022,0.244,1.87e-20,1.96,0.442,0.0,-4.07
4.0,2.0,1.58e-08,4e-08,5e-09,2.0,1.0,50.0,50.0,500.0,500.0,1.2,0.9,1.58e-08,0.5,1.0,3.9,11.7,3.9,0.5,0.025,0.0125,5e-11,5e-11,2.11e-09,8.55e-09,5.21e-17,6.91e-18,1.4e-17,8.76e-08,4.75e-09,3.69e-17,2.59e-06,2.37e-09,5.89e-09,0.484,0.441,2.85e-09,464000.0,25.3,0.716,0.442,1.2,0.000774,0.362,2.08e-15,3764121,0.244,0.0339,0.244,1.87e-20,1.96,0.441,0.0,-4.07
4.0,2.0,1.58e-08,1e-08,5e-09,2.0,2.0,50.0,50.0,500.0,500.0,1.2,0.9,1.58e-08,0.5,1.0,3.9,11.7,25.0,0.5,0.025,0.0125,5e-11,5e-11,2.11e-09,5e-09,3.69e-16,1.38e-17,1.4e-17,4.76e-07,1.94e-18,8.77e-37,9.43e-07,9.69e-19,2.38e-09,0.566,0.56,1.16e-18,1270000.0,25.3,0.634,0.56,1.2,6.02e-13,0.82,1.13e-15,3764156,0.0362,0.506,0.0362,2.92e-21,1.08,0.56,0.0,-27.5
4.0,2.0,1.58e-08,2e-08,5e-09,2.0,2.0,50.0,50.0,500.0,500.0,1.2,0.9,1.58e-08,0.5,1.0,3.9,11.7,25.0,0.5,0.025,0.0125,5e-11,5e-11,2.11e-09,5e-09,3.69e-16,1.38e-17,1.4e-17,4.76e-07,1.94e-18,8.77e-37,1.86e-06,9.69e-19,2.38e-09,0.566,0.56,1.16e-18,644000.0,25.3,0.634,0.56,1.2,3.02e-13,0.82,1.45e-15,3764145,0.0362,0.256,0.0362,2.92e-21,1.08,0.56,0.0,-27.5
4.0,2.0,1.58e-08,2e-08,5e-09,2.0,1.0,50.0,50.0,500.0,500.0,1.2,0.9,1.58e-08,0.5,1.0,3.9,11.7,25.0,0.5,0.025,0.0125,5e-11,5e-11,2.11e-09,5e-09,1.85e-16,6.91e-18,1.4e-17,2.47e-07,9.69e-19,8.77e-37,9.32e-07,4.85e-19,2.38e-09,0.566,0.56,5.82e-19,1290000.0,25.3,0.634,0.56,1.2,3.02e-13,0.82,1.45e-15,3764115,0.0362,0.265,0.0362,2.92e-21,1.08,0.56,0.0,-27.5
4.0,2.0,1.58e-08,2e-08,1e-08,2.0,2.0,50.0,50.0,500.0,500.0,1.2,0.9,1.58e-08,0.5,1.0,3.9,11.7,25.0,0.5,0.025,0.0125,5e-11,5e-11,2.11e-09,5e-09,3.42e-16,6.91e-18,1.4e-17,4.35e-07,1.94e-18,8.77e-37,1.86e-06,9.7e-19,2.38e-09,0.566,0.56,1.16e-18,644000.0,25.3,0.634,0.56,1.2,3.02e-13,0.82,1.76e-15,3764075,0.0362,0.234,0.0362,2.92e-21,1.08,0.56,0.0,-27.5
4.0,2.0,1.58e-08,1e-08,5e-09,2.0,3.0,50.0,50.0,500.0,500.0,1.2,0.9,1.58e-08,0.5,1.0,3.9,11.7,25.0,0.5,0.025,0.0125,5e-11,5e-11,2.11e-09,5e-09,5.54e-16,2.07e-17,1.4e-17,7.06e-07,2.91e-18,8.77e-37,1.41e-06,1.45e-18,2.38e-09,0.566,0.56,1.74e-18,849000.0,25.3,0.634,0.56,1.2,6.02e-13,0.82,1.13e-15,3764139,0.0362,0.5,0.0362,2.92e-21,1.08,0.56,0.0,-27.5
4.0,2.0,1.58e-08,1e-08,5e-09,2.0,1.0,50.0,50.0,500.0,500.0,1.2,0.9,1.58e-08,0.5,1.0,3.9,11.7,25.0,0.5,0.025,0.0125,5e-11,5e-11,2.11e-09,5e-09,1.85e-16,6.91e-18,1.4e-17,2.47e-07,9.69e-19,8.77e-37,4.71e-07,4.85e-19,2.38e-09,0.566,0.56,5.82e-19,2550000.0,25.3,0.634,0.56,1.2,6.02e-13,0.82,1.13e-15,3764110,0.0362,0.523,0.0362,2.92e-21,1.08,0.56,0.0,-27.5
4.0,2.0,1.58e-08,4e-08,1e-08,2.0,1.0,50.0,50.0,500.0,500.0,1.2,0.9,1.58e-08,0.5,1.0,3.9,11.7,25.0,0.5,0.025,0.0125,5e-11,5e-11,2.11e-09,5e-09,1.71e-16,3.45e-18,1.4e-17,2.26e-07,9.7e-19,8.77e-37,1.82e-06,4.85e-19,2.38e-09,0.566,0.56,5.82e-19,661000.0,25.3,0.634,0.56,1.2,1.52e-13,0.82,2.4e-15,3764173,0.0362,0.124,0.0362,2.92e-21,1.08,0.56,0.0,-27.5
4.0,2.0,1.58e-08,4e-08,1e-08,2.0,3.0,50.0,50.0,500.0,500.0,1.2,0.9,1.58e-08,0.5,1.0,3.9,11.7,25.0,0.5,0.025,0.0125,5e-11,5e-11,2.11e-09,5e-09,5.12e-16,1.04e-17,1.4e-17,6.44e-07,2.91e-18,8.77e-37,5.45e-06,1.46e-18,2.38e-09,0.566,0.56,1.75e-18,220000.0,25.3,0.634,0.56,1.2,1.52e-13,0.82,2.4e-15,3764161,0.0362,0.118,0.0362,2.92e-21,1.08,0.56,0.0,-27.5
4.0,2.0,1.58e-08,4e-08,1e-08,2.0,2.0,50.0,50.0,500.0,500.0,1.2,0.9,1.58e-08,0.5,1.0,3.9,11.7,25.0,0.5,0.025,0.0125,5e-11,5e-11,2.11e-09,5e-09,3.42e-16,6.91e-18,1.4e-17,4.35e-07,1.94e-18,8.77e-37,3.63e-06,9.7e-19,2.38e-09,0.566,0.56,1.16e-18,330000.0,25.3,0.634,0.56,1.2,1.52e-13,0.82,2.4e-15,3764116,0.0362,0.12,0.0362,2.92e-21,1.08,0.56,0.0,-27.5
4.0,2.0,1.58e-08,2e-08,1e-08,2.0,3.0,50.0,50.0,500.0,500.0,1.2,0.9,1.58e-08,0.5,1.0,3.9,11.7,25.0,0.5,0.025,0.0125,5e-11,5e-11,2.11e-09,5e-09,5.12e-16,1.04e-17,1.4e-17,6.44e-07,2.91e-18,8.77e-37,2.79e-06,1.45e-18,2.38e-09,0.566,0.56,1.75e-18,429000.0,25.3,0.634,0.56,1.2,3.02e-13,0.82,1.76e-15,3764098,0.0362,0.231,0.0362,2.92e-21,1.08,0.56,0.0,-27.5
4.0,2.0,1.58e-08,4e-08,5e-09,2.0,2.0,50.0,50.0,500.0,500.0,1.2,0.9,1.58e-08,0.5,1.0,3.9,11.7,25.0,0.5,0.025,0.0125,5e-11,5e-11,2.11e-09,5e-09,3.69e-16,1.38e-17,1.4e-17,4.76e-07,1.94e-18,8.77e-37,3.64e-06,9.69e-19,2.38e-09,0.566,0.56,1.16e-18,330000.0,25.3,0.634,0.56,1.2,1.52e-13,0.82,2.08e-15,3764086,0.0362,0.131,0.0362,2.92e-21,1.08,0.56,0.0,-27.5
4.0,2.0,1.58e-08,2e-08,5e-09,2.0,3.0,50.0,50.0,500.0,500.0,1.2,0.9,1.58e-08,0.5,1.0,3.9,11.7,25.0,0.5,0.025,0.0125,5e-11,5e-11,2.11e-09,5e-09,5.54e-16,2.07e-17,1.4e-17,7.06e-07,2.91e-18,8.77e-37,2.8e-06,1.45e-18,2.38e-09,0.566,0.56,1.74e-18,429000.0,25.3,0.634,0.56,1.2,3.02e-13,0.82,1.45e-15,3764151,0.0362,0.253,0.0362,2.92e-21,1.08,0.56,0.0,-27.5
4.0,2.0,1.58e-08,2e-08,1e-08,2.0,1.0,50.0,50.0,500.0,500.0,1.2,0.9,1.58e-08,0.5,1.0,3.9,11.7,25.0,0.5,0.025,0.0125,5e-11,5e-11,2.11e-09,5e-09,1.71e-16,3.45e-18,1.4e-17,2.26e-07,9.7e-19,8.77e-37,9.31e-07,4.85e-19,2.38e-09,0.566,0.56,5.82e-19,1290000.0,25.3,0.634,0.56,1.2,3.02e-13,0.82,1.76e-15,3764127,0.0362,0.243,0.0362,2.92e-21,1.08,0.56,0.0,-27.5
4.0,2.0,1.58e-08,4e-08,5e-09,2.0,1.0,50.0,50.0,500.0,500.0,1.2,0.9,1.58e-08,0.5,1.0,3.9,11.7,25.0,0.5,0.025,0.0125,5e-11,5e-11,2.11e-09,5e-09,1.85e-16,6.91e-18,1.4e-17,2.47e-07,9.69e-19,8.77e-37,1.82e-06,4.85e-19,2.38e-09,0.566,0.56,5.82e-19,660000.0,25.3,0.634,0.56,1.2,1.52e-13,0.82,2.08e-15,3764158,0.0362,0.136,0.0362,2.92e-21,1.08,0.56,0.0,-27.5
4.0,2.0,1.58e-08,4e-08,5e-09,2.0,3.0,50.0,50.0,500.0,500.0,1.2,0.9,1.58e-08,0.5,1.0,3.9,11.7,25.0,0.5,0.025,0.0125,5e-11,5e-11,2.11e-09,5e-09,5.54e-16,2.07e-17,1.4e-17,7.06e-07,2.91e-18,8.77e-37,5.46e-06,1.45e-18,2.38e-09,0.566,0.56,1.74e-18,220000.0,25.3,0.634,0.56,1.2,1.52e-13,0.82,2.08e-15,3764153,0.0362,0.129,0.0362,2.92e-21,1.08,0.56,0.0,-27.5
4.0,2.0,1.58e-08,4e-08,2e-08,2.0,1.0,50.0,50.0,500.0,500.0,1.2,0.9,1.58e-08,0.5,1.0,3.9,11.7,25.0,0.5,0.025,0.0125,5e-11,5e-11,2.11e-09,5e-09,1.64e-16,1.73e-18,1.4e-17,2.16e-07,9.7e-19,8.77e-37,1.81e-06,4.85e-19,2.38e-09,0.566,0.56,5.82e-19,663000.0,25.3,0.634,0.56,1.2,1.53e-13,0.82,3.03e-15,3764157,0.0362,0.119,0.0362,2.92e-21,1.08,0.56,0.0,-27.5
4.0,2.0,1.58e-08,1e-08,5e-09,2.0,1.0,50.0,50.0,500.0,500.0,1.2,0.9,1.58e-08,0.5,1.0,3.9,11.7,25.0,0.5,0.025,0.0125,5e-11,5e-11,2.11e-09,8.55e-09,1.85e-16,6.91e-18,1.4e-17,2.47e-07,3.65e-15,1.2800000000000001e-27,5.31e-07,1.82e-15,3.42e-09,0.53,0.52,2.19e-15,2260000.0,25.3,0.67,0.52,1.2,2.27e-09,0.684,1.13e-15,3764126,0.0982,0.464,0.0982,2.92e-21,1.24,0.52,0.0,-10.2
4.0,2.0,1.58e-08,2e-08,2e-08,2.0,1.0,50.0,50.0,500.0,500.0,1.2,0.9,1.58e-08,0.5,1.0,3.9,11.7,25.0,0.5,0.025,0.0125,5e-11,5e-11,2.11e-09,5e-09,1.64e-16,1.73e-18,1.4e-17,2.16e-07,9.7e-19,8.77e-37,9.3e-07,4.85e-19,2.38e-09,0.566,0.56,5.82e-19,1290000.0,25.3,0.634,0.56,1.2,3.03e-13,0.82,2.4e-15,3764174,0.0362,0.232,0.0362,2.92e-21,1.08,0.56,0.0,-27.5
4.0,2.0,1.58e-08,4e-08,2e-08,2.0,3.0,50.0,50.0,500.0,500.0,1.2,0.9,1.58e-08,0.5,1.0,3.9,11.7,25.0,0.5,0.025,0.0125,5e-11,5e-11,2.11e-09,5e-09,4.92e-16,5.18e-18,1.4e-17,6.13e-07,2.91e-18,8.77e-37,5.43e-06,1.46e-18,2.38e-09,0.566,0.56,1.75e-18,221000.0,25.3,0.634,0.56,1.2,1.53e-13,0.82,3.03e-15,3764152,0.0362,0.113,0.0362,2.92e-21,1.08,0.56,0.0,-27.5
4.0,2.0,1.58e-08,1e-08,2e-08,2.0,1.0,50.0,50.0,500.0,500.0,1.2,0.9,1.58e-08,0.5,1.0,3.9,11.7,25.0,0.5,0.025,0.0125,5e-11,5e-11,2.11e-09,5e-09,1.64e-16,1.73e-18,1.4e-17,2.16e-07,9.69e-19,8.77e-37,4.71e-07,4.85e-19,2.38e-09,0.566,0.56,5.81e-19,2550000.0,25.3,0.634,0.56,1.2,6.03e-13,0.82,2.08e-15,3764162,0.0362,0.458,0.0362,2.92e-21,1.08,0.56,0.0,-27.5
4.0,2.0,1.58e-08,2e-08,5e-09,2.0,2.0,50.0,50.0,500.0,500.0,1.2,0.9,1.58e-08,0.5,1.0,3.9,11.7,25.0,0.5,0.025,0.0125,5e-11,5e-11,2.11e-09,8.55e-09,3.69e-16,1.38e-17,1.4e-17,4.76e-07,7.29e-15,1.2800000000000001e-27,2.05e-06,3.65e-15,3.42e-09,0.531,0.521,4.37e-15,586000.0,25.3,0.669,0.521,1.2,1.14e-09,0.684,1.45e-15,3764109,0.0982,0.233,0.0982,2.92e-21,1.24,0.521,0.0,-10.2
4.0,2.0,1.58e-08,1e-08,1e-08,2.0,1.0,50.0,50.0,500.0,500.0,1.2,0.9,1.58e-08,0.5,1.0,3.9,11.7,25.0,0.5,0.025,0.0125,5e-11,5e-11,2.11e-09,5e-09,1.71e-16,3.45e-18,1.4e-17,2.26e-07,9.69e-19,8.77e-37,4.71e-07,4.85e-19,2.38e-09,0.566,0.56,5.82e-19,2550000.0,25.3,0.634,0.56,1.2,6.02e-13,0.82,1.45e-15,3764125,0.0362,0.48,0.0362,2.92e-21,1.08,0.56,0.0,-27.5
4.0,2.0,1.58e-08,1e-08,5e-09,2.0,2.0,50.0,50.0,500.0,500.0,1.2,0.9,1.58e-08,0.5,1.0,3.9,11.7,25.0,0.5,0.025,0.0125,5e-11,5e-11,2.11e-09,8.55e-09,3.69e-16,1.38e-17,1.4e-17,4.76e-07,7.29e-15,1.2800000000000001e-27,1.06e-06,3.65e-15,3.42e-09,0.53,0.52,4.37e-15,1130000.0,25.3,0.67,0.52,1.2,2.27e-09,0.684,1.13e-15,3764089,0.0982,0.448,0.0982,2.92e-21,1.24,0.52,0.0,-10.2
4.0,2.0,1.58e-08,4e-08,2e-08,2.0,2.0,50.0,50.0,500.0,500.0,1.2,0.9,1.58e-08,0.5,1.0,3.9,11.7,25.0,0.5,0.025,0.0125,5e-11,5e-11,2.11e-09,5e-09,3.28e-16,3.45e-18,1.4e-17,4.14e-07,1.94e-18,8.77e-37,3.62e-06,9.7e-19,2.38e-09,0.566,0.56,1.16e-18,332000.0,25.3,0.634,0.56,1.2,1.53e-13,0.82,3.03e-15,3764090,0.0362,0.115,0.0362,2.92e-21,1.08,0.56,0.0,-27.5
4.0,2.0,1.58e-08,2e-08,5e-09,2.0,3.0,50.0,50.0,500.0,500.0,1.2,0.9,1.58e-08,0.5,1.0,3.9,11.7,25.0,0.5,0.025,0.0125,5e-11,5e-11,2.11e-09,8.55e-09,5.54e-16,2.07e-17,1.4e-17,7.06e-07,1.09e-14,1.2800000000000001e-27,3.07e-06,5.47e-15,3.42e-09,0.531,0.521,6.56e-15,390000.0,25.3,0.669,0.521,1.2,1.14e-09,0.684,1.45e-15,3764085,0.0982,0.23,0.0982,2.92e-21,1.24,0.521,0.0,-10.2
4.0,2.0,1.58e-08,4e-08,5e-09,2.0,2.0,50.0,50.0,500.0,500.0,1.2,0.9,1.58e-08,0.5,1.0,3.9,11.7,25.0,0.5,0.025,0.0125,5e-11,5e-11,2.11e-09,8.55e-09,3.69e-16,1.38e-17,1.4e-17,4.76e-07,7.29e-15,1.2800000000000001e-27,3.94e-06,3.65e-15,3.42e-09,0.531,0.521,4.37e-15,304000.0,25.3,0.669,0.521,1.2,5.74e-10,0.684,2.08e-15,3764105,0.0982,0.121,0.0982,2.92e-21,1.24,0.521,0.0,-10.2
4.0,2.0,1.58e-08,4e-08,1e-08,2.0,1.0,50.0,50.0,500.0,500.0,1.2,0.9,1.58e-08,0.5,1.0,3.9,11.7,25.0,0.5,0.025,0.0125,5e-11,5e-11,2.11e-09,8.55e-09,1.71e-16,3.45e-18,1.4e-17,2.26e-07,3.65e-15,1.2800000000000001e-27,1.97e-06,1.82e-15,3.42e-09,0.531,0.521,2.19e-15,610000.0,25.3,0.669,0.521,1.2,5.75e-10,0.684,2.4e-15,3764172,0.0982,0.115,0.0982,2.92e-21,1.24,0.521,0.0,-10.2
4.0,2.0,1.58e-08,2e-08,5e-09,2.0,1.0,50.0,50.0,500.0,500.0,1.2,0.9,1.58e-08,0.5,1.0,3.9,11.7,25.0,0.5,0.025,0.0125,5e-11,5e-11,2.11e-09,8.55e-09,1.85e-16,6.91e-18,1.4e-17,2.47e-07,3.65e-15,1.2800000000000001e-27,1.02e-06,1.82e-15,3.42e-09,0.531,0.521,2.19e-15,1170000.0,25.3,0.669,0.521,1.2,1.14e-09,0.684,1.45e-15,3764084,0.0982,0.241,0.0982,2.92e-21,1.24,0.521,0.0,-10.2
4.0,2.0,1.58e-08,1e-08,2e-08,2.0,1.0,50.0,50.0,500.0,500.0,1.2,0.9,1.58e-08,0.5,1.0,3.9,11.7,25.0,0.5,0.025,0.0125,5e-11,5e-11,2.11e-09,8.55e-09,1.64e-16,1.73e-18,1.4e-17,2.16e-07,3.65e-15,1.2800000000000001e-27,5.31e-07,1.82e-15,3.42e-09,0.53,0.52,2.19e-15,2260000.0,25.3,0.67,0.52,1.2,2.28e-09,0.684,2.08e-15,3764160,0.0982,0.406,0.0982,2.92e-21,1.24,0.52,0.0,-10.2
4.0,2.0,1.58e-08,4e-08,5e-09,2.0,3.0,50.0,50.0,500.0,500.0,1.2,0.9,1.58e-08,0.5,1.0,3.9,11.7,25.0,0.5,0.025,0.0125,5e-11,5e-11,2.11e-09,8.55e-09,5.54e-16,2.07e-17,1.4e-17,7.06e-07,1.09e-14,1.2800000000000001e-27,5.92e-06,5.47e-15,3.42e-09,0.531,0.521,6.56e-15,203000.0,25.3,0.669,0.521,1.2,5.74e-10,0.684,2.08e-15,3764148,0.0982,0.119,0.0982,2.92e-21,1.24,0.521,0.0,-10.2
4.0,2.0,1.58e-08,2e-08,1e-08,2.0,2.0,50.0,50.0,500.0,500.0,1.2,0.9,1.58e-08,0.5,1.0,3.9,11.7,25.0,0.5,0.025,0.0125,5e-11,5e-11,2.11e-09,8.55e-09,3.42e-16,6.91e-18,1.4e-17,4.35e-07,7.29e-15,1.2800000000000001e-27,2.05e-06,3.65e-15,3.42e-09,0.531,0.521,4.37e-15,586000.0,25.3,0.669,0.521,1.2,1.14e-09,0.684,1.76e-15,3764112,0.0982,0.213,0.0982,2.92e-21,1.24,0.521,0.0,-10.2
4.0,2.0,1.58e-08,4e-08,2e-08,2.0,2.0,50.0,50.0,500.0,500.0,1.2,0.9,1.58e-08,0.5,1.0,3.9,11.7,25.0,0.5,0.025,0.0125,5e-11,5e-11,2.11e-09,8.55e-09,3.28e-16,3.45e-18,1.4e-17,4.14e-07,7.29e-15,1.2800000000000001e-27,3.92e-06,3.65e-15,3.42e-09,0.531,0.521,4.37e-15,306000.0,25.3,0.669,0.521,1.2,5.77e-10,0.684,3.03e-15,3764079,0.0982,0.106,0.0982,2.92e-21,1.24,0.521,0.0,-10.2
4.0,2.0,1.58e-08,2e-08,1e-08,2.0,1.0,50.0,50.0,500.0,500.0,1.2,0.9,1.58e-08,0.5,1.0,3.9,11.7,25.0,0.5,0.025,0.0125,5e-11,5e-11,2.11e-09,8.55e-09,1.71e-16,3.45e-18,1.4e-17,2.26e-07,3.65e-15,1.2800000000000001e-27,1.02e-06,1.82e-15,3.42e-09,0.531,0.521,2.19e-15,1170000.0,25.3,0.669,0.521,1.2,1.14e-09,0.684,1.76e-15,3764159,0.0982,0.221,0.0982,2.92e-21,1.24,0.521,0.0,-10.2
4.0,2.0,1.58e-08,4e-08,1e-08,2.0,3.0,50.0,50.0,500.0,500.0,1.2,0.9,1.58e-08,0.5,1.0,3.9,11.7,25.0,0.5,0.025,0.0125,5e-11,5e-11,2.11e-09,8.55e-09,5.12e-16,1.04e-17,1.4e-17,6.44e-07,1.09e-14,1.2800000000000001e-27,5.9e-06,5.47e-15,3.42e-09,0.531,0.521,6.56e-15,203000.0,25.3,0.669,0.521,1.2,5.75e-10,0.684,2.4e-15,3764121,0.0982,0.109,0.0982,2.92e-21,1.24,0.521,0.0,-10.2
4.0,2.0,1.58e-08,2e-08,1e-08,2.0,3.0,50.0,50.0,500.0,500.0,1.2,0.9,1.58e-08,0.5,1.0,3.9,11.7,25.0,0.5,0.025,0.0125,5e-11,5e-11,2.11e-09,8.55e-09,5.12e-16,1.04e-17,1.4e-17,6.44e-07,1.09e-14,1.2800000000000001e-27,3.07e-06,5.47e-15,3.42e-09,0.531,0.521,6.56e-15,391000.0,25.3,0.669,0.521,1.2,1.14e-09,0.684,1.76e-15,3764143,0.0982,0.21,0.0982,2.92e-21,1.24,0.521,0.0,-10.2
4.0,2.0,1.58e-08,4e-08,2e-08,2.0,3.0,50.0,50.0,500.0,500.0,1.2,0.9,1.58e-08,0.5,1.0,3.9,11.7,25.0,0.5,0.025,0.0125,5e-11,5e-11,2.11e-09,8.55e-09,4.92e-16,5.18e-18,1.4e-17,6.13e-07,1.09e-14,1.2800000000000001e-27,5.88e-06,5.47e-15,3.42e-09,0.531,0.521,6.56e-15,204000.0,25.3,0.669,0.521,1.2,5.77e-10,0.684,3.03e-15,3764150,0.0982,0.104,0.0982,2.92e-21,1.24,0.521,0.0,-10.2
4.0,2.0,1.58e-08,1e-08,1e-08,2.0,1.0,50.0,50.0,500.0,500.0,1.2,0.9,1.58e-08,0.5,1.0,3.9,11.7,25.0,0.5,0.025,0.0125,5e-11,5e-11,2.11e-09,8.55e-09,1.71e-16,3.45e-18,1.4e-17,2.26e-07,3.65e-15,1.2800000000000001e-27,5.31e-07,1.82e-15,3.42e-09,0.53,0.52,2.19e-15,2260000.0,25.3,0.67,0.52,1.2,2.28e-09,0.684,1.45e-15,3764128,0.0982,0.425,0.0982,2.92e-21,1.24,0.52,0.0,-10.2
4.0,2.0,1.58e-08,4e-08,1e-08,2.0,2.0,50.0,50.0,500.0,500.0,1.2,0.9,1.58e-08,0.5,1.0,3.9,11.7,25.0,0.5,0.025,0.0125,5e-11,5e-11,2.11e-09,8.55e-09,3.42e-16,6.91e-18,1.4e-17,4.35e-07,7.29e-15,1.2800000000000001e-27,3.94e-06,3.65e-15,3.42e-09,0.531,0.521,4.37e-15,305000.0,25.3,0.669,0.521,1.2,5.75e-10,0.684,2.4e-15,3764077,0.0982,0.111,0.0982,2.92e-21,1.24,0.521,0.0,-10.2
4.0,2.0,1.58e-08,4e-08,5e-09,2.0,1.0,50.0,50.0,500.0,500.0,1.2,0.9,1.58e-08,0.5,1.0,3.9,11.7,25.0,0.5,0.025,0.0125,5e-11,5e-11,2.11e-09,8.55e-09,1.85e-16,6.91e-18,1.4e-17,2.47e-07,3.65e-15,1.2800000000000001e-27,1.97e-06,1.82e-15,3.42e-09,0.531,0.521,2.19e-15,609000.0,25.3,0.669,0.521,1.2,5.74e-10,0.684,2.08e-15,3764102,0.0982,0.125,0.0982,2.92e-21,1.24,0.521,0.0,-10.2
4.0,2.0,1.58e-08,1e-08,5e-09,2.0,3.0,50.0,50.0,500.0,500.0,1.2,0.9,1.58e-08,0.5,1.0,3.9,11.7,25.0,0.5,0.025,0.0125,5e-11,5e-11,2.11e-09,8.55e-09,5.54e-16,2.07e-17,1.4e-17,7.06e-07,1.09e-14,1.2800000000000001e-27,1.59e-06,5.47e-15,3.42e-09,0.53,0.52,6.56e-15,753000.0,25.3,0.67,0.52,1.2,2.27e-09,0.684,1.13e-15,3764099,0.0982,0.443,0.0982,2.92e-21,1.24,0.52,0.0,-10.2
4.0,2.0,1.58e-08,4e-08,2e-08,2.0,1.0,50.0,50.0,500.0,500.0,1.2,0.9,1.58e-08,0.5,1.0,3.9,11.7,25.0,0.5,0.025,0.0125,5e-11,5e-11,2.11e-09,8.55e-09,1.64e-16,1.73e-18,1.4e-17,2.16e-07,3.65e-15,1.2800000000000001e-27,1.96e-06,1.82e-15,3.42e-09,0.531,0.521,2.19e-15,612000.0,25.3,0.669,0.521,1.2,5.77e-10,0.684,3.03e-15,3764167,0.0982,0.11,0.0982,2.92e-21,1.24,0.521,0.0,-10.2
4.0,2.0,1.58e-08,2e-08,2e-08,2.0,1.0,50.0,50.0,500.0,500.0,1.2,0.9,1.58e-08,0.5,1.0,3.9,11.7,25.0,0.5,0.025,0.0125,5e-11,5e-11,2.11e-09,8.55e-09,1.64e-16,1.73e-18,1.4e-17,2.16e-07,3.65e-15,1.2800000000000001e-27,1.02e-06,1.82e-15,3.42e-09,0.531,0.521,2.19e-15,1170000.0,25.3,0.669,0.521,1.2,1.14e-09,0.684,2.4e-15,3764132,0.0982,0.211,0.0982,2.92e-21,1.24,0.521,0.0,-10.2
4.0,2.0,1.58e-08,4e-08,2e-08,2.0,2.0,50.0,50.0,500.0,500.0,1.2,0.9,1.58e-08,0.5,1.0,3.9,11.7,3.9,0.5,0.025,0.0125,5e-11,5e-11,4.47e-09,5e-09,3.7e-17,3.45e-18,1.4e-17,6.53e-08,4.13e-08,3.2199999999999997e-41,4.53e-06,2.06e-08,6.49e-09,0.479,0.418,2.48e-08,265000.0,25.3,0.718,0.421,1.2,0.00349,0.301,3.03e-15,3764139,0.272,0.0144,0.272,3.96e-20,2.19,0.418,0.0,-3.66
4.0,2.0,1.58e-08,4e-08,2e-08,2.0,1.0,50.0,50.0,500.0,500.0,1.2,0.9,1.58e-08,0.5,1.0,3.9,11.7,3.9,0.5,0.025,0.0125,5e-11,5e-11,4.47e-09,5e-09,1.85e-17,1.73e-18,1.4e-17,4.11e-08,2.06e-08,3.2199999999999997e-41,2.27e-06,1.03e-08,6.49e-09,0.479,0.418,1.24e-08,530000.0,25.3,0.718,0.421,1.2,0.00349,0.301,3.03e-15,3764095,0.272,0.0181,0.272,3.96e-20,2.19,0.418,0.0,-3.66
4.0,2.0,1.58e-08,2e-08,5e-09,2.0,1.0,50.0,50.0,500.0,500.0,1.2,0.9,1.58e-08,0.5,1.0,3.9,11.7,25.0,0.5,0.025,0.0125,5e-11,5e-11,4.47e-09,5e-09,1.02e-16,6.91e-18,1.4e-17,1.47e-07,3e-14,1.3999999999999999e-61,1.07e-06,1.5e-14,3.69e-09,0.521,0.509,1.8e-14,1120000.0,25.3,0.679,0.509,1.2,9.43e-09,0.645,1.45e-15,3764090,0.116,0.138,0.116,6.180000000000001e-21,1.3,0.509,0.0,-8.61
4.0,2.0,1.58e-08,1e-08,1e-08,2.0,1.0,50.0,50.0,500.0,500.0,1.2,0.9,1.58e-08,0.5,1.0,3.9,11.7,25.0,0.5,0.025,0.0125,5e-11,5e-11,4.47e-09,5e-09,8.81e-17,3.45e-18,1.4e-17,1.27e-07,3e-14,1.3999999999999999e-61,5.59e-07,1.5e-14,3.69e-09,0.52,0.507,1.8e-14,2150000.0,25.3,0.68,0.507,1.2,1.88e-08,0.645,1.45e-15,3764082,0.116,0.226,0.116,6.180000000000001e-21,1.3,0.507,0.0,-8.61
4.0,2.0,1.58e-08,2e-08,5e-09,2.0,3.0,50.0,50.0,500.0,500.0,1.2,0.9,1.58e-08,0.5,1.0,3.9,11.7,25.0,0.5,0.025,0.0125,5e-11,5e-11,4.47e-09,5e-09,3.06e-16,2.07e-17,1.4e-17,4.08e-07,9e-14,1.3999999999999999e-61,3.2e-06,4.5e-14,3.69e-09,0.521,0.509,5.4e-14,375000.0,25.3,0.679,0.509,1.2,9.43e-09,0.645,1.45e-15,3764143,0.116,0.127,0.116,6.180000000000001e-21,1.3,0.509,0.0,-8.61
4.0,2.0,1.58e-08,4e-08,1e-08,2.0,3.0,50.0,50.0,500.0,500.0,1.2,0.9,1.58e-08,0.5,1.0,3.9,11.7,25.0,0.5,0.025,0.0125,5e-11,5e-11,4.47e-09,5e-09,2.64e-16,1.04e-17,1.4e-17,3.46e-07,9e-14,1.3999999999999999e-61,6.06e-06,4.5e-14,3.69e-09,0.521,0.51,5.4e-14,198000.0,25.3,0.679,0.51,1.2,4.77e-09,0.645,2.4e-15,3764136,0.116,0.0572,0.116,6.180000000000001e-21,1.3,0.51,0.0,-8.61
4.0,2.0,1.58e-08,1e-08,2e-08,2.0,1.0,50.0,50.0,500.0,500.0,1.2,0.9,1.58e-08,0.5,1.0,3.9,11.7,25.0,0.5,0.025,0.0125,5e-11,5e-11,4.47e-09,5e-09,8.11e-17,1.73e-18,1.4e-17,1.16e-07,3e-14,1.3999999999999999e-61,5.59e-07,1.5e-14,3.69e-09,0.52,0.507,1.8e-14,2150000.0,25.3,0.68,0.507,1.2,1.88e-08,0.645,2.08e-15,3764112,0.116,0.208,0.116,6.180000000000001e-21,1.3,0.507,0.0,-8.61
4.0,2.0,1.58e-08,4e-08,5e-09,2.0,3.0,50.0,50.0,500.0,500.0,1.2,0.9,1.58e-08,0.5,1.0,3.9,11.7,25.0,0.5,0.025,0.0125,5e-11,5e-11,4.47e-09,5e-09,3.06e-16,2.07e-17,1.4e-17,4.08e-07,9e-14,1.3999999999999999e-61,6.07e-06,4.5e-14,3.69e-09,0.521,0.51,5.4e-14,198000.0,25.3,0.679,0.51,1.2,4.76e-09,0.645,2.08e-15,3764102,0.116,0.0673,0.116,6.180000000000001e-21,1.3,0.51,0.0,-8.61
4.0,2.0,1.58e-08,2e-08,1e-08,2.0,1.0,50.0,50.0,500.0,500.0,1.2,0.9,1.58e-08,0.5,1.0,3.9,11.7,25.0,0.5,0.025,0.0125,5e-11,5e-11,4.47e-09,5e-09,8.81e-17,3.45e-18,1.4e-17,1.27e-07,3e-14,1.3999999999999999e-61,1.07e-06,1.5e-14,3.69e-09,0.521,0.509,1.8e-14,1120000.0,25.3,0.679,0.509,1.2,9.44e-09,0.645,1.76e-15,3764076,0.116,0.119,0.116,6.180000000000001e-21,1.3,0.509,0.0,-8.61
4.0,2.0,1.58e-08,4e-08,1e-08,2.0,1.0,50.0,50.0,500.0,500.0,1.2,0.9,1.58e-08,0.5,1.0,3.9,11.7,25.0,0.5,0.025,0.0125,5e-11,5e-11,4.47e-09,5e-09,8.81e-17,3.45e-18,1.4e-17,1.27e-07,3e-14,1.3999999999999999e-61,2.02e-06,1.5e-14,3.69e-09,0.521,0.51,1.8e-14,594000.0,25.3,0.679,0.51,1.2,4.77e-09,0.645,2.4e-15,3764133,0.116,0.0627,0.116,6.180000000000001e-21,1.3,0.51,0.0,-8.61
4.0,2.0,1.58e-08,2e-08,1e-08,2.0,2.0,50.0,50.0,500.0,500.0,1.2,0.9,1.58e-08,0.5,1.0,3.9,11.7,25.0,0.5,0.025,0.0125,5e-11,5e-11,4.47e-09,5e-09,1.76e-16,6.91e-18,1.4e-17,2.36e-07,6e-14,1.3999999999999999e-61,2.13e-06,3e-14,3.69e-09,0.521,0.509,3.6e-14,562000.0,25.3,0.679,0.509,1.2,9.44e-09,0.645,1.76e-15,3764164,0.116,0.111,0.116,6.180000000000001e-21,1.3,0.509,0.0,-8.61
4.0,2.0,1.58e-08,1e-08,5e-09,2.0,1.0,50.0,50.0,500.0,500.0,1.2,0.9,1.58e-08,0.5,1.0,3.9,11.7,25.0,0.5,0.025,0.0125,5e-11,5e-11,4.47e-09,5e-09,1.02e-16,6.91e-18,1.4e-17,1.47e-07,3e-14,1.3999999999999999e-61,5.6e-07,1.5e-14,3.69e-09,0.52,0.507,1.8e-14,2140000.0,25.3,0.68,0.507,1.2,1.88e-08,0.645,1.13e-15,3764101,0.116,0.263,0.116,6.180000000000001e-21,1.3,0.507,0.0,-8.61
4.0,2.0,1.58e-08,2e-08,2e-08,2.0,1.0,50.0,50.0,500.0,500.0,1.2,0.9,1.58e-08,0.5,1.0,3.9,11.7,25.0,0.5,0.025,0.0125,5e-11,5e-11,4.47e-09,5e-09,8.11e-17,1.73e-18,1.4e-17,1.16e-07,3e-14,1.3999999999999999e-61,1.07e-06,1.5e-14,3.69e-09,0.521,0.509,1.8e-14,1130000.0,25.3,0.679,0.509,1.2,9.46e-09,0.645,2.4e-15,3764110,0.116,0.109,0.116,6.180000000000001e-21,1.3,0.509,0.0,-8.61
4.0,2.0,1.58e-08,1e-08,5e-09,2.0,3.0,50.0,50.0,500.0,500.0,1.2,0.9,1.58e-08,0.5,1.0,3.9,11.7,25.0,0.5,0.025,0.0125,5e-11,5e-11,4.47e-09,5e-09,3.06e-16,2.07e-17,1.4e-17,4.08e-07,9e-14,1.3999999999999999e-61,1.68e-06,4.5e-14,3.69e-09,0.52,0.507,5.4e-14,715000.0,25.3,0.68,0.507,1.2,1.88e-08,0.645,1.13e-15,3764171,0.116,0.243,0.116,6.180000000000001e-21,1.3,0.507,0.0,-8.61
4.0,2.0,1.58e-08,2e-08,1e-08,2.0,3.0,50.0,50.0,500.0,500.0,1.2,0.9,1.58e-08,0.5,1.0,3.9,11.7,25.0,0.5,0.025,0.0125,5e-11,5e-11,4.47e-09,5e-09,2.64e-16,1.04e-17,1.4e-17,3.46e-07,9e-14,1.3999999999999999e-61,3.2e-06,4.5e-14,3.69e-09,0.521,0.509,5.4e-14,375000.0,25.3,0.679,0.509,1.2,9.44e-09,0.645,1.76e-15,3764099,0.116,0.108,0.116,6.180000000000001e-21,1.3,0.509,0.0,-8.61
4.0,2.0,1.58e-08,2e-08,5e-09,2.0,2.0,50.0,50.0,500.0,500.0,1.2,0.9,1.58e-08,0.5,1.0,3.9,11.7,25.0,0.5,0.025,0.0125,5e-11,5e-11,4.47e-09,5e-09,2.04e-16,1.38e-17,1.4e-17,2.78e-07,6e-14,1.3999999999999999e-61,2.14e-06,3e-14,3.69e-09,0.521,0.509,3.6e-14,562000.0,25.3,0.679,0.509,1.2,9.43e-09,0.645,1.45e-15,3764114,0.116,0.13,0.116,6.180000000000001e-21,1.3,0.509,0.0,-8.61
4.0,2.0,1.58e-08,4e-08,2e-08,2.0,2.0,50.0,50.0,500.0,500.0,1.2,0.9,1.58e-08,0.5,1.0,3.9,11.7,25.0,0.5,0.025,0.0125,5e-11,5e-11,4.47e-09,5e-09,1.62e-16,3.45e-18,1.4e-17,2.16e-07,6e-14,1.3999999999999999e-61,4.02e-06,3e-14,3.69e-09,0.521,0.51,3.6e-14,298000.0,25.3,0.679,0.51,1.2,4.79e-09,0.645,3.03e-15,3764078,0.116,0.0536,0.116,6.180000000000001e-21,1.3,0.51,0.0,-8.61
4.0,2.0,1.58e-08,4e-08,1e-08,2.0,2.0,50.0,50.0,500.0,500.0,1.2,0.9,1.58e-08,0.5,1.0,3.9,11.7,25.0,0.5,0.025,0.0125,5e-11,5e-11,4.47e-09,5e-09,1.76e-16,6.91e-18,1.4e-17,2.36e-07,6e-14,1.3999999999999999e-61,4.04e-06,3e-14,3.69e-09,0.521,0.51,3.6e-14,297000.0,25.3,0.679,0.51,1.2,4.77e-09,0.645,2.4e-15,3764139,0.116,0.0586,0.116,6.180000000000001e-21,1.3,0.51,0.0,-8.61
4.0,2.0,1.58e-08,1e-08,5e-09,2.0,2.0,50.0,50.0,500.0,500.0,1.2,0.9,1.58e-08,0.5,1.0,3.9,11.7,25.0,0.5,0.025,0.0125,5e-11,5e-11,4.47e-09,5e-09,2.04e-16,1.38e-17,1.4e-17,2.78e-07,6e-14,1.3999999999999999e-61,1.12e-06,3e-14,3.69e-09,0.52,0.507,3.6e-14,1070000.0,25.3,0.68,0.507,1.2,1.88e-08,0.645,1.13e-15,3764170,0.116,0.248,0.116,6.180000000000001e-21,1.3,0.507,0.0,-8.61
4.0,2.0,1.58e-08,4e-08,2e-08,2.0,3.0,50.0,50.0,500.0,500.0,1.2,0.9,1.58e-08,0.5,1.0,3.9,11.7,25.0,0.5,0.025,0.0125,5e-11,5e-11,4.47e-09,5e-09,2.43e-16,5.18e-18,1.4e-17,3.15e-07,9e-14,1.3999999999999999e-61,6.04e-06,4.5e-14,3.69e-09,0.521,0.51,5.4e-14,199000.0,25.3,0.679,0.51,1.2,4.79e-09,0.645,3.03e-15,3764083,0.116,0.0522,0.116,6.180000000000001e-21,1.3,0.51,0.0,-8.61
4.0,2.0,1.58e-08,4e-08,5e-09,2.0,2.0,50.0,50.0,500.0,500.0,1.2,0.9,1.58e-08,0.5,1.0,3.9,11.7,25.0,0.5,0.025,0.0125,5e-11,5e-11,4.47e-09,5e-09,2.04e-16,1.38e-17,1.4e-17,2.78e-07,6e-14,1.3999999999999999e-61,4.05e-06,3e-14,3.69e-09,0.521,0.51,3.6e-14,297000.0,25.3,0.679,0.51,1.2,4.76e-09,0.645,2.08e-15,3764121,0.116,0.0687,0.116,6.180000000000001e-21,1.3,0.51,0.0,-8.61
4.0,2.0,1.58e-08,4e-08,2e-08,2.0,1.0,50.0,50.0,500.0,500.0,1.2,0.9,1.58e-08,0.5,1.0,3.9,11.7,25.0,0.5,0.025,0.0125,5e-11,5e-11,4.47e-09,5e-09,8.11e-17,1.73e-18,1.4e-17,1.16e-07,3e-14,1.3999999999999999e-61,2.01e-06,1.5e-14,3.69e-09,0.521,0.51,1.8e-14,597000.0,25.3,0.679,0.51,1.2,4.79e-09,0.645,3.03e-15,3764095,0.116,0.0578,0.116,6.180000000000001e-21,1.3,0.51,0.0,-8.61
4.0,2.0,1.58e-08,4e-08,5e-09,2.0,1.0,50.0,50.0,500.0,500.0,1.2,0.9,1.58e-08,0.5,1.0,3.9,11.7,25.0,0.5,0.025,0.0125,5e-11,5e-11,4.47e-09,5e-09,1.02e-16,6.91e-18,1.4e-17,1.47e-07,3e-14,1.3999999999999999e-61,2.02e-06,1.5e-14,3.69e-09,0.521,0.51,1.8e-14,593000.0,25.3,0.679,0.51,1.2,4.76e-09,0.645,2.08e-15,3764097,0.116,0.0728,0.116,6.180000000000001e-21,1.3,0.51,0.0,-8.61
4.0,2.0,2.81e-08,2e-08,2e-08,2.0,1.0,50.0,50.0,500.0,500.0,0.1,0.291,2.81e-08,0.5,1.0,3.9,11.7,3.9,0.5,0.025,0.0125,5e-11,5e-11,2.11e-09,5e-09,9.93e-17,5.46e-18,2.49e-17,1.3e-08,1.27e-09,2.83e-65,1.5e-08,6.36e-10,4.4e-09,0.0417,0.0274,6.36e-11,6660000.0,14.2,0.0574,0.0296,0.0991,0.00214,0.246,4.96e-15,3764084,0.0408,0.863,0.0408,1.87e-20,1.09,0.0274,0.0,-5.08
4.0,2.0,2.81e-08,4e-08,2e-08,2.0,1.0,50.0,50.0,500.0,500.0,0.1,0.291,2.81e-08,0.5,1.0,3.9,11.7,3.9,0.5,0.025,0.0125,5e-11,5e-11,2.11e-09,5e-09,9.93e-17,5.46e-18,2.49e-17,1.3e-08,1.27e-09,2.83e-65,1.56e-08,6.35e-10,4.4e-09,0.0418,0.0276,6.35e-11,6420000.0,14.2,0.0574,0.0296,0.0992,0.00201,0.246,6.08e-15,3764136,0.0408,0.833,0.0408,1.87e-20,1.09,0.0276,0.0,-5.15
4.0,2.0,2.81e-08,1e-08,2e-08,2.0,1.0,50.0,50.0,500.0,500.0,0.1,0.291,2.81e-08,0.5,1.0,3.9,11.7,3.9,0.5,0.025,0.0125,5e-11,5e-11,2.11e-09,5e-09,9.93e-17,5.46e-18,2.49e-17,1.3e-08,1.27e-09,2.83e-65,1.41e-08,6.37e-10,4.4e-09,0.0414,0.027,6.37e-11,7120000.0,14.2,0.0575,0.0295,0.0989,0.00241,0.246,4.39e-15,3764170,0.0408,0.923,0.0408,1.87e-20,1.09,0.027,0.0,-4.94
4.0,2.0,2.81e-08,1e-08,1e-08,2.0,1.0,50.0,50.0,500.0,500.0,0.1,0.424,2.81e-08,0.5,1.0,3.9,11.7,3.9,0.5,0.025,0.0125,5e-11,5e-11,2.11e-09,5e-09,1.21e-16,1.09e-17,2.49e-17,1.57e-08,1.24e-11,7.42e-25,2.06e-10,6.2e-12,4.4e-09,0.0417,0.0298,6.2e-13,484000000.0,14.2,0.0577,0.0312,0.0994,0.00135,0.379,3.27e-15,3764110,0.0408,76.0,0.0408,1.87e-20,1.09,0.0298,0.0,-5.38
4.0,2.0,2.81e-08,2e-08,1e-08,2.0,1.0,50.0,50.0,500.0,500.0,0.1,0.424,2.81e-08,0.5,1.0,3.9,11.7,3.9,0.5,0.025,0.0125,5e-11,5e-11,2.11e-09,5e-09,1.21e-16,1.09e-17,2.49e-17,1.57e-08,1.24e-11,7.42e-25,2.07e-10,6.2e-12,4.4e-09,0.0417,0.0298,6.2e-13,484000000.0,14.2,0.0577,0.0312,0.0994,0.00135,0.379,3.83e-15,3764082,0.0408,75.9,0.0408,1.87e-20,1.09,0.0298,0.0,-5.39
4.0,2.0,2.81e-08,1e-08,2e-08,2.0,1.0,50.0,50.0,500.0,500.0,0.1,0.424,2.81e-08,0.5,1.0,3.9,11.7,3.9,0.5,0.025,0.0125,5e-11,5e-11,2.11e-09,5e-09,9.93e-17,5.46e-18,2.49e-17,1.3e-08,1.24e-11,7.42e-25,2.06e-10,6.2e-12,4.4e-09,0.0417,0.0298,6.2e-13,484000000.0,14.2,0.0577,0.0312,0.0994,0.00135,0.379,4.39e-15,3764122,0.0408,62.8,0.0408,1.87e-20,1.09,0.0298,0.0,-5.38
4.0,2.0,2.81e-08,2e-08,2e-08,2.0,1.0,50.0,50.0,500.0,500.0,0.1,0.424,2.81e-08,0.5,1.0,3.9,11.7,3.9,0.5,0.025,0.0125,5e-11,5e-11,2.11e-09,5e-09,9.93e-17,5.46e-18,2.49e-17,1.3e-08,1.24e-11,7.42e-25,2.07e-10,6.2e-12,4.4e-09,0.0417,0.0298,6.2e-13,484000000.0,14.2,0.0577,0.0312,0.0994,0.00135,0.379,4.96e-15,3764088,0.0408,62.7,0.0408,1.87e-20,1.09,0.0298,0.0,-5.39
4.0,2.0,2.81e-08,1e-08,2e-08,2.0,1.0,50.0,50.0,500.0,500.0,0.1,0.424,2.81e-08,0.5,1.0,3.9,11.7,3.9,0.5,0.025,0.0125,5e-11,5e-11,4.47e-09,5e-09,5.85e-17,5.46e-18,2.49e-17,8.88e-09,9.13e-10,4.6100000000000003e-97,6.11e-09,4.56e-10,6.49e-09,0.0403,0.0211,4.56e-11,16400000.0,14.2,0.0579,0.026,0.0982,0.0049,0.3,4.39e-15,3764152,0.113,1.45,0.113,3.96e-20,1.29,0.0211,0.0,-3.23
4.0,2.0,2.81e-08,2e-08,2e-08,2.0,1.0,50.0,50.0,500.0,500.0,0.1,0.424,2.81e-08,0.5,1.0,3.9,11.7,3.9,0.5,0.025,0.0125,5e-11,5e-11,4.47e-09,5e-09,5.85e-17,5.46e-18,2.49e-17,8.88e-09,9.12e-10,4.6100000000000003e-97,6.27e-09,4.56e-10,6.49e-09,0.0404,0.0213,4.56e-11,15900000.0,14.2,0.0579,0.026,0.0983,0.00468,0.3,4.96e-15,3764175,0.113,1.42,0.113,3.96e-20,1.29,0.0213,0.0,-3.27
4.0,2.0,2.81e-08,4e-08,2e-08,2.0,1.0,50.0,50.0,500.0,500.0,0.1,0.424,2.81e-08,0.5,1.0,3.9,11.7,3.9,0.5,0.025,0.0125,5e-11,5e-11,4.47e-09,5e-09,5.85e-17,5.46e-18,2.49e-17,8.88e-09,9.12e-10,4.6100000000000003e-97,6.35e-09,4.56e-10,6.49e-09,0.0405,0.0215,4.56e-11,15700000.0,14.2,0.0579,0.026,0.0984,0.00457,0.3,6.08e-15,3764137,0.113,1.4,0.113,3.96e-20,1.29,0.0215,0.0,-3.29
4.0,2.0,2.81e-08,1e-08,2e-08,2.0,1.0,50.0,50.0,500.0,500.0,0.1,0.618,2.81e-08,0.5,1.0,3.9,11.7,3.9,0.5,0.025,0.0125,5e-11,5e-11,4.47e-09,5e-09,5.85e-17,5.46e-18,2.49e-17,8.88e-09,3.4e-12,1.02e-31,3.09e-11,1.7e-12,6.49e-09,0.0399,0.0248,1.7e-13,3230000000.0,14.2,0.0588,0.028,0.0987,0.00318,0.493,4.39e-15,3764126,0.113,287.0,0.113,3.96e-20,1.29,0.0248,0.0,-3.78
4.0,2.0,2.81e-08,1e-08,2e-08,2.0,2.0,50.0,50.0,500.0,500.0,0.1,0.618,2.81e-08,0.5,1.0,3.9,11.7,3.9,0.5,0.025,0.0125,5e-11,5e-11,4.47e-09,5e-09,1.17e-16,1.09e-17,2.49e-17,1.53e-08,6.8e-12,1.02e-31,6.19e-11,3.4e-12,6.49e-09,0.0399,0.0248,3.4e-13,1620000000.0,14.2,0.0588,0.028,0.0987,0.00318,0.493,4.39e-15,3764127,0.113,247.0,0.113,3.96e-20,1.29,0.0248,0.0,-3.78
4.0,2.0,2.81e-08,1e-08,5e-09,2.0,1.0,50.0,50.0,500.0,500.0,0.1,0.618,2.81e-08,0.5,1.0,3.9,11.7,25.0,0.5,0.025,0.0125,5e-11,5e-11,4.47e-09,5e-09,3.22e-16,2.18e-17,2.49e-17,3.69e-08,2.54e-15,1.96e-17,5.34e-14,1.28e-15,3.69e-09,0.0421,0.0315,1.28e-16,1870000000000.0,14.2,0.0574,0.0325,0.0995,0.00102,0.594,2.71e-15,3764083,0.0222,691000.0,0.0222,6.180000000000001e-21,1.05,0.0315,0.0,-6.48
4.0,2.0,2.81e-08,1e-08,1e-08,2.0,1.0,50.0,50.0,500.0,500.0,0.1,0.618,2.81e-08,0.5,1.0,3.9,11.7,25.0,0.5,0.025,0.0125,5e-11,5e-11,4.47e-09,5e-09,2.78e-16,1.09e-17,2.49e-17,3.14e-08,2.54e-15,1.96e-17,5.34e-14,1.28e-15,3.69e-09,0.0421,0.0315,1.28e-16,1870000000000.0,14.2,0.0574,0.0325,0.0995,0.00102,0.594,3.27e-15,3764100,0.0222,589000.0,0.0222,6.180000000000001e-21,1.05,0.0315,0.0,-6.48
4.0,2.0,2.81e-08,1e-08,2e-08,2.0,1.0,50.0,50.0,500.0,500.0,0.1,0.618,2.81e-08,0.5,1.0,3.9,11.7,25.0,0.5,0.025,0.0125,5e-11,5e-11,4.47e-09,5e-09,2.57e-16,5.46e-18,2.49e-17,2.87e-08,2.54e-15,1.96e-17,5.34e-14,1.28e-15,3.69e-09,0.0421,0.0315,1.28e-16,1870000000000.0,14.2,0.0574,0.0325,0.0995,0.00102,0.594,4.39e-15,3764168,0.0222,537000.0,0.0222,6.180000000000001e-21,1.05,0.0315,0.0,-6.48
4.0,2.0,2.81e-08,1e-08,1e-08,2.0,1.0,50.0,50.0,500.0,500.0,0.1,0.618,2.81e-08,0.5,1.0,3.9,11.7,25.0,0.5,0.025,0.0125,5e-11,5e-11,4.47e-09,8.55e-09,2.78e-16,1.09e-17,2.49e-17,3.14e-08,1.64e-14,2.41e-20,2.85e-13,8.22e-15,4.51e-09,0.0415,0.0302,8.22e-16,351000000000.0,14.2,0.0579,0.0316,0.0994,0.00133,0.569,3.27e-15,3764128,0.0441,110000.0,0.0441,6.180000000000001e-21,1.1,0.0302,0.0,-5.54
4.0,2.0,2.81e-08,1e-08,2e-08,2.0,1.0,50.0,50.0,500.0,500.0,0.1,0.618,2.81e-08,0.5,1.0,3.9,11.7,25.0,0.5,0.025,0.0125,5e-11,5e-11,4.47e-09,8.55e-09,2.57e-16,5.46e-18,2.49e-17,2.87e-08,1.64e-14,2.41e-20,2.85e-13,8.22e-15,4.51e-09,0.0415,0.0302,8.22e-16,351000000000.0,14.2,0.0579,0.0316,0.0994,0.00133,0.569,4.39e-15,3764112,0.0441,101000.0,0.0441,6.180000000000001e-21,1.1,0.0302,0.0,-5.54
4.0,2.0,2.81e-08,1e-08,5e-09,2.0,1.0,50.0,50.0,500.0,500.0,0.1,0.9,2.81e-08,0.5,1.0,3.9,11.7,25.0,0.5,0.025,0.0125,5e-11,5e-11,9.46e-09,8.55e-09,1.98e-16,2.18e-17,2.49e-17,2.45e-08,1.56e-14,8.58e-16,1.16e-13,8.21e-15,7.42e-09,0.0389,0.0228,8.21e-16,864000000000.0,14.2,0.0593,0.0271,0.0982,0.00428,0.738,2.71e-15,3764164,0.147,212000.0,0.147,1.31e-20,1.42,0.0228,0.0,-3.29
4.0,2.0,2.81e-08,1e-08,2e-08,2.0,1.0,50.0,50.0,500.0,500.0,0.1,0.9,2.81e-08,0.5,1.0,3.9,11.7,25.0,0.5,0.025,0.0125,5e-11,5e-11,9.46e-09,8.55e-09,1.33e-16,5.46e-18,2.49e-17,1.63e-08,1.56e-14,8.58e-16,1.16e-13,8.21e-15,7.42e-09,0.0389,0.0228,8.21e-16,864000000000.0,14.2,0.0593,0.0271,0.0982,0.00428,0.738,4.39e-15,3764122,0.147,141000.0,0.147,1.31e-20,1.42,0.0228,0.0,-3.29
4.0,2.0,2.81e-08,1e-08,1e-08,2.0,1.0,50.0,50.0,500.0,500.0,0.1,0.9,2.81e-08,0.5,1.0,3.9,11.7,25.0,0.5,0.025,0.0125,5e-11,5e-11,9.46e-09,8.55e-09,1.55e-16,1.09e-17,2.49e-17,1.91e-08,1.56e-14,8.58e-16,1.16e-13,8.21e-15,7.42e-09,0.0389,0.0228,8.21e-16,864000000000.0,14.2,0.0593,0.0271,0.0982,0.00428,0.738,3.27e-15,3764144,0.147,165000.0,0.147,1.31e-20,1.42,0.0228,0.0,-3.29
4.0,2.0,2.81e-08,1e-08,1e-08,2.0,1.0,50.0,50.0,500.0,500.0,0.1,0.9,2.81e-08,0.5,1.5,3.9,11.7,3.9,0.5,0.025,0.0125,5e-11,5e-11,9.46e-09,5e-09,7.62e-17,1.36e-17,2.49e-17,1.15e-08,1.97e-11,2.1200000000000002e-33,6.68e-11,9.85e-12,1.02e-08,0.025,0.0254,9.85e-13,1500000000.0,14.2,0.0677,0.0326,0.0927,0.00723,0.639,4.09e-15,3764094,0.237,172.0,0.237,8.37e-20,1.9,0.025,0.0,-2.16
4.0,2.0,2.81e-08,1e-08,2e-08,2.0,1.0,50.0,50.0,500.0,500.0,0.1,0.9,2.81e-08,0.5,1.5,3.9,11.7,3.9,0.5,0.025,0.0125,5e-11,5e-11,9.46e-09,5e-09,4.89e-17,6.82e-18,2.49e-17,8.07e-09,1.97e-11,2.1200000000000002e-33,6.68e-11,9.85e-12,1.02e-08,0.025,0.0254,9.85e-13,1500000000.0,14.2,0.0677,0.0326,0.0927,0.00723,0.639,5.49e-15,3764113,0.237,121.0,0.237,8.37e-20,1.9,0.025,0.0,-2.16
4.0,2.0,2.81e-08,2e-08,2e-08,2.0,1.0,50.0,50.0,500.0,500.0,0.186,0.424,2.81e-08,0.5,1.0,3.9,11.7,3.9,0.5,0.025,0.0125,5e-11,5e-11,2.11e-09,5e-09,9.93e-17,5.46e-18,2.49e-17,2.41e-08,1.42e-11,5.25e-46,3.6e-09,7.08e-12,4.4e-09,0.0826,0.0711,1.32e-12,51700000.0,14.2,0.103,0.0712,0.186,8.09e-05,0.376,4.96e-15,3764079,0.0408,6.7,0.0408,1.87e-20,1.09,0.0711,0.0,-11.5
4.0,2.0,2.81e-08,4e-08,2e-08,2.0,1.0,50.0,50.0,500.0,500.0,0.186,0.424,2.81e-08,0.5,1.0,3.9,11.7,3.9,0.5,0.025,0.0125,5e-11,5e-11,2.11e-09,5e-09,9.93e-17,5.46e-18,2.49e-17,2.41e-08,1.42e-11,5.25e-46,3.64e-09,7.08e-12,4.4e-09,0.0826,0.0712,1.32e-12,51200000.0,14.2,0.103,0.0712,0.186,7.97e-05,0.376,6.08e-15,3764103,0.0408,6.63,0.0408,1.87e-20,1.09,0.0712,0.0,-11.5
4.0,2.0,2.81e-08,1e-08,2e-08,2.0,1.0,50.0,50.0,500.0,500.0,0.186,0.424,2.81e-08,0.5,1.0,3.9,11.7,3.9,0.5,0.025,0.0125,5e-11,5e-11,2.11e-09,5e-09,9.93e-17,5.46e-18,2.49e-17,2.41e-08,1.42e-11,5.25e-46,3.53e-09,7.08e-12,4.4e-09,0.0826,0.0711,1.32e-12,52800000.0,14.2,0.103,0.0712,0.186,8.35e-05,0.376,4.39e-15,3764102,0.0408,6.84,0.0408,1.87e-20,1.09,0.0711,0.0,-11.5
4.0,2.0,2.81e-08,2e-08,2e-08,2.0,1.0,50.0,50.0,500.0,500.0,0.186,0.618,2.81e-08,0.5,1.0,3.9,11.7,3.9,0.5,0.025,0.0125,5e-11,5e-11,4.47e-09,5e-09,5.85e-17,5.46e-18,2.49e-17,1.65e-08,4.53e-12,9.369999999999999e-54,3.73e-10,2.27e-12,6.49e-09,0.0784,0.0644,4.22e-13,499000000.0,14.2,0.108,0.0647,0.186,0.000308,0.484,4.96e-15,3764112,0.113,44.3,0.113,3.96e-20,1.29,0.0644,0.0,-6.89
4.0,2.0,2.81e-08,1e-08,2e-08,2.0,1.0,50.0,50.0,500.0,500.0,0.186,0.618,2.81e-08,0.5,1.0,3.9,11.7,3.9,0.5,0.025,0.0125,5e-11,5e-11,4.47e-09,5e-09,5.85e-17,5.46e-18,2.49e-17,1.65e-08,4.53e-12,9.369999999999999e-54,3.72e-10,2.27e-12,6.49e-09,0.0784,0.0644,4.22e-13,500000000.0,14.2,0.108,0.0647,0.186,0.000309,0.484,4.39e-15,3764133,0.113,44.4,0.113,3.96e-20,1.29,0.0644,0.0,-6.89
4.0,2.0,2.81e-08,2e-08,2e-08,2.0,1.0,50.0,50.0,500.0,500.0,0.186,0.9,2.81e-08,0.5,1.0,3.9,11.7,3.9,0.5,0.025,0.0125,5e-11,5e-11,9.46e-09,5e-09,3.92e-17,5.46e-18,2.49e-17,1.29e-08,2.75e-11,2.84e-60,3.69e-10,1.37e-11,1.02e-08,0.0731,0.0502,2.56e-12,504000000.0,14.2,0.112,0.0529,0.185,0.0027,0.619,4.96e-15,3764149,0.237,35.0,0.237,8.37e-20,1.9,0.0502,0.0,-3.52
4.0,2.0,2.81e-08,1e-08,2e-08,2.0,1.0,50.0,50.0,500.0,500.0,0.186,0.9,2.81e-08,0.5,1.0,3.9,11.7,3.9,0.5,0.025,0.0125,5e-11,5e-11,9.46e-09,5e-09,3.92e-17,5.46e-18,2.49e-17,1.29e-08,2.75e-11,2.84e-60,3.69e-10,1.37e-11,1.02e-08,0.0731,0.0502,2.56e-12,505000000.0,14.2,0.112,0.0529,0.185,0.0027,0.619,4.39e-15,3764103,0.237,35.1,0.237,8.37e-20,1.9,0.0502,0.0,-3.52
4.0,2.0,2.81e-08,1e-08,5e-09,2.0,1.0,50.0,50.0,500.0,500.0,0.186,0.9,2.81e-08,0.5,1.0,3.9,11.7,25.0,0.5,0.025,0.0125,5e-11,5e-11,9.46e-09,5e-09,1.98e-16,2.18e-17,2.49e-17,4.56e-08,2.76e-15,4.99e-28,2.36e-13,1.38e-15,6.79e-09,0.0774,0.0644,2.57e-16,790000000000.0,14.2,0.109,0.0647,0.186,0.000317,0.753,2.71e-15,3764104,0.124,194000.0,0.124,1.31e-20,1.33,0.0644,0.0,-6.27
4.0,2.0,2.81e-08,1e-08,1e-08,2.0,1.0,50.0,50.0,500.0,500.0,0.186,0.9,2.81e-08,0.5,1.0,3.9,11.7,25.0,0.5,0.025,0.0125,5e-11,5e-11,9.46e-09,5e-09,1.55e-16,1.09e-17,2.49e-17,3.55e-08,2.76e-15,4.99e-28,2.36e-13,1.38e-15,6.79e-09,0.0774,0.0644,2.57e-16,790000000000.0,14.2,0.109,0.0647,0.186,0.000317,0.753,3.27e-15,3764112,0.124,150000.0,0.124,1.31e-20,1.33,0.0644,0.0,-6.27
4.0,2.0,2.81e-08,1e-08,2e-08,2.0,1.0,50.0,50.0,500.0,500.0,0.186,0.9,2.81e-08,0.5,1.0,3.9,11.7,25.0,0.5,0.025,0.0125,5e-11,5e-11,9.46e-09,5e-09,1.33e-16,5.46e-18,2.49e-17,3.04e-08,2.76e-15,4.99e-28,2.36e-13,1.38e-15,6.79e-09,0.0774,0.0644,2.57e-16,790000000000.0,14.2,0.109,0.0647,0.186,0.000317,0.753,4.39e-15,3764171,0.124,129000.0,0.124,1.31e-20,1.33,0.0644,0.0,-6.27
4.0,2.0,2.81e-08,1e-08,2e-08,2.0,1.0,50.0,50.0,500.0,500.0,0.186,0.9,2.81e-08,0.5,1.0,3.9,11.7,25.0,0.5,0.025,0.0125,5e-11,5e-11,9.46e-09,8.55e-09,1.33e-16,5.46e-18,2.49e-17,3.04e-08,2.18e-14,2.5e-33,1.31e-12,1.09e-14,7.42e-09,0.0761,0.0623,2.03e-15,142000000000.0,14.2,0.11,0.0628,0.186,0.000478,0.726,4.39e-15,3764088,0.147,23100.0,0.147,1.31e-20,1.42,0.0623,0.0,-5.63
4.0,2.0,2.81e-08,1e-08,5e-09,2.0,1.0,50.0,50.0,500.0,500.0,0.645,0.9,2.81e-08,0.5,1.0,3.9,11.7,3.9,0.5,0.025,0.0125,5e-11,5e-11,2.11e-09,5e-09,1.65e-16,2.18e-17,2.49e-17,1.36e-07,1.16e-18,1.45e-46,2.69e-09,5.78e-19,4.4e-09,0.298,0.29,3.73e-19,240000000.0,14.2,0.347,0.29,0.645,1.16e-11,0.833,2.71e-15,3764143,0.0408,50.7,0.0408,1.87e-20,1.09,0.29,0.0,-22.2
4.0,2.0,2.81e-08,1e-08,1e-08,2.0,1.0,50.0,50.0,500.0,500.0,0.645,0.9,2.81e-08,0.5,1.0,3.9,11.7,3.9,0.5,0.025,0.0125,5e-11,5e-11,2.11e-09,5e-09,1.21e-16,1.09e-17,2.49e-17,1.01e-07,1.16e-18,1.45e-46,2.69e-09,5.78e-19,4.4e-09,0.298,0.29,3.73e-19,240000000.0,14.2,0.347,0.29,0.645,1.16e-11,0.833,3.27e-15,3764108,0.0408,37.6,0.0408,1.87e-20,1.09,0.29,0.0,-22.2
4.0,2.0,2.81e-08,1e-08,2e-08,2.0,1.0,50.0,50.0,500.0,500.0,0.645,0.9,2.81e-08,0.5,1.0,3.9,11.7,3.9,0.5,0.025,0.0125,5e-11,5e-11,2.11e-09,5e-09,9.93e-17,5.46e-18,2.49e-17,8.36e-08,1.16e-18,1.45e-46,2.69e-09,5.78e-19,4.4e-09,0.298,0.29,3.73e-19,240000000.0,14.2,0.347,0.29,0.645,1.16e-11,0.833,4.39e-15,3764133,0.0408,31.1,0.0408,1.87e-20,1.09,0.29,0.0,-22.2
4.0,2.0,2.81e-08,1e-08,1e-08,2.0,2.0,50.0,50.0,500.0,500.0,0.645,0.9,2.81e-08,0.5,1.0,3.9,11.7,3.9,0.5,0.025,0.0125,5e-11,5e-11,2.11e-09,5e-09,2.42e-16,2.18e-17,2.49e-17,1.86e-07,2.31e-18,1.45e-46,5.38e-09,1.16e-18,4.4e-09,0.298,0.29,7.46e-19,120000000.0,14.2,0.347,0.29,0.645,1.16e-11,0.833,3.27e-15,3764158,0.0408,34.6,0.0408,1.87e-20,1.09,0.29,0.0,-22.2
4.0,2.0,2.81e-08,2e-08,1e-08,2.0,2.0,50.0,50.0,500.0,500.0,0.645,0.9,2.81e-08,0.5,1.0,3.9,11.7,3.9,0.5,0.025,0.0125,5e-11,5e-11,2.11e-09,5e-09,2.42e-16,2.18e-17,2.49e-17,1.86e-07,2.31e-18,1.45e-46,5.47e-09,1.16e-18,4.4e-09,0.298,0.29,7.46e-19,118000000.0,14.2,0.347,0.29,0.645,1.14e-11,0.833,3.83e-15,3764091,0.0408,34.1,0.0408,1.87e-20,1.09,0.29,0.0,-22.2
4.0,2.0,2.81e-08,2e-08,1e-08,2.0,1.0,50.0,50.0,500.0,500.0,0.645,0.9,2.81e-08,0.5,1.0,3.9,11.7,3.9,0.5,0.025,0.0125,5e-11,5e-11,2.11e-09,5e-09,1.21e-16,1.09e-17,2.49e-17,1.01e-07,1.16e-18,1.45e-46,2.73e-09,5.78e-19,4.4e-09,0.298,0.29,3.73e-19,236000000.0,14.2,0.347,0.29,0.645,1.14e-11,0.833,3.83e-15,3764152,0.0408,37.0,0.0408,1.87e-20,1.09,0.29,0.0,-22.2
4.0,2.0,2.81e-08,2e-08,2e-08,2.0,1.0,50.0,50.0,500.0,500.0,0.645,0.9,2.81e-08,0.5,1.0,3.9,11.7,3.9,0.5,0.025,0.0125,5e-11,5e-11,2.11e-09,5e-09,9.93e-17,5.46e-18,2.49e-17,8.36e-08,1.16e-18,1.45e-46,2.73e-09,5.78e-19,4.4e-09,0.298,0.29,3.73e-19,236000000.0,14.2,0.347,0.29,0.645,1.14e-11,0.833,4.96e-15,3764097,0.0408,30.6,0.0408,1.87e-20,1.09,0.29,0.0,-22.2
4.0,2.0,2.81e-08,2e-08,2e-08,2.0,2.0,50.0,50.0,500.0,500.0,0.645,0.9,2.81e-08,0.5,1.0,3.9,11.7,3.9,0.5,0.025,0.0125,5e-11,5e-11,2.11e-09,5e-09,1.99e-16,1.09e-17,2.49e-17,1.51e-07,2.31e-18,1.45e-46,5.47e-09,1.16e-18,4.4e-09,0.298,0.29,7.46e-19,118000000.0,14.2,0.347,0.29,0.645,1.14e-11,0.833,4.96e-15,3764161,0.0408,27.6,0.0408,1.87e-20,1.09,0.29,0.0,-22.2
4.0,2.0,2.81e-08,1e-08,2e-08,2.0,2.0,50.0,50.0,500.0,500.0,0.645,0.9,2.81e-08,0.5,1.0,3.9,11.7,3.9,0.5,0.025,0.0125,5e-11,5e-11,2.11e-09,5e-09,1.99e-16,1.09e-17,2.49e-17,1.51e-07,2.31e-18,1.45e-46,5.38e-09,1.16e-18,4.4e-09,0.298,0.29,7.46e-19,120000000.0,14.2,0.347,0.29,0.645,1.16e-11,0.833,4.39e-15,3764125,0.0408,28.1,0.0408,1.87e-20,1.09,0.29,0.0,-22.2
4.0,2.0,2.81e-08,4e-08,2e-08,2.0,2.0,50.0,50.0,500.0,500.0,0.645,0.9,2.81e-08,0.5,1.0,3.9,11.7,3.9,0.5,0.025,0.0125,5e-11,5e-11,2.11e-09,5e-09,1.99e-16,1.09e-17,2.49e-17,1.51e-07,2.31e-18,1.45e-46,5.51e-09,1.16e-18,4.4e-09,0.298,0.29,7.46e-19,117000000.0,14.2,0.347,0.29,0.645,1.13e-11,0.833,6.08e-15,3764088,0.0408,27.4,0.0408,1.87e-20,1.09,0.29,0.0,-22.2
4.0,2.0,2.81e-08,4e-08,2e-08,2.0,1.0,50.0,50.0,500.0,500.0,0.645,0.9,2.81e-08,0.5,1.0,3.9,11.7,3.9,0.5,0.025,0.0125,5e-11,5e-11,2.11e-09,5e-09,9.93e-17,5.46e-18,2.49e-17,8.36e-08,1.16e-18,1.45e-46,2.76e-09,5.78e-19,4.4e-09,0.298,0.29,3.73e-19,234000000.0,14.2,0.347,0.29,0.645,1.13e-11,0.833,6.08e-15,3764092,0.0408,30.3,0.0408,1.87e-20,1.09,0.29,0.0,-22.2
4.0,2.0,2.81e-08,2e-08,1e-08,2.0,1.0,50.0,50.0,500.0,500.0,0.645,0.9,2.81e-08,0.5,1.0,3.9,11.7,25.0,0.5,0.025,0.0125,5e-11,5e-11,2.11e-09,5e-09,5.4e-16,1.09e-17,2.49e-17,3.71e-07,8.720000000000001e-21,5.25e-30,2.85e-10,4.3600000000000006e-21,2.38e-09,0.308,0.3,2.8100000000000003e-21,2260000000.0,14.2,0.337,0.3,0.645,0.0,0.895,3.83e-15,3764161,0.00274,1300.0,0.00274,2.92e-21,1.01,0.3,0.0,-30.7
4.0,2.0,2.81e-08,1e-08,2e-08,2.0,1.0,50.0,50.0,500.0,500.0,0.645,0.9,2.81e-08,0.5,1.0,3.9,11.7,25.0,0.5,0.025,0.0125,5e-11,5e-11,2.11e-09,5e-09,5.18e-16,5.46e-18,2.49e-17,3.54e-07,8.720000000000001e-21,5.25e-30,2.84e-10,4.3600000000000006e-21,2.38e-09,0.308,0.3,2.8100000000000003e-21,2270000000.0,14.2,0.337,0.3,0.645,0.0,0.895,4.39e-15,3764112,0.00274,1240.0,0.00274,2.92e-21,1.01,0.3,0.0,-30.7
4.0,2.0,2.81e-08,1e-08,5e-09,2.0,1.0,50.0,50.0,500.0,500.0,0.645,0.9,2.81e-08,0.5,1.0,3.9,11.7,25.0,0.5,0.025,0.0125,5e-11,5e-11,2.11e-09,5e-09,5.84e-16,2.18e-17,2.49e-17,4.07e-07,8.740000000000001e-21,5.25e-30,2.84e-10,4.3700000000000005e-21,2.38e-09,0.308,0.3,2.82e-21,2270000000.0,14.2,0.337,0.3,0.645,0.0,0.895,2.71e-15,3764079,0.00274,1430.0,0.00274,2.92e-21,1.01,0.3,0.0,-30.7
4.0,2.0,2.81e-08,1e-08,1e-08,2.0,1.0,50.0,50.0,500.0,500.0,0.645,0.9,2.81e-08,0.5,1.0,3.9,11.7,25.0,0.5,0.025,0.0125,5e-11,5e-11,2.11e-09,5e-09,5.4e-16,1.09e-17,2.49e-17,3.71e-07,8.73e-21,5.25e-30,2.84e-10,4.3700000000000005e-21,2.38e-09,0.308,0.3,2.8100000000000003e-21,2270000000.0,14.2,0.337,0.3,0.645,0.0,0.895,3.27e-15,3764097,0.00274,1310.0,0.00274,2.92e-21,1.01,0.3,0.0,-30.7
4.0,2.0,2.81e-08,1e-08,5e-09,2.0,1.0,50.0,50.0,500.0,500.0,0.645,0.9,2.81e-08,0.5,1.0,3.9,11.7,25.0,0.5,0.025,0.0125,5e-11,5e-11,2.11e-09,8.55e-09,5.84e-16,2.18e-17,2.49e-17,4.07e-07,5.3e-20,6.2e-35,7.31e-10,2.65e-20,3.42e-09,0.305,0.295,1.71e-20,883000000.0,14.2,0.34,0.295,0.645,0.0,0.873,2.71e-15,3764163,0.0164,556.0,0.0164,2.92e-21,1.03,0.295,0.0,-29.6
4.0,2.0,2.81e-08,1e-08,2e-08,2.0,1.0,50.0,50.0,500.0,500.0,0.645,0.9,2.81e-08,0.5,1.0,3.9,11.7,25.0,0.5,0.025,0.0125,5e-11,5e-11,2.11e-09,8.55e-09,5.18e-16,5.46e-18,2.49e-17,3.54e-07,5.3e-20,6.2e-35,7.31e-10,2.65e-20,3.42e-09,0.305,0.295,1.71e-20,883000000.0,14.2,0.34,0.295,0.645,0.0,0.873,4.39e-15,3764153,0.0164,484.0,0.0164,2.92e-21,1.03,0.295,0.0,-29.6
4.0,2.0,2.81e-08,1e-08,1e-08,2.0,1.0,50.0,50.0,500.0,500.0,0.645,0.9,2.81e-08,0.5,1.0,3.9,11.7,25.0,0.5,0.025,0.0125,5e-11,5e-11,2.11e-09,8.55e-09,5.4e-16,1.09e-17,2.49e-17,3.71e-07,5.3e-20,6.2e-35,7.31e-10,2.65e-20,3.42e-09,0.305,0.295,1.71e-20,883000000.0,14.2,0.34,0.295,0.645,0.0,0.873,3.27e-15,3764101,0.0164,508.0,0.0164,2.92e-21,1.03,0.295,0.0,-29.6
4.0,2.0,2.81e-08,2e-08,1e-08,2.0,1.0,50.0,50.0,500.0,500.0,0.645,0.9,2.81e-08,0.5,1.0,3.9,11.7,25.0,0.5,0.025,0.0125,5e-11,5e-11,2.11e-09,8.55e-09,5.4e-16,1.09e-17,2.49e-17,3.71e-07,5.23e-20,6.2e-35,7.34e-10,2.62e-20,3.42e-09,0.305,0.295,1.69e-20,878000000.0,14.2,0.34,0.295,0.645,0.0,0.873,3.83e-15,3764094,0.0164,506.0,0.0164,2.92e-21,1.03,0.295,0.0,-29.6
4.0,2.0,2.81e-08,4e-08,1e-08,2.0,1.0,50.0,50.0,500.0,500.0,0.645,0.9,2.81e-08,0.5,1.0,3.9,11.7,25.0,0.5,0.025,0.0125,5e-11,5e-11,2.11e-09,8.55e-09,5.4e-16,1.09e-17,2.49e-17,3.71e-07,5.22e-20,6.2e-35,7.36e-10,2.61e-20,3.42e-09,0.305,0.295,1.68e-20,876000000.0,14.2,0.34,0.295,0.645,0.0,0.873,4.96e-15,3764175,0.0164,505.0,0.0164,2.92e-21,1.03,0.295,0.0,-29.6
4.0,2.0,2.81e-08,2e-08,5e-09,2.0,1.0,50.0,50.0,500.0,500.0,0.645,0.9,2.81e-08,0.5,1.0,3.9,11.7,25.0,0.5,0.025,0.0125,5e-11,5e-11,2.11e-09,8.55e-09,5.84e-16,2.18e-17,2.49e-17,4.07e-07,5.24e-20,6.2e-35,7.34e-10,2.62e-20,3.42e-09,0.305,0.295,1.69e-20,878000000.0,14.2,0.34,0.295,0.645,0.0,0.873,3.27e-15,3764085,0.0164,554.0,0.0164,2.92e-21,1.03,0.295,0.0,-29.6
4.0,2.0,2.81e-08,4e-08,2e-08,2.0,1.0,50.0,50.0,500.0,500.0,0.645,0.9,2.81e-08,0.5,1.0,3.9,11.7,25.0,0.5,0.025,0.0125,5e-11,5e-11,2.11e-09,8.55e-09,5.18e-16,5.46e-18,2.49e-17,3.54e-07,5.2e-20,6.2e-35,7.36e-10,2.6e-20,3.42e-09,0.305,0.295,1.68e-20,876000000.0,14.2,0.34,0.295,0.645,0.0,0.873,6.08e-15,3764173,0.0164,481.0,0.0164,2.92e-21,1.03,0.295,0.0,-29.6
4.0,2.0,2.81e-08,2e-08,2e-08,2.0,1.0,50.0,50.0,500.0,500.0,0.645,0.9,2.81e-08,0.5,1.0,3.9,11.7,25.0,0.5,0.025,0.0125,5e-11,5e-11,2.11e-09,8.55e-09,5.18e-16,5.46e-18,2.49e-17,3.54e-07,5.35e-20,6.2e-35,7.34e-10,2.67e-20,3.42e-09,0.305,0.295,1.72e-20,878000000.0,14.2,0.34,0.295,0.645,0.0,0.873,4.96e-15,3764114,0.0164,482.0,0.0164,2.92e-21,1.03,0.295,0.0,-29.6
4.0,2.0,2.81e-08,4e-08,2e-08,2.0,1.0,50.0,50.0,500.0,500.0,0.645,0.9,2.81e-08,0.5,1.0,3.9,11.7,3.9,0.5,0.025,0.0125,5e-11,5e-11,4.47e-09,5e-09,5.85e-17,5.46e-18,2.49e-17,5.73e-08,4.55e-15,0.0,4.73e-08,2.27e-15,6.49e-09,0.278,0.265,1.47e-15,13600000.0,14.2,0.367,0.265,0.645,4.04e-09,0.714,6.08e-15,3764154,0.113,1.21,0.113,3.96e-20,1.29,0.265,0.0,-8.76
4.0,2.0,2.81e-08,2e-08,2e-08,2.0,1.0,50.0,50.0,500.0,500.0,0.645,0.9,2.81e-08,0.5,1.0,3.9,11.7,3.9,0.5,0.025,0.0125,5e-11,5e-11,4.47e-09,5e-09,5.85e-17,5.46e-18,2.49e-17,5.73e-08,4.55e-15,0.0,4.33e-08,2.27e-15,6.49e-09,0.278,0.265,1.47e-15,14900000.0,14.2,0.367,0.265,0.645,4.45e-09,0.714,4.96e-15,3764090,0.113,1.32,0.113,3.96e-20,1.29,0.265,0.0,-8.76
4.0,2.0,2.81e-08,1e-08,2e-08,2.0,1.0,50.0,50.0,500.0,500.0,0.645,0.9,2.81e-08,0.5,1.0,3.9,11.7,3.9,0.5,0.025,0.0125,5e-11,5e-11,4.47e-09,5e-09,5.85e-17,5.46e-18,2.49e-17,5.73e-08,4.55e-15,0.0,3.75e-08,2.27e-15,6.49e-09,0.278,0.265,1.47e-15,17200000.0,14.2,0.367,0.265,0.645,5.27e-09,0.714,4.39e-15,3764105,0.113,1.53,0.113,3.96e-20,1.29,0.265,0.0,-8.76
4.0,2.0,2.81e-08,1e-08,5e-09,2.0,3.0,50.0,50.0,500.0,500.0,0.645,0.9,2.81e-08,0.5,1.0,3.9,11.7,25.0,0.5,0.025,0.0125,5e-11,5e-11,4.47e-09,5e-09,9.66e-16,6.55e-17,2.49e-17,6.81e-07,3.33e-19,1.26e-85,3.16e-09,1.67e-19,3.69e-09,0.305,0.293,1.07e-19,204000000.0,14.2,0.34,0.293,0.645,0.0,0.863,2.71e-15,3764081,0.0222,216.0,0.0222,6.180000000000001e-21,1.05,0.293,0.0,-28.5
4.0,2.0,2.81e-08,1e-08,1e-08,2.0,2.0,50.0,50.0,500.0,500.0,0.645,0.9,2.81e-08,0.5,1.0,3.9,11.7,25.0,0.5,0.025,0.0125,5e-11,5e-11,4.47e-09,5e-09,5.57e-16,2.18e-17,2.49e-17,3.89e-07,2.22e-19,1.26e-85,2.1e-09,1.11e-19,3.69e-09,0.305,0.293,7.16e-20,306000000.0,14.2,0.34,0.293,0.645,0.0,0.863,3.27e-15,3764159,0.0222,185.0,0.0222,6.180000000000001e-21,1.05,0.293,0.0,-28.5
4.0,2.0,2.81e-08,1e-08,5e-09,2.0,2.0,50.0,50.0,500.0,500.0,0.645,0.9,2.81e-08,0.5,1.0,3.9,11.7,25.0,0.5,0.025,0.0125,5e-11,5e-11,4.47e-09,5e-09,6.44e-16,4.37e-17,2.49e-17,4.6e-07,2.22e-19,1.26e-85,2.1e-09,1.11e-19,3.69e-09,0.305,0.293,7.16e-20,306000000.0,14.2,0.34,0.293,0.645,0.0,0.863,2.71e-15,3764115,0.0222,218.0,0.0222,6.180000000000001e-21,1.05,0.293,0.0,-28.5
4.0,2.0,2.81e-08,2e-08,1e-08,2.0,3.0,50.0,50.0,500.0,500.0,0.645,0.9,2.81e-08,0.5,1.0,3.9,11.7,25.0,0.5,0.025,0.0125,5e-11,5e-11,4.47e-09,5e-09,8.35e-16,3.28e-17,2.49e-17,5.76e-07,3.33e-19,1.26e-85,3.18e-09,1.66e-19,3.69e-09,0.305,0.293,1.07e-19,203000000.0,14.2,0.34,0.293,0.645,0.0,0.863,3.83e-15,3764089,0.0222,181.0,0.0222,6.180000000000001e-21,1.05,0.293,0.0,-28.5
4.0,2.0,2.81e-08,1e-08,2e-08,2.0,1.0,50.0,50.0,500.0,500.0,0.645,0.9,2.81e-08,0.5,1.0,3.9,11.7,25.0,0.5,0.025,0.0125,5e-11,5e-11,4.47e-09,5e-09,2.57e-16,5.46e-18,2.49e-17,1.85e-07,1.11e-19,1.26e-85,1.05e-09,5.55e-20,3.69e-09,0.305,0.293,3.58e-20,613000000.0,14.2,0.34,0.293,0.645,0.0,0.863,4.39e-15,3764083,0.0222,176.0,0.0222,6.180000000000001e-21,1.05,0.293,0.0,-28.5
4.0,2.0,2.81e-08,1e-08,5e-09,2.0,1.0,50.0,50.0,500.0,500.0,0.645,0.9,2.81e-08,0.5,1.0,3.9,11.7,25.0,0.5,0.025,0.0125,5e-11,5e-11,4.47e-09,5e-09,3.22e-16,2.18e-17,2.49e-17,2.38e-07,1.11e-19,1.26e-85,1.05e-09,5.55e-20,3.69e-09,0.305,0.293,3.58e-20,613000000.0,14.2,0.34,0.293,0.645,0.0,0.863,2.71e-15,3764100,0.0222,226.0,0.0222,6.180000000000001e-21,1.05,0.293,0.0,-28.5
4.0,2.0,2.81e-08,1e-08,2e-08,2.0,2.0,50.0,50.0,500.0,500.0,0.645,0.9,2.81e-08,0.5,1.0,3.9,11.7,25.0,0.5,0.025,0.0125,5e-11,5e-11,4.47e-09,5e-09,5.13e-16,1.09e-17,2.49e-17,3.54e-07,2.22e-19,1.26e-85,2.1e-09,1.11e-19,3.69e-09,0.305,0.293,7.15e-20,306000000.0,14.2,0.34,0.293,0.645,0.0,0.863,4.39e-15,3764162,0.0222,168.0,0.0222,6.180000000000001e-21,1.05,0.293,0.0,-28.5
4.0,2.0,2.81e-08,1e-08,2e-08,2.0,3.0,50.0,50.0,500.0,500.0,0.645,0.9,2.81e-08,0.5,1.0,3.9,11.7,25.0,0.5,0.025,0.0125,5e-11,5e-11,4.47e-09,5e-09,7.7e-16,1.64e-17,2.49e-17,5.23e-07,3.33e-19,1.26e-85,3.16e-09,1.66e-19,3.69e-09,0.305,0.293,1.07e-19,204000000.0,14.2,0.34,0.293,0.645,0.0,0.863,4.39e-15,3764104,0.0222,166.0,0.0222,6.180000000000001e-21,1.05,0.293,0.0,-28.5
4.0,2.0,2.81e-08,2e-08,2e-08,2.0,2.0,50.0,50.0,500.0,500.0,0.645,0.9,2.81e-08,0.5,1.0,3.9,11.7,25.0,0.5,0.025,0.0125,5e-11,5e-11,4.47e-09,5e-09,5.13e-16,1.09e-17,2.49e-17,3.54e-07,2.21e-19,1.26e-85,2.12e-09,1.11e-19,3.69e-09,0.305,0.293,7.14e-20,304000000.0,14.2,0.34,0.293,0.645,0.0,0.863,4.96e-15,3764121,0.0222,167.0,0.0222,6.180000000000001e-21,1.05,0.293,0.0,-28.5
4.0,2.0,2.81e-08,2e-08,2e-08,2.0,1.0,50.0,50.0,500.0,500.0,0.645,0.9,2.81e-08,0.5,1.0,3.9,11.7,25.0,0.5,0.025,0.0125,5e-11,5e-11,4.47e-09,5e-09,2.57e-16,5.46e-18,2.49e-17,1.85e-07,1.11e-19,1.26e-85,1.06e-09,5.53e-20,3.69e-09,0.305,0.293,3.57e-20,609000000.0,14.2,0.34,0.293,0.645,0.0,0.863,4.96e-15,3764105,0.0222,175.0,0.0222,6.180000000000001e-21,1.05,0.293,0.0,-28.5
4.0,2.0,2.81e-08,1e-08,1e-08,2.0,3.0,50.0,50.0,500.0,500.0,0.645,0.9,2.81e-08,0.5,1.0,3.9,11.7,25.0,0.5,0.025,0.0125,5e-11,5e-11,4.47e-09,5e-09,8.35e-16,3.28e-17,2.49e-17,5.76e-07,3.33e-19,1.26e-85,3.16e-09,1.67e-19,3.69e-09,0.305,0.293,1.07e-19,204000000.0,14.2,0.34,0.293,0.645,0.0,0.863,3.27e-15,3764117,0.0222,182.0,0.0222,6.180000000000001e-21,1.05,0.293,0.0,-28.5
4.0,2.0,2.81e-08,2e-08,1e-08,2.0,2.0,50.0,50.0,500.0,500.0,0.645,0.9,2.81e-08,0.5,1.0,3.9,11.7,25.0,0.5,0.025,0.0125,5e-11,5e-11,4.47e-09,5e-09,5.57e-16,2.18e-17,2.49e-17,3.89e-07,2.22e-19,1.26e-85,2.12e-09,1.11e-19,3.69e-09,0.305,0.293,7.15e-20,304000000.0,14.2,0.34,0.293,0.645,0.0,0.863,3.83e-15,3764090,0.0222,184.0,0.0222,6.180000000000001e-21,1.05,0.293,0.0,-28.5
4.0,2.0,2.81e-08,4e-08,2e-08,2.0,1.0,50.0,50.0,500.0,500.0,0.645,0.9,2.81e-08,0.5,1.0,3.9,11.7,25.0,0.5,0.025,0.0125,5e-11,5e-11,4.47e-09,5e-09,2.57e-16,5.46e-18,2.49e-17,1.85e-07,1.11e-19,1.26e-85,1.06e-09,5.57e-20,3.69e-09,0.305,0.293,3.59e-20,607000000.0,14.2,0.34,0.293,0.645,0.0,0.863,6.08e-15,3764108,0.0222,174.0,0.0222,6.180000000000001e-21,1.05,0.293,0.0,-28.5
4.0,2.0,2.81e-08,2e-08,1e-08,2.0,1.0,50.0,50.0,500.0,500.0,0.645,0.9,2.81e-08,0.5,1.0,3.9,11.7,25.0,0.5,0.025,0.0125,5e-11,5e-11,4.47e-09,5e-09,2.78e-16,1.09e-17,2.49e-17,2.03e-07,1.11e-19,1.26e-85,1.06e-09,5.54e-20,3.69e-09,0.305,0.293,3.57e-20,609000000.0,14.2,0.34,0.293,0.645,0.0,0.863,3.83e-15,3764154,0.0222,191.0,0.0222,6.180000000000001e-21,1.05,0.293,0.0,-28.5
4.0,2.0,2.81e-08,1e-08,1e-08,2.0,1.0,50.0,50.0,500.0,500.0,0.645,0.9,2.81e-08,0.5,1.0,3.9,11.7,25.0,0.5,0.025,0.0125,5e-11,5e-11,4.47e-09,5e-09,2.78e-16,1.09e-17,2.49e-17,2.03e-07,1.11e-19,1.26e-85,1.05e-09,5.55e-20,3.69e-09,0.305,0.293,3.58e-20,613000000.0,14.2,0.34,0.293,0.645,0.0,0.863,3.27e-15,3764155,0.0222,193.0,0.0222,6.180000000000001e-21,1.05,0.293,0.0,-28.5
4.0,2.0,2.81e-08,2e-08,2e-08,2.0,3.0,50.0,50.0,500.0,500.0,0.645,0.9,2.81e-08,0.5,1.0,3.9,11.7,25.0,0.5,0.025,0.0125,5e-11,5e-11,4.47e-09,5e-09,7.7e-16,1.64e-17,2.49e-17,5.23e-07,3.32e-19,1.26e-85,3.18e-09,1.66e-19,3.69e-09,0.305,0.293,1.07e-19,203000000.0,14.2,0.34,0.293,0.645,0.0,0.863,4.96e-15,3764138,0.0222,165.0,0.0222,6.180000000000001e-21,1.05,0.293,0.0,-28.5
4.0,2.0,2.81e-08,4e-08,2e-08,2.0,1.0,50.0,50.0,500.0,500.0,1.2,0.618,2.81e-08,0.5,1.0,3.9,11.7,3.9,0.5,0.025,0.0125,5e-11,5e-11,2.11e-09,5e-09,9.93e-17,5.46e-18,2.49e-17,1.56e-07,6.41e-14,6.0600000000000006e-21,3.71e-06,3.21e-14,4.4e-09,0.565,0.527,3.85e-14,323000.0,14.2,0.635,0.527,1.2,5.88e-09,0.528,6.08e-15,3764096,0.0408,0.0419,0.0408,1.87e-20,1.09,0.527,0.0,-23.8
4.0,2.0,2.81e-08,4e-08,1e-08,2.0,2.0,50.0,50.0,500.0,500.0,1.2,0.618,2.81e-08,0.5,1.0,3.9,11.7,3.9,0.5,0.025,0.0125,5e-11,5e-11,2.11e-09,5e-09,2.42e-16,2.18e-17,2.49e-17,3.47e-07,1.28e-13,6.0600000000000006e-21,7.45e-06,6.41e-14,4.4e-09,0.565,0.527,7.69e-14,161000.0,14.2,0.635,0.527,1.2,5.86e-09,0.528,4.96e-15,3764076,0.0408,0.0466,0.0408,1.87e-20,1.09,0.527,0.0,-23.8
4.0,2.0,2.81e-08,4e-08,2e-08,2.0,2.0,50.0,50.0,500.0,500.0,1.2,0.618,2.81e-08,0.5,1.0,3.9,11.7,3.9,0.5,0.025,0.0125,5e-11,5e-11,2.11e-09,5e-09,1.99e-16,1.09e-17,2.49e-17,2.81e-07,1.28e-13,6.0600000000000006e-21,7.42e-06,6.41e-14,4.4e-09,0.565,0.527,7.69e-14,162000.0,14.2,0.635,0.527,1.2,5.88e-09,0.528,6.08e-15,3764106,0.0408,0.0379,0.0408,1.87e-20,1.09,0.527,0.0,-23.8
4.0,2.0,2.81e-08,4e-08,2e-08,2.0,3.0,50.0,50.0,500.0,500.0,1.2,0.618,2.81e-08,0.5,1.0,3.9,11.7,3.9,0.5,0.025,0.0125,5e-11,5e-11,2.11e-09,5e-09,2.98e-16,1.64e-17,2.49e-17,4.07e-07,1.92e-13,6.0600000000000006e-21,1.11e-05,9.62e-14,4.4e-09,0.565,0.527,1.15e-13,108000.0,14.2,0.635,0.527,1.2,5.88e-09,0.528,6.08e-15,3764113,0.0408,0.0366,0.0408,1.87e-20,1.09,0.527,0.0,-23.8
4.0,2.0,2.81e-08,4e-08,1e-08,2.0,3.0,50.0,50.0,500.0,500.0,1.2,0.618,2.81e-08,0.5,1.0,3.9,11.7,3.9,0.5,0.025,0.0125,5e-11,5e-11,2.11e-09,5e-09,3.63e-16,3.28e-17,2.49e-17,5.05e-07,1.92e-13,6.0600000000000006e-21,1.12e-05,9.62e-14,4.4e-09,0.565,0.527,1.15e-13,107000.0,14.2,0.635,0.527,1.2,5.86e-09,0.528,4.96e-15,3764122,0.0408,0.0452,0.0408,1.87e-20,1.09,0.527,0.0,-23.8
4.0,2.0,2.81e-08,4e-08,1e-08,2.0,1.0,50.0,50.0,500.0,500.0,1.2,0.618,2.81e-08,0.5,1.0,3.9,11.7,3.9,0.5,0.025,0.0125,5e-11,5e-11,2.11e-09,5e-09,1.21e-16,1.09e-17,2.49e-17,1.88e-07,6.41e-14,6.0600000000000006e-21,3.72e-06,3.21e-14,4.4e-09,0.565,0.527,3.85e-14,322000.0,14.2,0.635,0.527,1.2,5.86e-09,0.528,4.96e-15,3764124,0.0408,0.0506,0.0408,1.87e-20,1.09,0.527,0.0,-23.8
4.0,2.0,2.81e-08,1e-08,1e-08,2.0,1.0,50.0,50.0,500.0,500.0,1.2,0.9,2.81e-08,0.5,1.0,3.9,11.7,3.9,0.5,0.025,0.0125,5e-11,5e-11,2.11e-09,5e-09,1.21e-16,1.09e-17,2.49e-17,1.88e-07,2.68e-18,2.16e-35,7.93e-07,1.34e-18,4.4e-09,0.565,0.552,1.61e-18,1510000.0,14.2,0.635,0.552,1.2,9.52e-13,0.81,3.27e-15,3764092,0.0408,0.237,0.0408,1.87e-20,1.09,0.552,0.0,-24.4
4.0,2.0,2.81e-08,2e-08,1e-08,2.0,1.0,50.0,50.0,500.0,500.0,1.2,0.9,2.81e-08,0.5,1.0,3.9,11.7,3.9,0.5,0.025,0.0125,5e-11,5e-11,2.11e-09,5e-09,1.21e-16,1.09e-17,2.49e-17,1.88e-07,2.68e-18,2.16e-35,1.36e-06,1.34e-18,4.4e-09,0.565,0.552,1.61e-18,881000.0,14.2,0.635,0.552,1.2,4.86e-13,0.81,3.83e-15,3764089,0.0408,0.138,0.0408,1.87e-20,1.09,0.552,0.0,-24.4
4.0,2.0,2.81e-08,4e-08,1e-08,2.0,3.0,50.0,50.0,500.0,500.0,1.2,0.9,2.81e-08,0.5,1.0,3.9,11.7,3.9,0.5,0.025,0.0125,5e-11,5e-11,2.11e-09,5e-09,3.63e-16,3.28e-17,2.49e-17,5.05e-07,8.03e-18,2.16e-35,6.21e-06,4.01e-18,4.4e-09,0.565,0.552,4.82e-18,193000.0,14.2,0.635,0.552,1.2,2.53e-13,0.81,4.96e-15,3764123,0.0408,0.0814,0.0408,1.87e-20,1.09,0.552,0.0,-24.4
4.0,2.0,2.81e-08,4e-08,2e-08,2.0,1.0,50.0,50.0,500.0,500.0,1.2,0.9,2.81e-08,0.5,1.0,3.9,11.7,3.9,0.5,0.025,0.0125,5e-11,5e-11,2.11e-09,5e-09,9.93e-17,5.46e-18,2.49e-17,1.56e-07,2.67e-18,2.16e-35,2.06e-06,1.34e-18,4.4e-09,0.565,0.552,1.6e-18,581000.0,14.2,0.635,0.552,1.2,2.54e-13,0.81,6.08e-15,3764172,0.0408,0.0753,0.0408,1.87e-20,1.09,0.552,0.0,-24.4
4.0,2.0,2.81e-08,1e-08,2e-08,2.0,1.0,50.0,50.0,500.0,500.0,1.2,0.9,2.81e-08,0.5,1.0,3.9,11.7,3.9,0.5,0.025,0.0125,5e-11,5e-11,2.11e-09,5e-09,9.93e-17,5.46e-18,2.49e-17,1.56e-07,2.68e-18,2.16e-35,7.93e-07,1.34e-18,4.4e-09,0.565,0.552,1.61e-18,1510000.0,14.2,0.635,0.552,1.2,9.53e-13,0.81,4.39e-15,3764132,0.0408,0.196,0.0408,1.87e-20,1.09,0.552,0.0,-24.4
4.0,2.0,2.81e-08,4e-08,1e-08,2.0,1.0,50.0,50.0,500.0,500.0,1.2,0.9,2.81e-08,0.5,1.0,3.9,11.7,3.9,0.5,0.025,0.0125,5e-11,5e-11,2.11e-09,5e-09,1.21e-16,1.09e-17,2.49e-17,1.88e-07,2.68e-18,2.16e-35,2.07e-06,1.34e-18,4.4e-09,0.565,0.552,1.61e-18,580000.0,14.2,0.635,0.552,1.2,2.53e-13,0.81,4.96e-15,3764125,0.0408,0.091,0.0408,1.87e-20,1.09,0.552,0.0,-24.4
4.0,2.0,2.81e-08,4e-08,1e-08,2.0,2.0,50.0,50.0,500.0,500.0,1.2,0.9,2.81e-08,0.5,1.0,3.9,11.7,3.9,0.5,0.025,0.0125,5e-11,5e-11,2.11e-09,5e-09,2.42e-16,2.18e-17,2.49e-17,3.47e-07,5.35e-18,2.16e-35,4.14e-06,2.68e-18,4.4e-09,0.565,0.552,3.21e-18,290000.0,14.2,0.635,0.552,1.2,2.53e-13,0.81,4.96e-15,3764086,0.0408,0.0838,0.0408,1.87e-20,1.09,0.552,0.0,-24.4
4.0,2.0,2.81e-08,4e-08,2e-08,2.0,2.0,50.0,50.0,500.0,500.0,1.2,0.9,2.81e-08,0.5,1.0,3.9,11.7,3.9,0.5,0.025,0.0125,5e-11,5e-11,2.11e-09,5e-09,1.99e-16,1.09e-17,2.49e-17,2.81e-07,5.35e-18,2.16e-35,4.13e-06,2.67e-18,4.4e-09,0.565,0.552,3.21e-18,291000.0,14.2,0.635,0.552,1.2,2.54e-13,0.81,6.08e-15,3764166,0.0408,0.0681,0.0408,1.87e-20,1.09,0.552,0.0,-24.4
4.0,2.0,2.81e-08,4e-08,5e-09,2.0,3.0,50.0,50.0,500.0,500.0,1.2,0.9,2.81e-08,0.5,1.0,3.9,11.7,3.9,0.5,0.025,0.0125,5e-11,5e-11,2.11e-09,8.55e-09,4.94e-16,6.55e-17,2.49e-17,7.02e-07,6.45e-15,6.149999999999999e-28,7.35e-06,3.22e-15,5.89e-09,0.539,0.521,3.87e-15,163000.0,14.2,0.661,0.521,1.2,2.02e-10,0.7,4.39e-15,3764100,0.0911,0.0955,0.0911,1.87e-20,1.22,0.521,0.0,-11.0
4.0,2.0,2.81e-08,4e-08,5e-09,2.0,1.0,50.0,50.0,500.0,500.0,1.2,0.9,2.81e-08,0.5,1.0,3.9,11.7,3.9,0.5,0.025,0.0125,5e-11,5e-11,2.11e-09,8.55e-09,1.65e-16,2.18e-17,2.49e-17,2.54e-07,2.15e-15,6.149999999999999e-28,2.45e-06,1.07e-15,5.89e-09,0.539,0.521,1.29e-15,490000.0,14.2,0.661,0.521,1.2,2.02e-10,0.7,4.39e-15,3764110,0.0911,0.104,0.0911,1.87e-20,1.22,0.521,0.0,-11.0
4.0,2.0,2.81e-08,2e-08,2e-08,2.0,1.0,50.0,50.0,500.0,500.0,1.2,0.9,2.81e-08,0.5,1.0,3.9,11.7,3.9,0.5,0.025,0.0125,5e-11,5e-11,2.11e-09,5e-09,9.93e-17,5.46e-18,2.49e-17,1.56e-07,2.68e-18,2.16e-35,1.36e-06,1.34e-18,4.4e-09,0.565,0.552,1.61e-18,882000.0,14.2,0.635,0.552,1.2,4.87e-13,0.81,4.96e-15,3764140,0.0408,0.114,0.0408,1.87e-20,1.09,0.552,0.0,-24.4
4.0,2.0,2.81e-08,4e-08,5e-09,2.0,2.0,50.0,50.0,500.0,500.0,1.2,0.9,2.81e-08,0.5,1.0,3.9,11.7,3.9,0.5,0.025,0.0125,5e-11,5e-11,2.11e-09,8.55e-09,3.3e-16,4.37e-17,2.49e-17,4.78e-07,4.3e-15,6.149999999999999e-28,4.9e-06,2.15e-15,5.89e-09,0.539,0.521,2.58e-15,245000.0,14.2,0.661,0.521,1.2,2.02e-10,0.7,4.39e-15,3764099,0.0911,0.0975,0.0911,1.87e-20,1.22,0.521,0.0,-11.0
4.0,2.0,2.81e-08,4e-08,2e-08,2.0,3.0,50.0,50.0,500.0,500.0,1.2,0.9,2.81e-08,0.5,1.0,3.9,11.7,3.9,0.5,0.025,0.0125,5e-11,5e-11,2.11e-09,5e-09,2.98e-16,1.64e-17,2.49e-17,4.07e-07,8.02e-18,2.16e-35,6.19e-06,4.01e-18,4.4e-09,0.565,0.552,4.81e-18,194000.0,14.2,0.635,0.552,1.2,2.54e-13,0.81,6.08e-15,3764145,0.0408,0.0657,0.0408,1.87e-20,1.09,0.552,0.0,-24.4
4.0,2.0,2.81e-08,2e-08,1e-08,2.0,1.0,50.0,50.0,500.0,500.0,1.2,0.9,2.81e-08,0.5,1.0,3.9,11.7,3.9,0.5,0.025,0.0125,5e-11,5e-11,2.11e-09,8.55e-09,1.21e-16,1.09e-17,2.49e-17,1.88e-07,2.15e-15,6.149999999999999e-28,1.57e-06,1.07e-15,5.89e-09,0.538,0.521,1.29e-15,762000.0,14.2,0.662,0.521,1.2,3.9e-10,0.7,3.83e-15,3764080,0.0911,0.12,0.0911,1.87e-20,1.22,0.521,0.0,-11.0
4.0,2.0,2.81e-08,1e-08,1e-08,2.0,1.0,50.0,50.0,500.0,500.0,1.2,0.9,2.81e-08,0.5,1.0,3.9,11.7,3.9,0.5,0.025,0.0125,5e-11,5e-11,2.11e-09,8.55e-09,1.21e-16,1.09e-17,2.49e-17,1.88e-07,2.15e-15,6.149999999999999e-28,8.64e-07,1.07e-15,5.89e-09,0.538,0.521,1.29e-15,1390000.0,14.2,0.662,0.521,1.2,7.66e-10,0.7,3.27e-15,3764127,0.0911,0.218,0.0911,1.87e-20,1.22,0.521,0.0,-11.0
4.0,2.0,2.81e-08,4e-08,1e-08,2.0,2.0,50.0,50.0,500.0,500.0,1.2,0.9,2.81e-08,0.5,1.0,3.9,11.7,3.9,0.5,0.025,0.0125,5e-11,5e-11,2.11e-09,8.55e-09,2.42e-16,2.18e-17,2.49e-17,3.47e-07,4.3e-15,6.149999999999999e-28,4.9e-06,2.15e-15,5.89e-09,0.539,0.521,2.58e-15,245000.0,14.2,0.661,0.521,1.2,2.02e-10,0.7,4.96e-15,3764165,0.0911,0.0708,0.0911,1.87e-20,1.22,0.521,0.0,-11.0
4.0,2.0,2.81e-08,4e-08,1e-08,2.0,1.0,50.0,50.0,500.0,500.0,1.2,0.9,2.81e-08,0.5,1.0,3.9,11.7,3.9,0.5,0.025,0.0125,5e-11,5e-11,2.11e-09,8.55e-09,1.21e-16,1.09e-17,2.49e-17,1.88e-07,2.15e-15,6.149999999999999e-28,2.45e-06,1.07e-15,5.89e-09,0.539,0.521,1.29e-15,490000.0,14.2,0.661,0.521,1.2,2.02e-10,0.7,4.96e-15,3764129,0.0911,0.0769,0.0911,1.87e-20,1.22,0.521,0.0,-11.0
4.0,2.0,2.81e-08,4e-08,2e-08,2.0,3.0,50.0,50.0,500.0,500.0,1.2,0.9,2.81e-08,0.5,1.0,3.9,11.7,3.9,0.5,0.025,0.0125,5e-11,5e-11,2.11e-09,8.55e-09,2.98e-16,1.64e-17,2.49e-17,4.07e-07,6.45e-15,6.149999999999999e-28,7.33e-06,3.22e-15,5.89e-09,0.539,0.521,3.87e-15,164000.0,14.2,0.661,0.521,1.2,2.03e-10,0.7,6.08e-15,3764131,0.0911,0.0555,0.0911,1.87e-20,1.22,0.521,0.0,-11.0
4.0,2.0,2.81e-08,4e-08,1e-08,2.0,3.0,50.0,50.0,500.0,500.0,1.2,0.9,2.81e-08,0.5,1.0,3.9,11.7,3.9,0.5,0.025,0.0125,5e-11,5e-11,2.11e-09,8.55e-09,3.63e-16,3.28e-17,2.49e-17,5.05e-07,6.45e-15,6.149999999999999e-28,7.34e-06,3.22e-15,5.89e-09,0.539,0.521,3.87e-15,163000.0,14.2,0.661,0.521,1.2,2.02e-10,0.7,4.96e-15,3764088,0.0911,0.0688,0.0911,1.87e-20,1.22,0.521,0.0,-11.0
4.0,2.0,2.81e-08,2e-08,2e-08,2.0,1.0,50.0,50.0,500.0,500.0,1.2,0.9,2.81e-08,0.5,1.0,3.9,11.7,3.9,0.5,0.025,0.0125,5e-11,5e-11,2.11e-09,8.55e-09,9.93e-17,5.46e-18,2.49e-17,1.56e-07,2.15e-15,6.149999999999999e-28,1.57e-06,1.07e-15,5.89e-09,0.538,0.521,1.29e-15,763000.0,14.2,0.662,0.521,1.2,3.91e-10,0.7,4.96e-15,3764162,0.0911,0.0989,0.0911,1.87e-20,1.22,0.521,0.0,-11.0
4.0,2.0,2.81e-08,1e-08,2e-08,2.0,1.0,50.0,50.0,500.0,500.0,1.2,0.9,2.81e-08,0.5,1.0,3.9,11.7,3.9,0.5,0.025,0.0125,5e-11,5e-11,2.11e-09,8.55e-09,9.93e-17,5.46e-18,2.49e-17,1.56e-07,2.15e-15,6.149999999999999e-28,8.63e-07,1.07e-15,5.89e-09,0.538,0.521,1.29e-15,1390000.0,14.2,0.662,0.521,1.2,7.67e-10,0.7,4.39e-15,3764156,0.0911,0.18,0.0911,1.87e-20,1.22,0.521,0.0,-11.0
4.0,2.0,2.81e-08,4e-08,2e-08,2.0,1.0,50.0,50.0,500.0,500.0,1.2,0.9,2.81e-08,0.5,1.0,3.9,11.7,3.9,0.5,0.025,0.0125,5e-11,5e-11,2.11e-09,8.55e-09,9.93e-17,5.46e-18,2.49e-17,1.56e-07,2.15e-15,6.149999999999999e-28,2.44e-06,1.07e-15,5.89e-09,0.539,0.521,1.29e-15,491000.0,14.2,0.661,0.521,1.2,2.03e-10,0.7,6.08e-15,3764111,0.0911,0.0637,0.0911,1.87e-20,1.22,0.521,0.0,-11.0
4.0,2.0,2.81e-08,2e-08,1e-08,2.0,3.0,50.0,50.0,500.0,500.0,1.2,0.9,2.81e-08,0.5,1.0,3.9,11.7,3.9,0.5,0.025,0.0125,5e-11,5e-11,2.11e-09,8.55e-09,3.63e-16,3.28e-17,2.49e-17,5.05e-07,6.45e-15,6.149999999999999e-28,4.72e-06,3.22e-15,5.89e-09,0.538,0.521,3.87e-15,254000.0,14.2,0.662,0.521,1.2,3.9e-10,0.7,3.83e-15,3764136,0.0911,0.107,0.0911,1.87e-20,1.22,0.521,0.0,-11.0
4.0,2.0,2.81e-08,4e-08,2e-08,2.0,2.0,50.0,50.0,500.0,500.0,1.2,0.9,2.81e-08,0.5,1.0,3.9,11.7,3.9,0.5,0.025,0.0125,5e-11,5e-11,2.11e-09,8.55e-09,1.99e-16,1.09e-17,2.49e-17,2.81e-07,4.3e-15,6.149999999999999e-28,4.89e-06,2.15e-15,5.89e-09,0.539,0.521,2.58e-15,246000.0,14.2,0.661,0.521,1.2,2.03e-10,0.7,6.08e-15,3764163,0.0911,0.0576,0.0911,1.87e-20,1.22,0.521,0.0,-11.0
4.0,2.0,2.81e-08,1e-08,5e-09,2.0,2.0,50.0,50.0,500.0,500.0,1.2,0.9,2.81e-08,0.5,1.0,3.9,11.7,25.0,0.5,0.025,0.0125,5e-11,5e-11,2.11e-09,5e-09,1.17e-15,4.37e-17,2.49e-17,1.48e-06,1.83e-20,2.17e-44,1.65e-06,9.150000000000001e-21,2.38e-09,0.586,0.577,1.1e-20,727000.0,14.2,0.614,0.577,1.2,2.89e-15,0.894,2.71e-15,3764089,0.00274,0.898,0.00274,2.92e-21,1.01,0.577,0.0,-58.0
4.0,2.0,2.81e-08,4e-08,5e-09,2.0,2.0,50.0,50.0,500.0,500.0,1.2,0.9,2.81e-08,0.5,1.0,3.9,11.7,25.0,0.5,0.025,0.0125,5e-11,5e-11,2.11e-09,5e-09,1.17e-15,4.37e-17,2.49e-17,1.48e-06,2.32e-20,2.17e-44,5.85e-06,1.16e-20,2.38e-09,0.586,0.577,1.39e-20,205000.0,14.2,0.614,0.577,1.2,8.88e-16,0.894,4.39e-15,3764085,0.00274,0.253,0.00274,2.92e-21,1.01,0.577,0.0,-58.0
4.0,2.0,2.81e-08,1e-08,5e-09,2.0,3.0,50.0,50.0,500.0,500.0,1.2,0.9,2.81e-08,0.5,1.0,3.9,11.7,25.0,0.5,0.025,0.0125,5e-11,5e-11,2.11e-09,5e-09,1.75e-15,6.55e-17,2.49e-17,2.21e-06,2.75e-20,2.17e-44,2.48e-06,1.37e-20,2.38e-09,0.586,0.577,1.65e-20,484000.0,14.2,0.614,0.577,1.2,2.89e-15,0.894,2.71e-15,3764170,0.00274,0.892,0.00274,2.92e-21,1.01,0.577,0.0,-58.0
4.0,2.0,2.81e-08,2e-08,5e-09,2.0,2.0,50.0,50.0,500.0,500.0,1.2,0.9,2.81e-08,0.5,1.0,3.9,11.7,25.0,0.5,0.025,0.0125,5e-11,5e-11,2.11e-09,5e-09,1.17e-15,4.37e-17,2.49e-17,1.48e-06,1.83e-20,2.17e-44,3.21e-06,9.150000000000001e-21,2.38e-09,0.586,0.577,1.1e-20,374000.0,14.2,0.614,0.577,1.2,2e-15,0.894,3.27e-15,3764114,0.00274,0.462,0.00274,2.92e-21,1.01,0.577,0.0,-58.0
4.0,2.0,2.81e-08,4e-08,5e-09,2.0,1.0,50.0,50.0,500.0,500.0,1.2,0.9,2.81e-08,0.5,1.0,3.9,11.7,25.0,0.5,0.025,0.0125,5e-11,5e-11,2.11e-09,5e-09,5.84e-16,2.18e-17,2.49e-17,7.57e-07,1.16e-20,2.17e-44,2.93e-06,5.8100000000000006e-21,2.38e-09,0.586,0.577,6.97e-21,410000.0,14.2,0.614,0.577,1.2,8.88e-16,0.894,4.39e-15,3764172,0.00274,0.258,0.00274,2.92e-21,1.01,0.577,0.0,-58.0
4.0,2.0,2.81e-08,1e-08,5e-09,2.0,1.0,50.0,50.0,500.0,500.0,1.2,0.9,2.81e-08,0.5,1.0,3.9,11.7,25.0,0.5,0.025,0.0125,5e-11,5e-11,2.11e-09,5e-09,5.84e-16,2.18e-17,2.49e-17,7.57e-07,9.150000000000001e-21,2.17e-44,8.26e-07,4.58e-21,2.38e-09,0.586,0.577,5.490000000000001e-21,1450000.0,14.2,0.614,0.577,1.2,2.89e-15,0.894,2.71e-15,3764168,0.00274,0.917,0.00274,2.92e-21,1.01,0.577,0.0,-58.0
4.0,2.0,2.81e-08,1e-08,1e-08,2.0,1.0,50.0,50.0,500.0,500.0,1.2,0.9,2.81e-08,0.5,1.0,3.9,11.7,25.0,0.5,0.025,0.0125,5e-11,5e-11,2.11e-09,5e-09,5.4e-16,1.09e-17,2.49e-17,6.91e-07,9.150000000000001e-21,2.17e-44,8.25e-07,4.57e-21,2.38e-09,0.586,0.577,5.490000000000001e-21,1450000.0,14.2,0.614,0.577,1.2,2.89e-15,0.894,3.27e-15,3764107,0.00274,0.838,0.00274,2.92e-21,1.01,0.577,0.0,-58.0
4.0,2.0,2.81e-08,4e-08,5e-09,2.0,3.0,50.0,50.0,500.0,500.0,1.2,0.9,2.81e-08,0.5,1.0,3.9,11.7,25.0,0.5,0.025,0.0125,5e-11,5e-11,2.11e-09,5e-09,1.75e-15,6.55e-17,2.49e-17,2.21e-06,3.49e-20,2.17e-44,8.78e-06,1.74e-20,2.38e-09,0.586,0.577,2.09e-20,137000.0,14.2,0.614,0.577,1.2,8.88e-16,0.894,4.39e-15,3764151,0.00274,0.252,0.00274,2.92e-21,1.01,0.577,0.0,-58.0
4.0,2.0,2.81e-08,2e-08,5e-09,2.0,3.0,50.0,50.0,500.0,500.0,1.2,0.9,2.81e-08,0.5,1.0,3.9,11.7,25.0,0.5,0.025,0.0125,5e-11,5e-11,2.11e-09,5e-09,1.75e-15,6.55e-17,2.49e-17,2.21e-06,2.74e-20,2.17e-44,4.82e-06,1.37e-20,2.38e-09,0.586,0.577,1.65e-20,249000.0,14.2,0.614,0.577,1.2,2e-15,0.894,3.27e-15,3764126,0.00274,0.459,0.00274,2.92e-21,1.01,0.577,0.0,-58.0
4.0,2.0,2.81e-08,2e-08,1e-08,2.0,1.0,50.0,50.0,500.0,500.0,1.2,0.9,2.81e-08,0.5,1.0,3.9,11.7,25.0,0.5,0.025,0.0125,5e-11,5e-11,2.11e-09,5e-09,5.4e-16,1.09e-17,2.49e-17,6.91e-07,9.14e-21,2.17e-44,1.6e-06,4.57e-21,2.38e-09,0.586,0.577,5.480000000000001e-21,748000.0,14.2,0.614,0.577,1.2,2e-15,0.894,3.83e-15,3764135,0.00274,0.431,0.00274,2.92e-21,1.01,0.577,0.0,-58.0
4.0,2.0,2.81e-08,4e-08,1e-08,2.0,1.0,50.0,50.0,500.0,500.0,1.2,0.9,2.81e-08,0.5,1.0,3.9,11.7,25.0,0.5,0.025,0.0125,5e-11,5e-11,2.11e-09,5e-09,5.4e-16,1.09e-17,2.49e-17,6.91e-07,1.16e-20,2.17e-44,2.92e-06,5.800000000000001e-21,2.38e-09,0.586,0.577,6.960000000000001e-21,411000.0,14.2,0.614,0.577,1.2,8.88e-16,0.894,4.96e-15,3764166,0.00274,0.236,0.00274,2.92e-21,1.01,0.577,0.0,-58.0
4.0,2.0,2.81e-08,2e-08,1e-08,2.0,2.0,50.0,50.0,500.0,500.0,1.2,0.9,2.81e-08,0.5,1.0,3.9,11.7,25.0,0.5,0.025,0.0125,5e-11,5e-11,2.11e-09,5e-09,1.08e-15,2.18e-17,2.49e-17,1.35e-06,1.83e-20,2.17e-44,3.21e-06,9.14e-21,2.38e-09,0.586,0.577,1.1e-20,374000.0,14.2,0.614,0.577,1.2,2e-15,0.894,3.83e-15,3764141,0.00274,0.422,0.00274,2.92e-21,1.01,0.577,0.0,-58.0
4.0,2.0,2.81e-08,2e-08,1e-08,2.0,3.0,50.0,50.0,500.0,500.0,1.2,0.9,2.81e-08,0.5,1.0,3.9,11.7,25.0,0.5,0.025,0.0125,5e-11,5e-11,2.11e-09,5e-09,1.62e-15,3.28e-17,2.49e-17,2.01e-06,2.74e-20,2.17e-44,4.81e-06,1.37e-20,2.38e-09,0.586,0.577,1.64e-20,249000.0,14.2,0.614,0.577,1.2,2e-15,0.894,3.83e-15,3764086,0.00274,0.419,0.00274,2.92e-21,1.01,0.577,0.0,-58.0
4.0,2.0,2.81e-08,2e-08,2e-08,2.0,1.0,50.0,50.0,500.0,500.0,1.2,0.9,2.81e-08,0.5,1.0,3.9,11.7,25.0,0.5,0.025,0.0125,5e-11,5e-11,2.11e-09,5e-09,5.18e-16,5.46e-18,2.49e-17,6.58e-07,9.120000000000001e-21,2.17e-44,1.6e-06,4.5600000000000005e-21,2.38e-09,0.586,0.577,5.47e-21,750000.0,14.2,0.614,0.577,1.2,2e-15,0.894,4.96e-15,3764112,0.00274,0.411,0.00274,2.92e-21,1.01,0.577,0.0,-58.0
4.0,2.0,2.81e-08,2e-08,5e-09,2.0,1.0,50.0,50.0,500.0,500.0,1.2,0.9,2.81e-08,0.5,1.0,3.9,11.7,25.0,0.5,0.025,0.0125,5e-11,5e-11,2.11e-09,5e-09,5.84e-16,2.18e-17,2.49e-17,7.57e-07,9.150000000000001e-21,2.17e-44,1.61e-06,4.57e-21,2.38e-09,0.586,0.577,5.490000000000001e-21,747000.0,14.2,0.614,0.577,1.2,2e-15,0.894,3.27e-15,3764123,0.00274,0.471,0.00274,2.92e-21,1.01,0.577,0.0,-58.0
4.0,2.0,2.81e-08,4e-08,2e-08,2.0,1.0,50.0,50.0,500.0,500.0,1.2,0.9,2.81e-08,0.5,1.0,3.9,11.7,25.0,0.5,0.025,0.0125,5e-11,5e-11,2.11e-09,5e-09,5.18e-16,5.46e-18,2.49e-17,6.58e-07,1.16e-20,2.17e-44,2.91e-06,5.78e-21,2.38e-09,0.586,0.577,6.930000000000001e-21,412000.0,14.2,0.614,0.577,1.2,8.88e-16,0.894,6.08e-15,3764099,0.00274,0.226,0.00274,2.92e-21,1.01,0.577,0.0,-58.0
4.0,2.0,2.81e-08,1e-08,5e-09,2.0,1.0,50.0,50.0,500.0,500.0,1.2,0.9,2.81e-08,0.5,1.0,3.9,11.7,25.0,0.5,0.025,0.0125,5e-11,5e-11,2.11e-09,8.55e-09,5.84e-16,2.18e-17,2.49e-17,7.57e-07,7.57e-20,1.16e-40,8.29e-07,3.79e-20,3.42e-09,0.58,0.57,4.54e-20,1450000.0,14.2,0.62,0.57,1.2,2.69e-14,0.864,2.71e-15,3764109,0.0164,0.912,0.0164,2.92e-21,1.03,0.57,0.0,-44.1
4.0,2.0,2.81e-08,2e-08,5e-09,2.0,1.0,50.0,50.0,500.0,500.0,1.2,0.9,2.81e-08,0.5,1.0,3.9,11.7,25.0,0.5,0.025,0.0125,5e-11,5e-11,2.11e-09,8.55e-09,5.84e-16,2.18e-17,2.49e-17,7.57e-07,7.65e-20,1.16e-40,1.62e-06,3.82e-20,3.42e-09,0.58,0.57,4.59e-20,739000.0,14.2,0.62,0.57,1.2,1.29e-14,0.864,3.27e-15,3764080,0.0164,0.466,0.0164,2.92e-21,1.03,0.57,0.0,-44.1
4.0,2.0,2.81e-08,4e-08,1e-08,2.0,3.0,50.0,50.0,500.0,500.0,1.2,0.9,2.81e-08,0.5,1.0,3.9,11.7,25.0,0.5,0.025,0.0125,5e-11,5e-11,2.11e-09,5e-09,1.62e-15,3.28e-17,2.49e-17,2.01e-06,3.48e-20,2.17e-44,8.77e-06,1.74e-20,2.38e-09,0.586,0.577,2.09e-20,137000.0,14.2,0.614,0.577,1.2,8.88e-16,0.894,4.96e-15,3764161,0.00274,0.23,0.00274,2.92e-21,1.01,0.577,0.0,-58.0
4.0,2.0,2.81e-08,4e-08,1e-08,2.0,2.0,50.0,50.0,500.0,500.0,1.2,0.9,2.81e-08,0.5,1.0,3.9,11.7,25.0,0.5,0.025,0.0125,5e-11,5e-11,2.11e-09,5e-09,1.08e-15,2.18e-17,2.49e-17,1.35e-06,2.32e-20,2.17e-44,5.85e-06,1.16e-20,2.38e-09,0.586,0.577,1.39e-20,205000.0,14.2,0.614,0.577,1.2,8.88e-16,0.894,4.96e-15,3764100,0.00274,0.231,0.00274,2.92e-21,1.01,0.577,0.0,-58.0
4.0,2.0,2.81e-08,2e-08,5e-09,2.0,2.0,50.0,50.0,500.0,500.0,1.2,0.9,2.81e-08,0.5,1.0,3.9,11.7,25.0,0.5,0.025,0.0125,5e-11,5e-11,2.11e-09,8.55e-09,1.17e-15,4.37e-17,2.49e-17,1.48e-06,1.53e-19,1.16e-40,3.25e-06,7.65e-20,3.42e-09,0.58,0.57,9.18e-20,369000.0,14.2,0.62,0.57,1.2,1.29e-14,0.864,3.27e-15,3764090,0.0164,0.457,0.0164,2.92e-21,1.03,0.57,0.0,-44.1
4.0,2.0,2.81e-08,4e-08,5e-09,2.0,2.0,50.0,50.0,500.0,500.0,1.2,0.9,2.81e-08,0.5,1.0,3.9,11.7,25.0,0.5,0.025,0.0125,5e-11,5e-11,2.11e-09,8.55e-09,1.17e-15,4.37e-17,2.49e-17,1.48e-06,1.53e-19,1.16e-40,6.08e-06,7.64e-20,3.42e-09,0.58,0.57,9.17e-20,197000.0,14.2,0.62,0.57,1.2,6.88e-15,0.864,4.39e-15,3764133,0.0164,0.244,0.0164,2.92e-21,1.03,0.57,0.0,-44.1
4.0,2.0,2.81e-08,1e-08,5e-09,2.0,2.0,50.0,50.0,500.0,500.0,1.2,0.9,2.81e-08,0.5,1.0,3.9,11.7,25.0,0.5,0.025,0.0125,5e-11,5e-11,2.11e-09,8.55e-09,1.17e-15,4.37e-17,2.49e-17,1.48e-06,1.51e-19,1.16e-40,1.66e-06,7.57e-20,3.42e-09,0.58,0.57,9.09e-20,724000.0,14.2,0.62,0.57,1.2,2.69e-14,0.864,2.71e-15,3764145,0.0164,0.894,0.0164,2.92e-21,1.03,0.57,0.0,-44.1
4.0,2.0,2.81e-08,4e-08,2e-08,2.0,3.0,50.0,50.0,500.0,500.0,1.2,0.9,2.81e-08,0.5,1.0,3.9,11.7,25.0,0.5,0.025,0.0125,5e-11,5e-11,2.11e-09,5e-09,1.55e-15,1.64e-17,2.49e-17,1.92e-06,3.47e-20,2.17e-44,8.74e-06,1.73e-20,2.38e-09,0.586,0.577,2.08e-20,137000.0,14.2,0.614,0.577,1.2,8.88e-16,0.894,6.08e-15,3764147,0.00274,0.219,0.00274,2.92e-21,1.01,0.577,0.0,-58.0
4.0,2.0,2.81e-08,2e-08,1e-08,2.0,1.0,50.0,50.0,500.0,500.0,1.2,0.9,2.81e-08,0.5,1.0,3.9,11.7,25.0,0.5,0.025,0.0125,5e-11,5e-11,2.11e-09,8.55e-09,5.4e-16,1.09e-17,2.49e-17,6.91e-07,7.64e-20,1.16e-40,1.62e-06,3.82e-20,3.42e-09,0.58,0.57,4.59e-20,739000.0,14.2,0.62,0.57,1.2,1.29e-14,0.864,3.83e-15,3764128,0.0164,0.426,0.0164,2.92e-21,1.03,0.57,0.0,-44.1
4.0,2.0,2.81e-08,4e-08,5e-09,2.0,1.0,50.0,50.0,500.0,500.0,1.2,0.9,2.81e-08,0.5,1.0,3.9,11.7,25.0,0.5,0.025,0.0125,5e-11,5e-11,2.11e-09,8.55e-09,5.84e-16,2.18e-17,2.49e-17,7.57e-07,7.64e-20,1.16e-40,3.04e-06,3.82e-20,3.42e-09,0.58,0.57,4.58e-20,395000.0,14.2,0.62,0.57,1.2,6.88e-15,0.864,4.39e-15,3764127,0.0164,0.249,0.0164,2.92e-21,1.03,0.57,0.0,-44.1
4.0,2.0,2.81e-08,1e-08,2e-08,2.0,1.0,50.0,50.0,500.0,500.0,1.2,0.9,2.81e-08,0.5,1.0,3.9,11.7,25.0,0.5,0.025,0.0125,5e-11,5e-11,2.11e-09,5e-09,5.18e-16,5.46e-18,2.49e-17,6.58e-07,9.14e-21,2.17e-44,8.24e-07,4.57e-21,2.38e-09,0.586,0.577,5.480000000000001e-21,1460000.0,14.2,0.614,0.577,1.2,2.89e-15,0.894,4.39e-15,3764110,0.00274,0.799,0.00274,2.92e-21,1.01,0.577,0.0,-58.0
4.0,2.0,2.81e-08,1e-08,1e-08,2.0,1.0,50.0,50.0,500.0,500.0,1.2,0.9,2.81e-08,0.5,1.0,3.9,11.7,25.0,0.5,0.025,0.0125,5e-11,5e-11,2.11e-09,8.55e-09,5.4e-16,1.09e-17,2.49e-17,6.91e-07,7.61e-20,1.16e-40,8.29e-07,3.8e-20,3.42e-09,0.58,0.57,4.57e-20,1450000.0,14.2,0.62,0.57,1.2,2.69e-14,0.864,3.27e-15,3764129,0.0164,0.834,0.0164,2.92e-21,1.03,0.57,0.0,-44.1
4.0,2.0,2.81e-08,4e-08,1e-08,2.0,1.0,50.0,50.0,500.0,500.0,1.2,0.9,2.81e-08,0.5,1.0,3.9,11.7,25.0,0.5,0.025,0.0125,5e-11,5e-11,2.11e-09,8.55e-09,5.4e-16,1.09e-17,2.49e-17,6.91e-07,7.62e-20,1.16e-40,3.03e-06,3.81e-20,3.42e-09,0.58,0.57,4.57e-20,396000.0,14.2,0.62,0.57,1.2,6.88e-15,0.864,4.96e-15,3764116,0.0164,0.228,0.0164,2.92e-21,1.03,0.57,0.0,-44.1
4.0,2.0,2.81e-08,2e-08,1e-08,2.0,2.0,50.0,50.0,500.0,500.0,1.2,0.9,2.81e-08,0.5,1.0,3.9,11.7,25.0,0.5,0.025,0.0125,5e-11,5e-11,2.11e-09,8.55e-09,1.08e-15,2.18e-17,2.49e-17,1.35e-06,1.53e-19,1.16e-40,3.25e-06,7.64e-20,3.42e-09,0.58,0.57,9.17e-20,370000.0,14.2,0.62,0.57,1.2,1.29e-14,0.864,3.83e-15,3764088,0.0164,0.417,0.0164,2.92e-21,1.03,0.57,0.0,-44.1
4.0,2.0,2.81e-08,4e-08,1e-08,2.0,2.0,50.0,50.0,500.0,500.0,1.2,0.9,2.81e-08,0.5,1.0,3.9,11.7,25.0,0.5,0.025,0.0125,5e-11,5e-11,2.11e-09,8.55e-09,1.08e-15,2.18e-17,2.49e-17,1.35e-06,1.52e-19,1.16e-40,6.07e-06,7.62e-20,3.42e-09,0.58,0.57,9.15e-20,198000.0,14.2,0.62,0.57,1.2,6.88e-15,0.864,4.96e-15,3764137,0.0164,0.223,0.0164,2.92e-21,1.03,0.57,0.0,-44.1
4.0,2.0,2.81e-08,4e-08,2e-08,2.0,2.0,50.0,50.0,500.0,500.0,1.2,0.9,2.81e-08,0.5,1.0,3.9,11.7,25.0,0.5,0.025,0.0125,5e-11,5e-11,2.11e-09,5e-09,1.04e-15,1.09e-17,2.49e-17,1.29e-06,2.31e-20,2.17e-44,5.83e-06,1.16e-20,2.38e-09,0.586,0.577,1.39e-20,206000.0,14.2,0.614,0.577,1.2,8.88e-16,0.894,6.08e-15,3764139,0.00274,0.221,0.00274,2.92e-21,1.01,0.577,0.0,-58.0
4.0,2.0,2.81e-08,1e-08,2e-08,2.0,1.0,50.0,50.0,500.0,500.0,1.2,0.9,2.81e-08,0.5,1.0,3.9,11.7,25.0,0.5,0.025,0.0125,5e-11,5e-11,2.11e-09,8.55e-09,5.18e-16,5.46e-18,2.49e-17,6.58e-07,7.6e-20,1.16e-40,8.28e-07,3.8e-20,3.42e-09,0.58,0.57,4.56e-20,1450000.0,14.2,0.62,0.57,1.2,2.69e-14,0.864,4.39e-15,3764103,0.0164,0.795,0.0164,2.92e-21,1.03,0.57,0.0,-44.1
4.0,2.0,2.81e-08,4e-08,2e-08,2.0,2.0,50.0,50.0,500.0,500.0,1.2,0.9,2.81e-08,0.5,1.0,3.9,11.7,25.0,0.5,0.025,0.0125,5e-11,5e-11,2.11e-09,8.55e-09,1.04e-15,1.09e-17,2.49e-17,1.29e-06,1.52e-19,1.16e-40,6.05e-06,7.59e-20,3.42e-09,0.58,0.57,9.11e-20,198000.0,14.2,0.62,0.57,1.2,6.88e-15,0.864,6.08e-15,3764159,0.0164,0.213,0.0164,2.92e-21,1.03,0.57,0.0,-44.1
4.0,2.0,2.81e-08,2e-08,2e-08,2.0,1.0,50.0,50.0,500.0,500.0,1.2,0.9,2.81e-08,0.5,1.0,3.9,11.7,25.0,0.5,0.025,0.0125,5e-11,5e-11,2.11e-09,8.55e-09,5.18e-16,5.46e-18,2.49e-17,6.58e-07,7.63e-20,1.16e-40,1.62e-06,3.81e-20,3.42e-09,0.58,0.57,4.58e-20,741000.0,14.2,0.62,0.57,1.2,1.29e-14,0.864,4.96e-15,3764111,0.0164,0.406,0.0164,2.92e-21,1.03,0.57,0.0,-44.1
4.0,2.0,2.81e-08,4e-08,2e-08,2.0,1.0,50.0,50.0,500.0,500.0,1.2,0.9,2.81e-08,0.5,1.0,3.9,11.7,25.0,0.5,0.025,0.0125,5e-11,5e-11,2.11e-09,8.55e-09,5.18e-16,5.46e-18,2.49e-17,6.58e-07,7.59e-20,1.16e-40,3.02e-06,3.8e-20,3.42e-09,0.58,0.57,4.56e-20,397000.0,14.2,0.62,0.57,1.2,6.88e-15,0.864,6.08e-15,3764119,0.0164,0.218,0.0164,2.92e-21,1.03,0.57,0.0,-44.1
4.0,2.0,2.81e-08,2e-08,2e-08,2.0,1.0,50.0,50.0,500.0,500.0,1.2,0.9,2.81e-08,0.5,1.0,3.9,11.7,3.9,0.5,0.025,0.0125,5e-11,5e-11,4.47e-09,5e-09,5.85e-17,5.46e-18,2.49e-17,1.07e-07,3.11e-14,1.2799999999999999e-61,1.36e-06,1.55e-14,6.49e-09,0.527,0.505,1.86e-14,885000.0,14.2,0.673,0.505,1.2,5.84e-09,0.651,4.96e-15,3282441,0.113,0.0786,0.113,3.96e-20,1.29,0.505,0.0,-8.81
4.0,2.0,2.81e-08,1e-08,2e-08,2.0,1.0,50.0,50.0,500.0,500.0,1.2,0.9,2.81e-08,0.5,1.0,3.9,11.7,3.9,0.5,0.025,0.0125,5e-11,5e-11,4.47e-09,5e-09,5.85e-17,5.46e-18,2.49e-17,1.07e-07,3.11e-14,1.2799999999999999e-61,8.59e-07,1.55e-14,6.49e-09,0.526,0.505,1.86e-14,1400000.0,14.2,0.674,0.505,1.2,1.13e-08,0.651,4.39e-15,3282438,0.113,0.124,0.113,3.96e-20,1.29,0.505,0.0,-8.81
4.0,2.0,2.81e-08,4e-08,2e-08,2.0,1.0,50.0,50.0,500.0,500.0,1.2,0.9,2.81e-08,0.5,1.0,3.9,11.7,3.9,0.5,0.025,0.0125,5e-11,5e-11,4.47e-09,5e-09,5.85e-17,5.46e-18,2.49e-17,1.07e-07,3.11e-14,1.2799999999999999e-61,1.86e-06,1.55e-14,6.49e-09,0.528,0.506,1.86e-14,645000.0,14.2,0.672,0.506,1.2,3.12e-09,0.651,6.08e-15,3282444,0.113,0.0573,0.113,3.96e-20,1.29,0.506,0.0,-8.81
4.0,2.0,2.81e-08,2e-08,5e-09,2.0,1.0,50.0,50.0,500.0,500.0,1.2,0.9,2.81e-08,0.5,1.0,3.9,11.7,25.0,0.5,0.025,0.0125,5e-11,5e-11,4.47e-09,5e-09,3.22e-16,2.18e-17,2.49e-17,4.43e-07,1.8e-19,3.2099999999999998e-90,1.58e-06,9.02e-20,3.69e-09,0.575,0.564,1.08e-19,760000.0,14.2,0.625,0.564,1.2,3.2e-14,0.851,3.27e-15,3282391,0.0222,0.28,0.0222,6.180000000000001e-21,1.05,0.564,0.0,-39.1
4.0,2.0,2.81e-08,1e-08,5e-09,2.0,3.0,50.0,50.0,500.0,500.0,1.2,0.9,2.81e-08,0.5,1.0,3.9,11.7,25.0,0.5,0.025,0.0125,5e-11,5e-11,4.47e-09,5e-09,9.66e-16,6.55e-17,2.49e-17,1.27e-06,5.42e-19,3.2099999999999998e-90,2.47e-06,2.71e-19,3.69e-09,0.575,0.564,3.25e-19,487000.0,14.2,0.625,0.564,1.2,6.31e-14,0.851,2.71e-15,3282419,0.0222,0.514,0.0222,6.180000000000001e-21,1.05,0.564,0.0,-39.1
4.0,2.0,2.81e-08,1e-08,5e-09,2.0,1.0,50.0,50.0,500.0,500.0,1.2,0.9,2.81e-08,0.5,1.0,3.9,11.7,25.0,0.5,0.025,0.0125,5e-11,5e-11,4.47e-09,5e-09,3.22e-16,2.18e-17,2.49e-17,4.43e-07,1.81e-19,3.2099999999999998e-90,8.22e-07,9.03e-20,3.69e-09,0.575,0.564,1.08e-19,1460000.0,14.2,0.625,0.564,1.2,6.31e-14,0.851,2.71e-15,3282455,0.0222,0.539,0.0222,6.180000000000001e-21,1.05,0.564,0.0,-39.1
4.0,2.0,2.81e-08,1e-08,5e-09,2.0,2.0,50.0,50.0,500.0,500.0,1.2,0.9,2.81e-08,0.5,1.0,3.9,11.7,25.0,0.5,0.025,0.0125,5e-11,5e-11,4.47e-09,5e-09,6.44e-16,4.37e-17,2.49e-17,8.55e-07,3.61e-19,3.2099999999999998e-90,1.64e-06,1.81e-19,3.69e-09,0.575,0.564,2.17e-19,730000.0,14.2,0.625,0.564,1.2,6.31e-14,0.851,2.71e-15,3282393,0.0222,0.52,0.0222,6.180000000000001e-21,1.05,0.564,0.0,-39.1
4.0,2.0,2.81e-08,2e-08,5e-09,2.0,3.0,50.0,50.0,500.0,500.0,1.2,0.9,2.81e-08,0.5,1.0,3.9,11.7,25.0,0.5,0.025,0.0125,5e-11,5e-11,4.47e-09,5e-09,9.66e-16,6.55e-17,2.49e-17,1.27e-06,5.41e-19,3.2099999999999998e-90,4.74e-06,2.71e-19,3.69e-09,0.575,0.564,3.25e-19,253000.0,14.2,0.625,0.564,1.2,3.2e-14,0.851,3.27e-15,3282379,0.0222,0.268,0.0222,6.180000000000001e-21,1.05,0.564,0.0,-39.1
4.0,2.0,2.81e-08,4e-08,5e-09,2.0,3.0,50.0,50.0,500.0,500.0,1.2,0.9,2.81e-08,0.5,1.0,3.9,11.7,25.0,0.5,0.025,0.0125,5e-11,5e-11,4.47e-09,5e-09,9.66e-16,6.55e-17,2.49e-17,1.27e-06,5.48e-19,3.2099999999999998e-90,8.25e-06,2.74e-19,3.69e-09,0.575,0.564,3.29e-19,145000.0,14.2,0.625,0.564,1.2,1.6e-14,0.851,4.39e-15,3282388,0.0222,0.154,0.0222,6.180000000000001e-21,1.05,0.564,0.0,-39.1
4.0,2.0,2.81e-08,1e-08,1e-08,2.0,1.0,50.0,50.0,500.0,500.0,1.2,0.9,2.81e-08,0.5,1.0,3.9,11.7,25.0,0.5,0.025,0.0125,5e-11,5e-11,4.47e-09,5e-09,2.78e-16,1.09e-17,2.49e-17,3.77e-07,1.81e-19,3.2099999999999998e-90,8.21e-07,9.04e-20,3.69e-09,0.575,0.564,1.09e-19,1460000.0,14.2,0.625,0.564,1.2,6.31e-14,0.851,3.27e-15,3282402,0.0222,0.459,0.0222,6.180000000000001e-21,1.05,0.564,0.0,-39.1
4.0,2.0,2.81e-08,2e-08,5e-09,2.0,2.0,50.0,50.0,500.0,500.0,1.2,0.9,2.81e-08,0.5,1.0,3.9,11.7,25.0,0.5,0.025,0.0125,5e-11,5e-11,4.47e-09,5e-09,6.44e-16,4.37e-17,2.49e-17,8.55e-07,3.61e-19,3.2099999999999998e-90,3.16e-06,1.8e-19,3.69e-09,0.575,0.564,2.17e-19,380000.0,14.2,0.625,0.564,1.2,3.2e-14,0.851,3.27e-15,3282366,0.0222,0.271,0.0222,6.180000000000001e-21,1.05,0.564,0.0,-39.1
4.0,2.0,2.81e-08,2e-08,1e-08,2.0,3.0,50.0,50.0,500.0,500.0,1.2,0.9,2.81e-08,0.5,1.0,3.9,11.7,25.0,0.5,0.025,0.0125,5e-11,5e-11,4.47e-09,5e-09,8.35e-16,3.28e-17,2.49e-17,1.07e-06,5.41e-19,3.2099999999999998e-90,4.73e-06,2.7e-19,3.69e-09,0.575,0.564,3.24e-19,254000.0,14.2,0.625,0.564,1.2,3.2e-14,0.851,3.83e-15,3282458,0.0222,0.227,0.0222,6.180000000000001e-21,1.05,0.564,0.0,-39.1
4.0,2.0,2.81e-08,4e-08,1e-08,2.0,2.0,50.0,50.0,500.0,500.0,1.2,0.9,2.81e-08,0.5,1.0,3.9,11.7,25.0,0.5,0.025,0.0125,5e-11,5e-11,4.47e-09,5e-09,5.57e-16,2.18e-17,2.49e-17,7.24e-07,3.65e-19,3.2099999999999998e-90,5.5e-06,1.82e-19,3.69e-09,0.575,0.564,2.19e-19,218000.0,14.2,0.625,0.564,1.2,1.6e-14,0.851,4.96e-15,3282371,0.0222,0.132,0.0222,6.180000000000001e-21,1.05,0.564,0.0,-39.1
4.0,2.0,2.81e-08,4e-08,5e-09,2.0,1.0,50.0,50.0,500.0,500.0,1.2,0.9,2.81e-08,0.5,1.0,3.9,11.7,25.0,0.5,0.025,0.0125,5e-11,5e-11,4.47e-09,5e-09,3.22e-16,2.18e-17,2.49e-17,4.43e-07,1.83e-19,3.2099999999999998e-90,2.75e-06,9.13e-20,3.69e-09,0.575,0.564,1.1e-19,436000.0,14.2,0.625,0.564,1.2,1.6e-14,0.851,4.39e-15,3282408,0.0222,0.161,0.0222,6.180000000000001e-21,1.05,0.564,0.0,-39.1
4.0,2.0,2.81e-08,2e-08,1e-08,2.0,1.0,50.0,50.0,500.0,500.0,1.2,0.9,2.81e-08,0.5,1.0,3.9,11.7,25.0,0.5,0.025,0.0125,5e-11,5e-11,4.47e-09,5e-09,2.78e-16,1.09e-17,2.49e-17,3.77e-07,1.8e-19,3.2099999999999998e-90,1.58e-06,9.01e-20,3.69e-09,0.575,0.564,1.08e-19,761000.0,14.2,0.625,0.564,1.2,3.2e-14,0.851,3.83e-15,3282382,0.0222,0.239,0.0222,6.180000000000001e-21,1.05,0.564,0.0,-39.1
4.0,2.0,2.81e-08,1e-08,2e-08,2.0,1.0,50.0,50.0,500.0,500.0,1.2,0.9,2.81e-08,0.5,1.0,3.9,11.7,25.0,0.5,0.025,0.0125,5e-11,5e-11,4.47e-09,5e-09,2.57e-16,5.46e-18,2.49e-17,3.44e-07,1.81e-19,3.2099999999999998e-90,8.21e-07,9.03e-20,3.69e-09,0.575,0.564,1.08e-19,1460000.0,14.2,0.625,0.564,1.2,6.39e-14,0.851,4.39e-15,3282435,0.0222,0.42,0.0222,6.180000000000001e-21,1.05,0.564,0.0,-39.1
4.0,2.0,2.81e-08,2e-08,1e-08,2.0,2.0,50.0,50.0,500.0,500.0,1.2,0.9,2.81e-08,0.5,1.0,3.9,11.7,25.0,0.5,0.025,0.0125,5e-11,5e-11,4.47e-09,5e-09,5.57e-16,2.18e-17,2.49e-17,7.24e-07,3.61e-19,3.2099999999999998e-90,3.15e-06,1.8e-19,3.69e-09,0.575,0.564,2.16e-19,380000.0,14.2,0.625,0.564,1.2,3.2e-14,0.851,3.83e-15,3282403,0.0222,0.23,0.0222,6.180000000000001e-21,1.05,0.564,0.0,-39.1
4.0,2.0,2.81e-08,4e-08,1e-08,2.0,1.0,50.0,50.0,500.0,500.0,1.2,0.9,2.81e-08,0.5,1.0,3.9,11.7,25.0,0.5,0.025,0.0125,5e-11,5e-11,4.47e-09,5e-09,2.78e-16,1.09e-17,2.49e-17,3.77e-07,1.82e-19,3.2099999999999998e-90,2.75e-06,9.12e-20,3.69e-09,0.575,0.564,1.09e-19,437000.0,14.2,0.625,0.564,1.2,1.6e-14,0.851,4.96e-15,3282452,0.0222,0.137,0.0222,6.180000000000001e-21,1.05,0.564,0.0,-39.1
4.0,2.0,2.81e-08,4e-08,5e-09,2.0,2.0,50.0,50.0,500.0,500.0,1.2,0.9,2.81e-08,0.5,1.0,3.9,11.7,25.0,0.5,0.025,0.0125,5e-11,5e-11,4.47e-09,5e-09,6.44e-16,4.37e-17,2.49e-17,8.55e-07,3.65e-19,3.2099999999999998e-90,5.5e-06,1.83e-19,3.69e-09,0.575,0.564,2.19e-19,218000.0,14.2,0.625,0.564,1.2,1.6e-14,0.851,4.39e-15,3282436,0.0222,0.155,0.0222,6.180000000000001e-21,1.05,0.564,0.0,-39.1
4.0,2.0,2.81e-08,4e-08,1e-08,2.0,3.0,50.0,50.0,500.0,500.0,1.2,0.9,2.81e-08,0.5,1.0,3.9,11.7,25.0,0.5,0.025,0.0125,5e-11,5e-11,4.47e-09,5e-09,8.35e-16,3.28e-17,2.49e-17,1.07e-06,5.47e-19,3.2099999999999998e-90,8.24e-06,2.73e-19,3.69e-09,0.575,0.564,3.28e-19,146000.0,14.2,0.625,0.564,1.2,1.6e-14,0.851,4.96e-15,3282380,0.0222,0.13,0.0222,6.180000000000001e-21,1.05,0.564,0.0,-39.1
4.0,2.0,2.81e-08,2e-08,2e-08,2.0,1.0,50.0,50.0,500.0,500.0,1.2,0.9,2.81e-08,0.5,1.0,3.9,11.7,25.0,0.5,0.025,0.0125,5e-11,5e-11,4.47e-09,5e-09,2.57e-16,5.46e-18,2.49e-17,3.44e-07,1.81e-19,3.2099999999999998e-90,1.57e-06,9.04e-20,3.69e-09,0.575,0.564,1.08e-19,762000.0,14.2,0.625,0.564,1.2,3.2e-14,0.851,4.96e-15,3282372,0.0222,0.219,0.0222,6.180000000000001e-21,1.05,0.564,0.0,-39.1
4.0,2.0,2.81e-08,4e-08,2e-08,2.0,2.0,50.0,50.0,500.0,500.0,1.2,0.9,2.81e-08,0.5,1.0,3.9,11.7,3.9,0.5,0.025,0.0125,5e-11,5e-11,4.47e-09,5e-09,1.17e-16,1.09e-17,2.49e-17,1.83e-07,6.21e-14,1.2799999999999999e-61,3.72e-06,3.11e-14,6.49e-09,0.528,0.506,3.73e-14,323000.0,14.2,0.672,0.506,1.2,3.12e-09,0.651,6.08e-15,3282445,0.113,0.0493,0.113,3.96e-20,1.29,0.506,0.0,-8.81
4.0,2.0,2.81e-08,4e-08,2e-08,2.0,2.0,50.0,50.0,500.0,500.0,1.2,0.9,2.81e-08,0.5,1.0,3.9,11.7,25.0,0.5,0.025,0.0125,5e-11,5e-11,4.47e-09,5e-09,5.13e-16,1.09e-17,2.49e-17,6.59e-07,3.63e-19,3.2099999999999998e-90,5.48e-06,1.82e-19,3.69e-09,0.575,0.564,2.18e-19,219000.0,14.2,0.625,0.564,1.2,1.6e-14,0.851,6.08e-15,3282439,0.0222,0.12,0.0222,6.180000000000001e-21,1.05,0.564,0.0,-39.1
4.0,2.0,2.81e-08,4e-08,2e-08,2.0,3.0,50.0,50.0,500.0,500.0,1.2,0.9,2.81e-08,0.5,1.0,3.9,11.7,25.0,0.5,0.025,0.0125,5e-11,5e-11,4.47e-09,5e-09,7.7e-16,1.64e-17,2.49e-17,9.73e-07,5.45e-19,3.2099999999999998e-90,8.22e-06,2.72e-19,3.69e-09,0.575,0.564,3.27e-19,146000.0,14.2,0.625,0.564,1.2,1.6e-14,0.851,6.08e-15,3282387,0.0222,0.118,0.0222,6.180000000000001e-21,1.05,0.564,0.0,-39.1
4.0,2.0,2.81e-08,4e-08,2e-08,2.0,1.0,50.0,50.0,500.0,500.0,1.2,0.9,2.81e-08,0.5,1.0,3.9,11.7,25.0,0.5,0.025,0.0125,5e-11,5e-11,4.47e-09,5e-09,2.57e-16,5.46e-18,2.49e-17,3.44e-07,1.82e-19,3.2099999999999998e-90,2.74e-06,9.08e-20,3.69e-09,0.575,0.564,1.09e-19,438000.0,14.2,0.625,0.564,1.2,1.6e-14,0.851,6.08e-15,3282446,0.0222,0.126,0.0222,6.180000000000001e-21,1.05,0.564,0.0,-39.1
4.0,2.0,2.81e-08,2e-08,2e-08,2.0,1.0,50.0,50.0,500.0,500.0,0.346,0.618,2.81e-08,0.5,1.0,3.9,11.7,3.9,0.5,0.025,0.0125,5e-11,5e-11,2.11e-09,5e-09,9.93e-17,5.46e-18,2.49e-17,4.49e-08,1.81e-14,6.94e-38,1.34e-09,9.07e-15,4.4e-09,0.158,0.147,3.14e-15,258000000.0,14.2,0.188,0.147,0.346,3e-07,0.563,4.96e-15,3282436,0.0408,33.5,0.0408,1.87e-20,1.09,0.147,0.0,-17.7
4.0,2.0,2.81e-08,4e-08,2e-08,2.0,1.0,50.0,50.0,500.0,500.0,0.346,0.618,2.81e-08,0.5,1.0,3.9,11.7,3.9,0.5,0.025,0.0125,5e-11,5e-11,2.11e-09,5e-09,9.93e-17,5.46e-18,2.49e-17,4.49e-08,1.81e-14,6.94e-38,1.35e-09,9.07e-15,4.4e-09,0.158,0.147,3.14e-15,257000000.0,14.2,0.188,0.147,0.346,2.99e-07,0.563,6.08e-15,3282462,0.0408,33.3,0.0408,1.87e-20,1.09,0.147,0.0,-17.7
4.0,2.0,2.81e-08,1e-08,2e-08,2.0,1.0,50.0,50.0,500.0,500.0,0.346,0.618,2.81e-08,0.5,1.0,3.9,11.7,3.9,0.5,0.025,0.0125,5e-11,5e-11,2.11e-09,5e-09,9.93e-17,5.46e-18,2.49e-17,4.49e-08,1.81e-14,6.94e-38,1.33e-09,9.07e-15,4.4e-09,0.158,0.147,3.14e-15,260000000.0,14.2,0.188,0.147,0.346,3.03e-07,0.563,4.39e-15,3282450,0.0408,33.7,0.0408,1.87e-20,1.09,0.147,0.0,-17.7
4.0,2.0,2.81e-08,1e-08,2e-08,2.0,1.0,50.0,50.0,500.0,500.0,0.346,0.9,2.81e-08,0.5,1.0,3.9,11.7,3.9,0.5,0.025,0.0125,5e-11,5e-11,4.47e-09,5e-09,5.85e-17,5.46e-18,2.49e-17,3.08e-08,1.69e-15,2.23e-30,1.41e-11,8.45e-16,6.49e-09,0.148,0.135,2.93e-16,24500000000.0,14.2,0.199,0.135,0.346,3.73e-06,0.747,4.39e-15,3282398,0.113,2180.0,0.113,3.96e-20,1.29,0.135,0.0,-8.43
4.0,2.0,2.81e-08,1e-08,5e-09,2.0,1.0,50.0,50.0,500.0,500.0,0.645,0.618,2.81e-08,0.5,1.0,3.9,11.7,3.9,0.5,0.025,0.0125,5e-11,5e-11,1e-09,5e-09,2.51e-16,2.18e-17,2.49e-17,1.92e-07,1.28e-15,1.5800000000000002e-125,2.56e-07,6.39e-16,3.15e-09,0.306,0.297,4.12e-16,2520000.0,14.2,0.339,0.297,0.645,4.79e-10,0.599,2.71e-15,3282439,0.0116,0.751,0.0116,8.85e-21,1.02,0.297,0.0,-30.1
4.0,2.0,2.81e-08,1e-08,1e-08,2.0,1.0,50.0,50.0,500.0,500.0,0.645,0.618,2.81e-08,0.5,1.0,3.9,11.7,3.9,0.5,0.025,0.0125,5e-11,5e-11,1e-09,5e-09,2.07e-16,1.09e-17,2.49e-17,1.57e-07,1.28e-15,1.5800000000000002e-125,2.56e-07,6.39e-16,3.15e-09,0.306,0.297,4.12e-16,2520000.0,14.2,0.339,0.297,0.645,4.8e-10,0.599,3.27e-15,3282416,0.0116,0.613,0.0116,8.85e-21,1.02,0.297,0.0,-30.1
4.0,2.0,2.81e-08,2e-08,1e-08,2.0,1.0,50.0,50.0,500.0,500.0,0.645,0.618,2.81e-08,0.5,1.0,3.9,11.7,3.9,0.5,0.025,0.0125,5e-11,5e-11,1e-09,5e-09,2.07e-16,1.09e-17,2.49e-17,1.57e-07,1.28e-15,1.5800000000000002e-125,4.02e-07,6.39e-16,3.15e-09,0.306,0.297,4.12e-16,1610000.0,14.2,0.339,0.297,0.645,2.52e-10,0.599,3.83e-15,3282387,0.0116,0.391,0.0116,8.85e-21,1.02,0.297,0.0,-30.1
4.0,2.0,2.81e-08,1e-08,2e-08,2.0,1.0,50.0,50.0,500.0,500.0,0.645,0.618,2.81e-08,0.5,1.0,3.9,11.7,3.9,0.5,0.025,0.0125,5e-11,5e-11,1e-09,5e-09,1.86e-16,5.46e-18,2.49e-17,1.39e-07,1.28e-15,1.5800000000000002e-125,2.56e-07,6.39e-16,3.15e-09,0.306,0.297,4.12e-16,2520000.0,14.2,0.339,0.297,0.645,4.8e-10,0.599,4.39e-15,3282384,0.0116,0.545,0.0116,8.85e-21,1.02,0.297,0.0,-30.1
4.0,2.0,2.81e-08,2e-08,2e-08,2.0,1.0,50.0,50.0,500.0,500.0,0.645,0.618,2.81e-08,0.5,1.0,3.9,11.7,3.9,0.5,0.025,0.0125,5e-11,5e-11,1e-09,5e-09,1.86e-16,5.46e-18,2.49e-17,1.39e-07,1.28e-15,1.5800000000000002e-125,4.01e-07,6.39e-16,3.15e-09,0.306,0.297,4.12e-16,1610000.0,14.2,0.339,0.297,0.645,2.52e-10,0.599,4.96e-15,3282456,0.0116,0.347,0.0116,8.85e-21,1.02,0.297,0.0,-30.1
4.0,2.0,2.81e-08,4e-08,2e-08,2.0,1.0,50.0,50.0,500.0,500.0,0.645,0.618,2.81e-08,0.5,1.0,3.9,11.7,3.9,0.5,0.025,0.0125,5e-11,5e-11,1e-09,5e-09,1.86e-16,5.46e-18,2.49e-17,1.39e-07,1.28e-15,1.5800000000000002e-125,5.89e-07,6.39e-16,3.15e-09,0.306,0.297,4.12e-16,1090000.0,14.2,0.339,0.297,0.645,1.38e-10,0.599,6.08e-15,3282385,0.0116,0.236,0.0116,8.85e-21,1.02,0.297,0.0,-30.1
4.0,2.0,2.81e-08,2e-08,1e-08,2.0,1.0,50.0,50.0,500.0,500.0,0.645,0.618,2.81e-08,0.5,1.0,3.9,11.7,3.9,0.5,0.025,0.0125,5e-11,5e-11,2.11e-09,5e-09,1.21e-16,1.09e-17,2.49e-17,1.01e-07,2.77e-14,1.97e-135,4.32e-07,1.39e-14,4.4e-09,0.298,0.287,8.94e-15,1490000.0,14.2,0.347,0.287,0.645,5.68e-09,0.551,3.83e-15,3282389,0.0408,0.234,0.0408,1.87e-20,1.09,0.287,0.0,-21.5
4.0,2.0,2.81e-08,1e-08,1e-08,2.0,1.0,50.0,50.0,500.0,500.0,0.645,0.618,2.81e-08,0.5,1.0,3.9,11.7,3.9,0.5,0.025,0.0125,5e-11,5e-11,2.11e-09,5e-09,1.21e-16,1.09e-17,2.49e-17,1.01e-07,2.77e-14,1.97e-135,2.82e-07,1.39e-14,4.4e-09,0.298,0.287,8.94e-15,2290000.0,14.2,0.347,0.287,0.645,1.06e-08,0.551,3.27e-15,3282430,0.0408,0.359,0.0408,1.87e-20,1.09,0.287,0.0,-21.5
4.0,2.0,2.81e-08,4e-08,1e-08,2.0,1.0,50.0,50.0,500.0,500.0,0.645,0.618,2.81e-08,0.5,1.0,3.9,11.7,3.9,0.5,0.025,0.0125,5e-11,5e-11,2.11e-09,5e-09,1.21e-16,1.09e-17,2.49e-17,1.01e-07,2.77e-14,1.97e-135,6.11e-07,1.39e-14,4.4e-09,0.298,0.287,8.94e-15,1060000.0,14.2,0.347,0.287,0.645,3.19e-09,0.551,4.96e-15,3282401,0.0408,0.166,0.0408,1.87e-20,1.09,0.287,0.0,-21.5
4.0,2.0,2.81e-08,4e-08,2e-08,2.0,2.0,50.0,50.0,500.0,500.0,0.645,0.618,2.81e-08,0.5,1.0,3.9,11.7,3.9,0.5,0.025,0.0125,5e-11,5e-11,2.11e-09,5e-09,1.99e-16,1.09e-17,2.49e-17,1.51e-07,5.55e-14,1.97e-135,1.22e-06,2.77e-14,4.4e-09,0.298,0.287,1.79e-14,529000.0,14.2,0.347,0.287,0.645,3.2e-09,0.551,6.08e-15,3282399,0.0408,0.124,0.0408,1.87e-20,1.09,0.287,0.0,-21.5
4.0,2.0,2.81e-08,2e-08,2e-08,2.0,1.0,50.0,50.0,500.0,500.0,0.645,0.618,2.81e-08,0.5,1.0,3.9,11.7,3.9,0.5,0.025,0.0125,5e-11,5e-11,2.11e-09,5e-09,9.93e-17,5.46e-18,2.49e-17,8.36e-08,2.77e-14,1.97e-135,4.31e-07,1.39e-14,4.4e-09,0.298,0.287,8.94e-15,1490000.0,14.2,0.347,0.287,0.645,5.69e-09,0.551,4.96e-15,3282433,0.0408,0.194,0.0408,1.87e-20,1.09,0.287,0.0,-21.5
4.0,2.0,2.81e-08,4e-08,2e-08,2.0,1.0,50.0,50.0,500.0,500.0,0.645,0.618,2.81e-08,0.5,1.0,3.9,11.7,3.9,0.5,0.025,0.0125,5e-11,5e-11,2.11e-09,5e-09,9.93e-17,5.46e-18,2.49e-17,8.36e-08,2.77e-14,1.97e-135,6.09e-07,1.39e-14,4.4e-09,0.298,0.287,8.94e-15,1060000.0,14.2,0.347,0.287,0.645,3.2e-09,0.551,6.08e-15,3282403,0.0408,0.137,0.0408,1.87e-20,1.09,0.287,0.0,-21.5
4.0,2.0,2.81e-08,1e-08,2e-08,2.0,1.0,50.0,50.0,500.0,500.0,0.645,0.618,2.81e-08,0.5,1.0,3.9,11.7,3.9,0.5,0.025,0.0125,5e-11,5e-11,2.11e-09,5e-09,9.93e-17,5.46e-18,2.49e-17,8.36e-08,2.77e-14,1.97e-135,2.82e-07,1.39e-14,4.4e-09,0.298,0.287,8.94e-15,2290000.0,14.2,0.347,0.287,0.645,1.07e-08,0.551,4.39e-15,3282419,0.0408,0.297,0.0408,1.87e-20,1.09,0.287,0.0,-21.5
4.0,2.0,5e-08,1e-08,1e-08,2.0,1.0,50.0,50.0,500.0,500.0,0.1,0.618,5e-08,0.5,1.0,3.9,11.7,3.9,0.5,0.025,0.0125,5e-11,5e-11,4.47e-09,5e-09,2.54e-16,3.45e-17,4.43e-17,3.33e-08,3.04e-15,8.1e-17,6.34e-14,1.56e-15,6.49e-09,0.0435,0.03,1.56e-16,1580000000000.0,8.0,0.056,0.0312,0.0996,0.00113,0.595,8e-15,3282366,0.0213,525000.0,0.0213,3.96e-20,1.04,0.03,0.0,-6.75
4.0,2.0,5e-08,1e-08,2e-08,2.0,1.0,50.0,50.0,500.0,500.0,0.1,0.618,5e-08,0.5,1.0,3.9,11.7,3.9,0.5,0.025,0.0125,5e-11,5e-11,4.47e-09,5e-09,1.85e-16,1.73e-17,4.43e-17,2.46e-08,3.04e-15,8.1e-17,6.34e-14,1.56e-15,6.49e-09,0.0435,0.03,1.56e-16,1580000000000.0,8.0,0.056,0.0312,0.0996,0.00113,0.595,1e-14,3282432,0.0213,389000.0,0.0213,3.96e-20,1.04,0.03,0.0,-6.75
4.0,2.0,5e-08,1e-08,2e-08,2.0,1.0,50.0,50.0,500.0,500.0,0.1,0.618,5e-08,0.5,1.0,3.9,11.7,3.9,0.5,0.025,0.0125,5e-11,5e-11,4.47e-09,8.55e-09,1.85e-16,1.73e-17,4.43e-17,2.46e-08,3.46e-14,1.11e-20,5.56e-13,1.73e-14,8.35e-09,0.0428,0.0282,1.73e-15,180000000000.0,8.0,0.0566,0.0298,0.0994,0.00162,0.563,1e-14,3282364,0.05,44400.0,0.05,3.96e-20,1.11,0.0282,0.0,-5.43
4.0,2.0,5e-08,1e-08,5e-09,2.0,1.0,50.0,50.0,500.0,500.0,0.186,0.9,5e-08,0.5,1.0,3.9,11.7,3.9,0.5,0.025,0.0125,5e-11,5e-11,9.46e-09,5e-09,3.31e-16,6.91e-17,4.43e-17,8.27e-08,8.41e-17,1.95e-19,1.29e-14,4.22e-17,1.02e-08,0.0812,0.0665,7.85e-18,14400000000000.0,8.0,0.105,0.0666,0.186,0.00017,0.798,7e-15,3282409,0.0856,6410000.0,0.0856,8.37e-20,1.21,0.0665,0.0,-8.65
4.0,2.0,5e-08,1e-08,2e-08,2.0,2.0,50.0,50.0,500.0,500.0,0.186,0.9,5e-08,0.5,1.0,3.9,11.7,3.9,0.5,0.025,0.0125,5e-11,5e-11,9.46e-09,5e-09,2.48e-16,3.45e-17,4.43e-17,6.08e-08,1.68e-16,1.95e-19,2.58e-14,8.42e-17,1.02e-08,0.0812,0.0665,1.57e-17,7210000000000.0,8.0,0.105,0.0666,0.186,0.00017,0.798,1e-14,3282365,0.0856,2350000.0,0.0856,8.37e-20,1.21,0.0665,0.0,-8.65
4.0,2.0,5e-08,1e-08,2e-08,2.0,1.0,50.0,50.0,500.0,500.0,0.186,0.9,5e-08,0.5,1.0,3.9,11.7,3.9,0.5,0.025,0.0125,5e-11,5e-11,9.46e-09,5e-09,1.24e-16,1.73e-17,4.43e-17,3.45e-08,8.41e-17,1.95e-19,1.29e-14,4.22e-17,1.02e-08,0.0812,0.0665,7.85e-18,14400000000000.0,8.0,0.105,0.0666,0.186,0.00017,0.798,1e-14,3282463,0.0856,2670000.0,0.0856,8.37e-20,1.21,0.0665,0.0,-8.65
4.0,2.0,5e-08,1e-08,1e-08,2.0,1.0,50.0,50.0,500.0,500.0,0.186,0.9,5e-08,0.5,1.0,3.9,11.7,3.9,0.5,0.025,0.0125,5e-11,5e-11,9.46e-09,5e-09,1.93e-16,3.45e-17,4.43e-17,5.06e-08,8.41e-17,1.95e-19,1.29e-14,4.22e-17,1.02e-08,0.0812,0.0665,7.85e-18,14400000000000.0,8.0,0.105,0.0666,0.186,0.00017,0.798,8e-15,3282417,0.0856,3920000.0,0.0856,8.37e-20,1.21,0.0665,0.0,-8.65
4.0,2.0,5e-08,1e-08,1e-08,2.0,1.0,50.0,50.0,500.0,500.0,1.2,0.9,5e-08,0.5,1.0,3.9,11.7,3.9,0.5,0.025,0.0125,5e-11,5e-11,2.11e-09,5e-09,3.83e-16,3.45e-17,4.43e-17,5.54e-07,1.33e-20,1.0800000000000002e-43,1.19e-06,6.65e-21,4.4e-09,0.588,0.573,7.99e-21,1010000.0,8.0,0.612,0.573,1.2,2.89e-15,0.893,8e-15,3282430,0.0034,0.467,0.0034,1.87e-20,1.01,0.573,0.0,-58.1
4.0,2.0,5e-08,2e-08,1e-08,2.0,1.0,50.0,50.0,500.0,500.0,1.2,0.9,5e-08,0.5,1.0,3.9,11.7,3.9,0.5,0.025,0.0125,5e-11,5e-11,2.11e-09,5e-09,3.83e-16,3.45e-17,4.43e-17,5.54e-07,1.48e-20,1.0800000000000002e-43,1.85e-06,7.390000000000001e-21,4.4e-09,0.588,0.573,8.860000000000001e-21,647000.0,8.0,0.612,0.573,1.2,2e-15,0.893,9e-15,3282456,0.0034,0.299,0.0034,1.87e-20,1.01,0.573,0.0,-58.1
4.0,2.0,5e-08,4e-08,1e-08,2.0,3.0,50.0,50.0,500.0,500.0,1.2,0.9,5e-08,0.5,1.0,3.9,11.7,3.9,0.5,0.025,0.0125,5e-11,5e-11,2.11e-09,5e-09,1.15e-15,1.04e-16,4.43e-17,1.56e-06,3.54e-20,1.0800000000000002e-43,7.84e-06,1.77e-20,4.4e-09,0.588,0.573,2.12e-20,153000.0,8.0,0.612,0.573,1.2,8.88e-16,0.893,1.1e-14,3282414,0.0034,0.199,0.0034,1.87e-20,1.01,0.573,0.0,-58.1
4.0,2.0,5e-08,4e-08,1e-08,2.0,1.0,50.0,50.0,500.0,500.0,1.2,0.9,5e-08,0.5,1.0,3.9,11.7,3.9,0.5,0.025,0.0125,5e-11,5e-11,2.11e-09,5e-09,3.83e-16,3.45e-17,4.43e-17,5.54e-07,1.18e-20,1.0800000000000002e-43,2.61e-06,5.8900000000000004e-21,4.4e-09,0.588,0.573,7.07e-21,459000.0,8.0,0.612,0.573,1.2,8.88e-16,0.893,1.1e-14,3282455,0.0034,0.212,0.0034,1.87e-20,1.01,0.573,0.0,-58.1
4.0,2.0,5e-08,4e-08,1e-08,2.0,2.0,50.0,50.0,500.0,500.0,1.2,0.9,5e-08,0.5,1.0,3.9,11.7,3.9,0.5,0.025,0.0125,5e-11,5e-11,2.11e-09,5e-09,7.66e-16,6.91e-17,4.43e-17,1.06e-06,2.36e-20,1.0800000000000002e-43,5.23e-06,1.18e-20,4.4e-09,0.588,0.573,1.41e-20,230000.0,8.0,0.612,0.573,1.2,8.88e-16,0.893,1.1e-14,3282418,0.0034,0.202,0.0034,1.87e-20,1.01,0.573,0.0,-58.1
4.0,2.0,5e-08,4e-08,2e-08,2.0,1.0,50.0,50.0,500.0,500.0,1.2,0.9,5e-08,0.5,1.0,3.9,11.7,3.9,0.5,0.025,0.0125,5e-11,5e-11,2.11e-09,5e-09,3.14e-16,1.73e-17,4.43e-17,4.51e-07,1.17e-20,1.0800000000000002e-43,2.61e-06,5.8700000000000006e-21,4.4e-09,0.588,0.573,7.050000000000001e-21,460000.0,8.0,0.612,0.573,1.2,8.88e-16,0.893,1.3e-14,3282416,0.0034,0.173,0.0034,1.87e-20,1.01,0.573,0.0,-58.1
4.0,2.0,5e-08,4e-08,2e-08,2.0,3.0,50.0,50.0,500.0,500.0,1.2,0.9,5e-08,0.5,1.0,3.9,11.7,3.9,0.5,0.025,0.0125,5e-11,5e-11,2.11e-09,5e-09,9.42e-16,5.18e-17,4.43e-17,1.25e-06,3.52e-20,1.0800000000000002e-43,7.83e-06,1.76e-20,4.4e-09,0.588,0.573,2.11e-20,153000.0,8.0,0.612,0.573,1.2,8.88e-16,0.893,1.3e-14,3282434,0.0034,0.159,0.0034,1.87e-20,1.01,0.573,0.0,-58.1
4.0,2.0,5e-08,4e-08,2e-08,2.0,2.0,50.0,50.0,500.0,500.0,1.2,0.9,5e-08,0.5,1.0,3.9,11.7,3.9,0.5,0.025,0.0125,5e-11,5e-11,2.11e-09,5e-09,6.28e-16,3.45e-17,4.43e-17,8.48e-07,2.35e-20,1.0800000000000002e-43,5.22e-06,1.17e-20,4.4e-09,0.588,0.573,1.41e-20,230000.0,8.0,0.612,0.573,1.2,8.88e-16,0.893,1.3e-14,3282373,0.0034,0.163,0.0034,1.87e-20,1.01,0.573,0.0,-58.1
4.0,2.0,5e-08,1e-08,2e-08,2.0,1.0,50.0,50.0,500.0,500.0,1.2,0.9,5e-08,0.5,1.0,3.9,11.7,3.9,0.5,0.025,0.0125,5e-11,5e-11,2.11e-09,5e-09,3.14e-16,1.73e-17,4.43e-17,4.51e-07,1.33e-20,1.0800000000000002e-43,1.19e-06,6.65e-21,4.4e-09,0.588,0.573,7.980000000000001e-21,1010000.0,8.0,0.612,0.573,1.2,2.89e-15,0.893,1e-14,3282390,0.0034,0.38,0.0034,1.87e-20,1.01,0.573,0.0,-58.1
4.0,2.0,5e-08,2e-08,2e-08,2.0,1.0,50.0,50.0,500.0,500.0,1.2,0.9,5e-08,0.5,1.0,3.9,11.7,3.9,0.5,0.025,0.0125,5e-11,5e-11,2.11e-09,5e-09,3.14e-16,1.73e-17,4.43e-17,4.51e-07,1.47e-20,1.0800000000000002e-43,1.85e-06,7.37e-21,4.4e-09,0.588,0.573,8.85e-21,648000.0,8.0,0.612,0.573,1.2,2e-15,0.893,1.1e-14,3282431,0.0034,0.243,0.0034,1.87e-20,1.01,0.573,0.0,-58.1
4.0,2.0,5e-08,4e-08,1e-08,2.0,1.0,50.0,50.0,500.0,500.0,1.2,0.9,5e-08,0.5,1.0,3.9,11.7,3.9,0.5,0.025,0.0125,5e-11,5e-11,2.11e-09,8.55e-09,3.83e-16,3.45e-17,4.43e-17,5.54e-07,7.37e-20,1.08e-40,2.73e-06,3.68e-20,5.89e-09,0.58,0.569,4.42e-20,439000.0,8.0,0.62,0.569,1.2,4e-15,0.868,1.1e-14,3282409,0.0143,0.203,0.0143,1.87e-20,1.03,0.569,0.0,-51.2
4.0,2.0,5e-08,4e-08,2e-08,2.0,1.0,50.0,50.0,500.0,500.0,1.2,0.9,5e-08,0.5,1.0,3.9,11.7,3.9,0.5,0.025,0.0125,5e-11,5e-11,2.11e-09,8.55e-09,3.14e-16,1.73e-17,4.43e-17,4.51e-07,7.34e-20,1.08e-40,2.73e-06,3.67e-20,5.89e-09,0.58,0.569,4.4e-20,440000.0,8.0,0.62,0.569,1.2,4e-15,0.868,1.3e-14,3282368,0.0143,0.165,0.0143,1.87e-20,1.03,0.569,0.0,-51.2
4.0,2.0,5e-08,1e-08,2e-08,2.0,1.0,50.0,50.0,500.0,500.0,1.2,0.9,5e-08,0.5,1.0,3.9,11.7,3.9,0.5,0.025,0.0125,5e-11,5e-11,2.11e-09,8.55e-09,3.14e-16,1.73e-17,4.43e-17,4.51e-07,7.39e-20,1.08e-40,1.23e-06,3.69e-20,5.89e-09,0.58,0.569,4.43e-20,978000.0,8.0,0.62,0.569,1.2,1.49e-14,0.868,1e-14,3282391,0.0143,0.367,0.0143,1.87e-20,1.03,0.569,0.0,-51.2
4.0,2.0,5e-08,4e-08,2e-08,2.0,2.0,50.0,50.0,500.0,500.0,1.2,0.9,5e-08,0.5,1.0,3.9,11.7,3.9,0.5,0.025,0.0125,5e-11,5e-11,2.11e-09,8.55e-09,6.28e-16,3.45e-17,4.43e-17,8.48e-07,1.47e-19,1.08e-40,5.45e-06,7.34e-20,5.89e-09,0.58,0.569,8.81e-20,220000.0,8.0,0.62,0.569,1.2,4e-15,0.868,1.3e-14,3282458,0.0143,0.156,0.0143,1.87e-20,1.03,0.569,0.0,-51.2
4.0,2.0,5e-08,1e-08,1e-08,2.0,1.0,50.0,50.0,500.0,500.0,1.2,0.9,5e-08,0.5,1.0,3.9,11.7,3.9,0.5,0.025,0.0125,5e-11,5e-11,2.11e-09,8.55e-09,3.83e-16,3.45e-17,4.43e-17,5.54e-07,7.39e-20,1.08e-40,1.23e-06,3.7e-20,5.89e-09,0.58,0.569,4.44e-20,977000.0,8.0,0.62,0.569,1.2,1.49e-14,0.868,8e-15,3282452,0.0143,0.451,0.0143,1.87e-20,1.03,0.569,0.0,-51.2
4.0,2.0,5e-08,2e-08,2e-08,2.0,1.0,50.0,50.0,500.0,500.0,1.2,0.9,5e-08,0.5,1.0,3.9,11.7,3.9,0.5,0.025,0.0125,5e-11,5e-11,2.11e-09,8.55e-09,3.14e-16,1.73e-17,4.43e-17,4.51e-07,7.37e-20,1.08e-40,1.93e-06,3.69e-20,5.89e-09,0.58,0.569,4.42e-20,623000.0,8.0,0.62,0.569,1.2,7.99e-15,0.868,1.1e-14,3282387,0.0143,0.234,0.0143,1.87e-20,1.03,0.569,0.0,-51.2
4.0,2.0,5e-08,4e-08,1e-08,2.0,2.0,50.0,50.0,500.0,500.0,1.2,0.9,5e-08,0.5,1.0,3.9,11.7,3.9,0.5,0.025,0.0125,5e-11,5e-11,2.11e-09,8.55e-09,7.66e-16,6.91e-17,4.43e-17,1.06e-06,1.47e-19,1.08e-40,5.46e-06,7.37e-20,5.89e-09,0.58,0.569,8.84e-20,220000.0,8.0,0.62,0.569,1.2,4e-15,0.868,1.1e-14,3282453,0.0143,0.193,0.0143,1.87e-20,1.03,0.569,0.0,-51.2
4.0,2.0,5e-08,2e-08,1e-08,2.0,1.0,50.0,50.0,500.0,500.0,1.2,0.9,5e-08,0.5,1.0,3.9,11.7,3.9,0.5,0.025,0.0125,5e-11,5e-11,2.11e-09,8.55e-09,3.83e-16,3.45e-17,4.43e-17,5.54e-07,7.39e-20,1.08e-40,1.93e-06,3.69e-20,5.89e-09,0.58,0.569,4.43e-20,622000.0,8.0,0.62,0.569,1.2,7.99e-15,0.868,9e-15,3282462,0.0143,0.287,0.0143,1.87e-20,1.03,0.569,0.0,-51.2
4.0,2.0,5e-08,1e-08,5e-09,2.0,1.0,50.0,50.0,500.0,500.0,1.2,0.9,5e-08,0.5,1.0,3.9,11.7,25.0,0.5,0.025,0.0125,5e-11,5e-11,2.11e-09,5e-09,1.85e-15,6.91e-17,4.43e-17,2.35e-06,8.14e-21,1.03e-44,1.45e-06,4.07e-21,2.38e-09,0.59,0.578,4.8800000000000004e-21,830000.0,8.0,0.61,0.578,1.2,2e-15,0.9,7e-15,3282456,2.77e-05,1.63,2.77e-05,2.92e-21,1.0,0.578,0.0,-58.2
4.0,2.0,5e-08,2e-08,5e-09,2.0,1.0,50.0,50.0,500.0,500.0,1.2,0.9,5e-08,0.5,1.0,3.9,11.7,25.0,0.5,0.025,0.0125,5e-11,5e-11,2.11e-09,5e-09,1.85e-15,6.91e-17,4.43e-17,2.35e-06,5.91e-21,1.03e-44,2.73e-06,2.9600000000000004e-21,2.38e-09,0.59,0.578,3.5500000000000005e-21,440000.0,8.0,0.61,0.578,1.2,8.88e-16,0.9,8e-15,3282421,2.77e-05,0.862,2.77e-05,2.92e-21,1.0,0.578,0.0,-58.2
4.0,2.0,5e-08,2e-08,2e-08,2.0,1.0,50.0,50.0,500.0,500.0,1.2,0.9,5e-08,0.5,1.0,3.9,11.7,25.0,0.5,0.025,0.0125,5e-11,5e-11,2.11e-09,5e-09,1.64e-15,1.73e-17,4.43e-17,2.04e-06,5.9e-21,1.03e-44,2.72e-06,2.95e-21,2.38e-09,0.59,0.578,3.5400000000000006e-21,441000.0,8.0,0.61,0.578,1.2,8.88e-16,0.9,1.1e-14,3282409,2.77e-05,0.75,2.77e-05,2.92e-21,1.0,0.578,0.0,-58.2
4.0,2.0,5e-08,1e-08,1e-08,2.0,1.0,50.0,50.0,500.0,500.0,1.2,0.9,5e-08,0.5,1.0,3.9,11.7,25.0,0.5,0.025,0.0125,5e-11,5e-11,2.11e-09,5e-09,1.71e-15,3.45e-17,4.43e-17,2.14e-06,8.13e-21,1.03e-44,1.45e-06,4.07e-21,2.38e-09,0.59,0.578,4.8800000000000004e-21,830000.0,8.0,0.61,0.578,1.2,2e-15,0.9,8e-15,3282449,2.77e-05,1.48,2.77e-05,2.92e-21,1.0,0.578,0.0,-58.2
4.0,2.0,5e-08,2e-08,1e-08,2.0,1.0,50.0,50.0,500.0,500.0,1.2,0.9,5e-08,0.5,1.0,3.9,11.7,25.0,0.5,0.025,0.0125,5e-11,5e-11,2.11e-09,5e-09,1.71e-15,3.45e-17,4.43e-17,2.14e-06,5.91e-21,1.03e-44,2.73e-06,2.95e-21,2.38e-09,0.59,0.578,3.5500000000000005e-21,440000.0,8.0,0.61,0.578,1.2,8.88e-16,0.9,9e-15,3282416,2.77e-05,0.787,2.77e-05,2.92e-21,1.0,0.578,0.0,-58.2
4.0,2.0,5e-08,1e-08,2e-08,2.0,1.0,50.0,50.0,500.0,500.0,1.2,0.9,5e-08,0.5,1.0,3.9,11.7,25.0,0.5,0.025,0.0125,5e-11,5e-11,2.11e-09,5e-09,1.64e-15,1.73e-17,4.43e-17,2.04e-06,8.13e-21,1.03e-44,1.44e-06,4.0600000000000004e-21,2.38e-09,0.59,0.578,4.8800000000000004e-21,831000.0,8.0,0.61,0.578,1.2,2e-15,0.9,1e-14,3282436,2.77e-05,1.41,2.77e-05,2.92e-21,1.0,0.578,0.0,-58.2
4.0,2.0,5e-08,1e-08,2e-08,2.0,1.0,50.0,50.0,500.0,500.0,1.2,0.9,5e-08,0.5,1.0,3.9,11.7,3.9,0.5,0.025,0.0125,5e-11,5e-11,4.47e-09,5e-09,1.85e-16,1.73e-17,4.43e-17,2.96e-07,2.08e-19,3.6299999999999997e-90,9.94e-07,1.04e-19,6.49e-09,0.579,0.562,1.25e-19,1210000.0,8.0,0.621,0.562,1.2,4.4e-14,0.853,1e-14,3282387,0.0213,0.297,0.0213,3.96e-20,1.04,0.562,0.0,-43.8
4.0,2.0,5e-08,2e-08,2e-08,2.0,1.0,50.0,50.0,500.0,500.0,1.2,0.9,5e-08,0.5,1.0,3.9,11.7,3.9,0.5,0.025,0.0125,5e-11,5e-11,4.47e-09,5e-09,1.85e-16,1.73e-17,4.43e-17,2.96e-07,2.06e-19,3.6299999999999997e-90,1.4e-06,1.03e-19,6.49e-09,0.579,0.562,1.24e-19,858000.0,8.0,0.621,0.562,1.2,2.29e-14,0.853,1.1e-14,3282406,0.0213,0.211,0.0213,3.96e-20,1.04,0.562,0.0,-43.8
4.0,2.0,5e-08,4e-08,2e-08,2.0,1.0,50.0,50.0,500.0,500.0,1.2,0.9,5e-08,0.5,1.0,3.9,11.7,3.9,0.5,0.025,0.0125,5e-11,5e-11,4.47e-09,5e-09,1.85e-16,1.73e-17,4.43e-17,2.96e-07,2.08e-19,3.6299999999999997e-90,1.77e-06,1.04e-19,6.49e-09,0.579,0.562,1.25e-19,679000.0,8.0,0.621,0.562,1.2,1.29e-14,0.853,1.3e-14,3282394,0.0213,0.167,0.0213,3.96e-20,1.04,0.562,0.0,-43.8
4.0,2.0,5e-08,4e-08,5e-09,2.0,1.0,50.0,50.0,500.0,500.0,1.2,0.9,5e-08,0.5,1.0,3.9,11.7,25.0,0.5,0.025,0.0125,5e-11,5e-11,4.47e-09,5e-09,1.02e-15,6.91e-17,4.43e-17,1.36e-06,8.860000000000001e-21,2.04e-101,4.05e-06,4.4300000000000005e-21,3.69e-09,0.59,0.576,5.3200000000000004e-21,296000.0,8.0,0.61,0.576,1.2,0.0,0.897,1e-14,3282385,0.00115,0.335,0.00115,6.180000000000001e-21,1.0,0.576,0.0,-58.0
4.0,2.0,5e-08,4e-08,1e-08,2.0,1.0,50.0,50.0,500.0,500.0,1.2,0.9,5e-08,0.5,1.0,3.9,11.7,25.0,0.5,0.025,0.0125,5e-11,5e-11,4.47e-09,5e-09,8.81e-16,3.45e-17,4.43e-17,1.15e-06,8.840000000000001e-21,2.04e-101,4.05e-06,4.420000000000001e-21,3.69e-09,0.59,0.576,5.3100000000000005e-21,297000.0,8.0,0.61,0.576,1.2,0.0,0.897,1.1e-14,3282406,0.00115,0.284,0.00115,6.180000000000001e-21,1.0,0.576,0.0,-58.0
4.0,2.0,5e-08,4e-08,2e-08,2.0,1.0,50.0,50.0,500.0,500.0,1.2,0.9,5e-08,0.5,1.0,3.9,11.7,25.0,0.5,0.025,0.0125,5e-11,5e-11,4.47e-09,5e-09,8.11e-16,1.73e-17,4.43e-17,1.05e-06,8.810000000000001e-21,2.04e-101,4.04e-06,4.4e-21,3.69e-09,0.59,0.576,5.28e-21,297000.0,8.0,0.61,0.576,1.2,0.0,0.897,1.3e-14,3282454,0.00115,0.26,0.00115,6.180000000000001e-21,1.0,0.576,0.0,-58.0
4.0,2.0,5e-08,1e-08,2e-08,2.0,1.0,50.0,50.0,500.0,500.0,0.346,0.9,5e-08,0.5,1.0,3.9,11.7,3.9,0.5,0.025,0.0125,5e-11,5e-11,9.46e-09,5e-09,1.24e-16,1.73e-17,4.43e-17,6.42e-08,1.31e-16,4.52e-58,2.41e-12,6.56e-17,1.02e-08,0.153,0.139,2.27e-17,144000000000.0,8.0,0.193,0.139,0.346,1.66e-06,0.785,1e-14,3282364,0.0856,26700.0,0.0856,8.37e-20,1.21,0.139,0.0,-10.9
4.0,2.0,5e-08,1e-08,5e-09,2.0,1.0,50.0,50.0,500.0,500.0,0.346,0.9,5e-08,0.5,1.0,3.9,11.7,25.0,0.5,0.025,0.0125,5e-11,5e-11,9.46e-09,5e-09,6.27e-16,6.91e-17,4.43e-17,2.57e-07,1.63e-19,4.28e-37,2.51e-14,8.16e-20,6.79e-09,0.161,0.148,2.83e-20,13800000000000.0,8.0,0.186,0.148,0.346,1.52e-07,0.866,7e-15,3282376,0.0252,10200000.0,0.0252,1.31e-20,1.05,0.148,0.0,-20.4
4.0,2.0,5e-08,1e-08,1e-08,2.0,1.0,50.0,50.0,500.0,500.0,0.346,0.9,5e-08,0.5,1.0,3.9,11.7,25.0,0.5,0.025,0.0125,5e-11,5e-11,9.46e-09,5e-09,4.89e-16,3.45e-17,4.43e-17,1.97e-07,1.63e-19,4.28e-37,2.51e-14,8.15e-20,6.79e-09,0.161,0.148,2.82e-20,13800000000000.0,8.0,0.186,0.148,0.346,1.52e-07,0.866,8e-15,3282371,0.0252,7850000.0,0.0252,1.31e-20,1.05,0.148,0.0,-20.4
4.0,2.0,5e-08,1e-08,2e-08,2.0,1.0,50.0,50.0,500.0,500.0,0.346,0.9,5e-08,0.5,1.0,3.9,11.7,25.0,0.5,0.025,0.0125,5e-11,5e-11,9.46e-09,5e-09,4.2e-16,1.73e-17,4.43e-17,1.67e-07,1.63e-19,4.28e-37,2.51e-14,8.17e-20,6.79e-09,0.161,0.148,2.83e-20,13800000000000.0,8.0,0.186,0.148,0.346,1.52e-07,0.866,1e-14,3282418,0.0252,6660000.0,0.0252,1.31e-20,1.05,0.148,0.0,-20.4
4.0,2.0,5e-08,4e-08,2e-08,2.0,1.0,50.0,50.0,500.0,500.0,0.346,0.9,5e-08,0.5,1.0,3.9,11.7,25.0,0.5,0.025,0.0125,5e-11,5e-11,9.46e-09,5e-09,4.2e-16,1.73e-17,4.43e-17,1.67e-07,1.63e-19,4.28e-37,2.51e-14,8.15e-20,6.79e-09,0.161,0.148,2.82e-20,13800000000000.0,8.0,0.186,0.148,0.346,1.52e-07,0.866,1.3e-14,3282372,0.0252,6660000.0,0.0252,1.31e-20,1.05,0.148,0.0,-20.4
4.0,2.0,5e-08,1e-08,1e-08,2.0,1.0,50.0,50.0,500.0,500.0,0.645,0.9,5e-08,0.5,1.0,3.9,11.7,3.9,0.5,0.025,0.0125,5e-11,5e-11,2.11e-09,5e-09,3.83e-16,3.45e-17,4.43e-17,2.98e-07,1.22e-20,1.0100000000000001e-29,3.39e-10,6.100000000000001e-21,4.4e-09,0.31,0.3,3.9300000000000005e-21,1900000000.0,8.0,0.335,0.3,0.645,0.0,0.894,8e-15,3282415,0.0034,877.0,0.0034,1.87e-20,1.01,0.3,0.0,-30.6
4.0,2.0,5e-08,1e-08,1e-08,2.0,2.0,50.0,50.0,500.0,500.0,0.645,0.9,5e-08,0.5,1.0,3.9,11.7,3.9,0.5,0.025,0.0125,5e-11,5e-11,2.11e-09,5e-09,7.66e-16,6.91e-17,4.43e-17,5.67e-07,2.44e-20,1.0100000000000001e-29,6.79e-10,1.22e-20,4.4e-09,0.31,0.3,7.87e-21,950000000.0,8.0,0.335,0.3,0.645,0.0,0.894,8e-15,3282412,0.0034,835.0,0.0034,1.87e-20,1.01,0.3,0.0,-30.6
4.0,2.0,5e-08,1e-08,2e-08,2.0,1.0,50.0,50.0,500.0,500.0,0.645,0.9,5e-08,0.5,1.0,3.9,11.7,3.9,0.5,0.025,0.0125,5e-11,5e-11,2.11e-09,5e-09,3.14e-16,1.73e-17,4.43e-17,2.42e-07,1.22e-20,1.0100000000000001e-29,3.39e-10,6.09e-21,4.4e-09,0.31,0.3,3.9300000000000005e-21,1900000000.0,8.0,0.335,0.3,0.645,0.0,0.894,1e-14,3282424,0.0034,713.0,0.0034,1.87e-20,1.01,0.3,0.0,-30.6
4.0,2.0,5e-08,2e-08,1e-08,2.0,1.0,50.0,50.0,500.0,500.0,0.645,0.9,5e-08,0.5,1.0,3.9,11.7,3.9,0.5,0.025,0.0125,5e-11,5e-11,2.11e-09,5e-09,3.83e-16,3.45e-17,4.43e-17,2.98e-07,1.33e-20,1.0100000000000001e-29,3.4e-10,6.65e-21,4.4e-09,0.31,0.3,4.290000000000001e-21,1900000000.0,8.0,0.335,0.3,0.645,0.0,0.894,9e-15,3282427,0.0034,876.0,0.0034,1.87e-20,1.01,0.3,0.0,-30.6
4.0,2.0,5e-08,2e-08,2e-08,2.0,1.0,50.0,50.0,500.0,500.0,0.645,0.9,5e-08,0.5,1.0,3.9,11.7,3.9,0.5,0.025,0.0125,5e-11,5e-11,2.11e-09,5e-09,3.14e-16,1.73e-17,4.43e-17,2.42e-07,1.33e-20,1.0100000000000001e-29,3.4e-10,6.6300000000000006e-21,4.4e-09,0.31,0.3,4.28e-21,1900000000.0,8.0,0.335,0.3,0.645,0.0,0.894,1.1e-14,3282409,0.0034,712.0,0.0034,1.87e-20,1.01,0.3,0.0,-30.6
4.0,2.0,5e-08,1e-08,2e-08,2.0,2.0,50.0,50.0,500.0,500.0,0.645,0.9,5e-08,0.5,1.0,3.9,11.7,3.9,0.5,0.025,0.0125,5e-11,5e-11,2.11e-09,5e-09,6.28e-16,3.45e-17,4.43e-17,4.56e-07,2.44e-20,1.0100000000000001e-29,6.79e-10,1.22e-20,4.4e-09,0.31,0.3,7.860000000000001e-21,950000000.0,8.0,0.335,0.3,0.645,0.0,0.894,1e-14,3282366,0.0034,671.0,0.0034,1.87e-20,1.01,0.3,0.0,-30.6
4.0,2.0,5e-08,1e-08,5e-09,2.0,1.0,50.0,50.0,500.0,500.0,0.645,0.9,5e-08,0.5,1.0,3.9,11.7,3.9,0.5,0.025,0.0125,5e-11,5e-11,2.11e-09,5e-09,5.21e-16,6.91e-17,4.43e-17,4.09e-07,1.22e-20,1.0100000000000001e-29,3.39e-10,6.100000000000001e-21,4.4e-09,0.31,0.3,3.9300000000000005e-21,1900000000.0,8.0,0.335,0.3,0.645,0.0,0.894,7e-15,3282397,0.0034,1210.0,0.0034,1.87e-20,1.01,0.3,0.0,-30.6
4.0,2.0,5e-08,4e-08,2e-08,2.0,1.0,50.0,50.0,500.0,500.0,0.645,0.9,5e-08,0.5,1.0,3.9,11.7,3.9,0.5,0.025,0.0125,5e-11,5e-11,2.11e-09,5e-09,3.14e-16,1.73e-17,4.43e-17,2.42e-07,1.32e-20,1.0100000000000001e-29,3.4e-10,6.6e-21,4.4e-09,0.31,0.3,4.26e-21,1900000000.0,8.0,0.335,0.3,0.645,0.0,0.894,1.3e-14,3282382,0.0034,712.0,0.0034,1.87e-20,1.01,0.3,0.0,-30.6
4.0,2.0,5e-08,2e-08,1e-08,2.0,1.0,50.0,50.0,500.0,500.0,0.645,0.9,5e-08,0.5,1.0,3.9,11.7,3.9,0.5,0.025,0.0125,5e-11,5e-11,2.11e-09,8.55e-09,3.83e-16,3.45e-17,4.43e-17,2.98e-07,5.32e-20,1.29e-33,7e-10,2.66e-20,5.89e-09,0.306,0.294,1.71e-20,921000000.0,8.0,0.339,0.294,0.645,0.0,0.876,9e-15,3282364,0.0143,426.0,0.0143,1.87e-20,1.03,0.294,0.0,-29.5
4.0,2.0,5e-08,1e-08,1e-08,2.0,1.0,50.0,50.0,500.0,500.0,0.645,0.9,5e-08,0.5,1.0,3.9,11.7,3.9,0.5,0.025,0.0125,5e-11,5e-11,2.11e-09,8.55e-09,3.83e-16,3.45e-17,4.43e-17,2.98e-07,5.21e-20,1.29e-33,6.98e-10,2.61e-20,5.89e-09,0.306,0.294,1.68e-20,924000000.0,8.0,0.339,0.294,0.645,0.0,0.876,8e-15,3282422,0.0143,427.0,0.0143,1.87e-20,1.03,0.294,0.0,-29.5
4.0,2.0,5e-08,2e-08,2e-08,2.0,1.0,50.0,50.0,500.0,500.0,0.645,0.9,5e-08,0.5,1.0,3.9,11.7,3.9,0.5,0.025,0.0125,5e-11,5e-11,2.11e-09,8.55e-09,3.14e-16,1.73e-17,4.43e-17,2.42e-07,5.31e-20,1.29e-33,7e-10,2.65e-20,5.89e-09,0.306,0.294,1.71e-20,921000000.0,8.0,0.339,0.294,0.645,0.0,0.876,1.1e-14,3282396,0.0143,346.0,0.0143,1.87e-20,1.03,0.294,0.0,-29.5
4.0,2.0,5e-08,1e-08,2e-08,2.0,1.0,50.0,50.0,500.0,500.0,0.645,0.9,5e-08,0.5,1.0,3.9,11.7,3.9,0.5,0.025,0.0125,5e-11,5e-11,2.11e-09,8.55e-09,3.14e-16,1.73e-17,4.43e-17,2.42e-07,5.32e-20,1.29e-33,6.98e-10,2.66e-20,5.89e-09,0.306,0.294,1.71e-20,924000000.0,8.0,0.339,0.294,0.645,0.0,0.876,1e-14,3282461,0.0143,347.0,0.0143,1.87e-20,1.03,0.294,0.0,-29.5
4.0,2.0,5e-08,4e-08,2e-08,2.0,1.0,50.0,50.0,500.0,500.0,0.645,0.9,5e-08,0.5,1.0,3.9,11.7,3.9,0.5,0.025,0.0125,5e-11,5e-11,2.11e-09,8.55e-09,3.14e-16,1.73e-17,4.43e-17,2.42e-07,5.28e-20,1.29e-33,7.01e-10,2.64e-20,5.89e-09,0.306,0.294,1.7e-20,920000000.0,8.0,0.339,0.294,0.645,0.0,0.876,1.3e-14,3282454,0.0143,346.0,0.0143,1.87e-20,1.03,0.294,0.0,-29.5
4.0,2.0,5e-08,1e-08,5e-09,2.0,1.0,50.0,50.0,500.0,500.0,0.645,0.9,5e-08,0.5,1.0,3.9,11.7,25.0,0.5,0.025,0.0125,5e-11,5e-11,2.11e-09,8.55e-09,1.85e-15,6.91e-17,4.43e-17,1.26e-06,7.770000000000001e-21,7.79e-29,3.23e-10,3.88e-21,3.42e-09,0.311,0.3,2.5000000000000002e-21,1990000000.0,8.0,0.333,0.3,0.645,0.0,0.899,7e-15,3282422,0.000671,3910.0,0.000671,2.92e-21,1.0,0.3,0.0,-30.7
4.0,2.0,5e-08,1e-08,2e-08,2.0,1.0,50.0,50.0,500.0,500.0,0.645,0.9,5e-08,0.5,1.0,3.9,11.7,25.0,0.5,0.025,0.0125,5e-11,5e-11,2.11e-09,8.55e-09,1.64e-15,1.73e-17,4.43e-17,1.1e-06,7.76e-21,7.79e-29,3.23e-10,3.88e-21,3.42e-09,0.311,0.3,2.5000000000000002e-21,1990000000.0,8.0,0.333,0.3,0.645,0.0,0.899,1e-14,3282391,0.000671,3390.0,0.000671,2.92e-21,1.0,0.3,0.0,-30.7
4.0,2.0,5e-08,1e-08,1e-08,2.0,1.0,50.0,50.0,500.0,500.0,0.645,0.9,5e-08,0.5,1.0,3.9,11.7,25.0,0.5,0.025,0.0125,5e-11,5e-11,2.11e-09,8.55e-09,1.71e-15,3.45e-17,4.43e-17,1.15e-06,7.76e-21,7.79e-29,3.23e-10,3.88e-21,3.42e-09,0.311,0.3,2.5000000000000002e-21,1990000000.0,8.0,0.333,0.3,0.645,0.0,0.899,8e-15,3282438,0.000671,3560.0,0.000671,2.92e-21,1.0,0.3,0.0,-30.7
4.0,2.0,5e-08,1e-08,2e-08,2.0,2.0,50.0,50.0,500.0,500.0,0.645,0.9,5e-08,0.5,1.0,3.9,11.7,3.9,0.5,0.025,0.0125,5e-11,5e-11,4.47e-09,5e-09,3.7e-16,3.45e-17,4.43e-17,2.89e-07,2.59e-19,2.63e-84,1.7e-09,1.3e-19,6.49e-09,0.305,0.292,8.36e-20,379000000.0,8.0,0.34,0.292,0.645,0.0,0.865,1e-14,3282459,0.0213,170.0,0.0213,3.96e-20,1.04,0.292,0.0,-27.6
4.0,2.0,5e-08,1e-08,2e-08,2.0,1.0,50.0,50.0,500.0,500.0,0.645,0.9,5e-08,0.5,1.0,3.9,11.7,3.9,0.5,0.025,0.0125,5e-11,5e-11,4.47e-09,5e-09,1.85e-16,1.73e-17,4.43e-17,1.59e-07,1.3e-19,2.63e-84,8.5e-10,6.48e-20,6.49e-09,0.305,0.292,4.18e-20,759000000.0,8.0,0.34,0.292,0.645,0.0,0.865,1e-14,3282380,0.0213,187.0,0.0213,3.96e-20,1.04,0.292,0.0,-27.6
4.0,2.0,5e-08,4e-08,2e-08,2.0,1.0,50.0,50.0,500.0,500.0,0.645,0.9,5e-08,0.5,1.0,3.9,11.7,3.9,0.5,0.025,0.0125,5e-11,5e-11,4.47e-09,5e-09,1.85e-16,1.73e-17,4.43e-17,1.59e-07,1.28e-19,2.63e-84,8.53e-10,6.38e-20,6.49e-09,0.305,0.292,4.12e-20,756000000.0,8.0,0.34,0.292,0.645,0.0,0.865,1.3e-14,3282374,0.0213,186.0,0.0213,3.96e-20,1.04,0.292,0.0,-27.6
4.0,2.0,5e-08,2e-08,2e-08,2.0,1.0,50.0,50.0,500.0,500.0,0.645,0.9,5e-08,0.5,1.0,3.9,11.7,3.9,0.5,0.025,0.0125,5e-11,5e-11,4.47e-09,5e-09,1.85e-16,1.73e-17,4.43e-17,1.59e-07,1.3e-19,2.63e-84,8.52e-10,6.52e-20,6.49e-09,0.305,0.292,4.21e-20,757000000.0,8.0,0.34,0.292,0.645,0.0,0.865,1.1e-14,3282432,0.0213,186.0,0.0213,3.96e-20,1.04,0.292,0.0,-27.6
4.0,2.0,5e-08,4e-08,2e-08,2.0,2.0,50.0,50.0,500.0,500.0,0.645,0.9,5e-08,0.5,1.0,3.9,11.7,3.9,0.5,0.025,0.0125,5e-11,5e-11,4.47e-09,5e-09,3.7e-16,3.45e-17,4.43e-17,2.89e-07,2.55e-19,2.63e-84,1.71e-09,1.28e-19,6.49e-09,0.305,0.292,8.23e-20,378000000.0,8.0,0.34,0.292,0.645,0.0,0.865,1.3e-14,3282434,0.0213,169.0,0.0213,3.96e-20,1.04,0.292,0.0,-27.6
